# Blender v3.0.0 OBJ File: 'GUNtut2.blend'
# www.blender.org
mtllib GUNtut2LowPoly.mtl
o Cube.067_Cube.072
v 0.072276 0.146405 0.610587
v 0.060936 0.044822 0.594795
v -0.072276 0.146405 0.610587
v -0.060936 0.044822 0.594795
v 0.072276 -0.014556 0.760733
v 0.060936 0.034791 0.593206
v -0.072276 -0.014556 0.760733
v 0.060936 0.025742 0.588595
v 0.072276 -0.015661 0.438290
v 0.072276 -0.101337 0.392071
v 0.060936 0.018561 0.581414
v -0.060936 0.034791 0.593206
v 0.072276 0.161222 0.521549
v 0.072276 0.068609 0.499297
v 0.060936 0.013951 0.572365
v -0.060936 0.025742 0.588595
v 0.060936 0.012362 0.562335
v -0.072276 -0.015661 0.438290
v 0.072276 -0.101563 0.331561
v 0.072276 0.070083 -0.116953
v 0.060936 0.013951 0.552304
v 0.072276 0.018392 -0.135175
v 0.072276 0.019339 0.373281
v 0.060936 0.018561 0.543256
v -0.072276 -0.101337 0.392071
v -0.060936 0.018561 0.581414
v 0.060936 0.025742 0.536074
v -0.072276 0.161222 0.521549
v -0.072276 0.068609 0.499297
v 0.060936 0.034791 0.531464
v 0.000000 -0.015661 0.438290
v 0.000000 0.146405 0.610587
v 0.060936 0.044822 0.529875
v 0.000000 0.161222 0.521549
v 0.000000 0.070083 -0.116953
v 0.060936 0.054852 0.531464
v 0.000000 0.019339 0.373281
v 0.000000 -0.014556 0.760733
v 0.060936 0.063901 0.536074
v 0.000000 -0.101337 0.392071
v 0.000000 0.068609 0.499297
v 0.060936 0.071082 0.543256
v 0.000000 -0.101563 0.331561
v 0.060936 0.075693 0.552304
v 0.000000 0.018392 -0.135175
v 0.060936 0.077281 0.562335
v 0.060936 0.075693 0.572366
v 0.060936 0.071082 0.581414
v 0.060936 0.063901 0.588595
v 0.060936 0.054852 0.593206
v 0.046751 0.037782 0.584001
v 0.046751 0.031431 0.580765
v 0.046751 0.026391 0.575725
v 0.046751 0.023156 0.569375
v 0.046751 0.023156 0.555295
v 0.046751 0.026391 0.548944
v 0.046751 0.031431 0.543905
v 0.046751 0.037782 0.540669
v 0.046751 0.051862 0.540669
v 0.046751 0.058212 0.543905
v 0.046751 0.063252 0.548944
v 0.046751 0.066488 0.555295
v 0.046751 0.066488 0.569375
v 0.046751 0.063252 0.575725
v 0.046751 0.058212 0.580765
v 0.046751 0.051862 0.584001
v 0.046751 0.040108 0.576841
v 0.046751 0.030315 0.567048
v 0.046751 0.030315 0.557621
v 0.046751 0.040108 0.547828
v 0.046751 0.049535 0.547828
v 0.046751 0.059328 0.557621
v 0.046751 0.059328 0.567048
v 0.046751 0.049535 0.576841
v 0.057852 0.044822 0.577588
v 0.057852 0.040108 0.576841
v 0.057852 0.035856 0.574675
v 0.057852 0.032482 0.571300
v 0.057852 0.030315 0.567048
v 0.057852 0.029569 0.562335
v 0.057852 0.030315 0.557621
v 0.057852 0.032482 0.553369
v 0.057852 0.035856 0.549995
v 0.057852 0.040108 0.547828
v 0.057852 0.044822 0.547082
v 0.057852 0.049535 0.547828
v 0.057852 0.053787 0.549995
v 0.057852 0.057162 0.553369
v 0.057852 0.059328 0.557621
v 0.057852 0.060075 0.562335
v 0.057852 0.059328 0.567048
v 0.057852 0.057162 0.571300
v 0.057852 0.053787 0.574675
v 0.057852 0.049535 0.576841
v 0.054240 0.047513 0.589799
v 0.046751 0.047513 0.584690
v 0.046751 0.047513 0.577162
v 0.054240 0.047513 0.577162
v 0.054240 0.062398 0.583717
v 0.046751 0.058829 0.580148
v 0.054240 0.053501 0.574821
v 0.046751 0.053501 0.574821
v 0.046751 0.054934 0.576254
v 0.054240 0.066204 0.579911
v 0.054240 0.053787 0.574675
v 0.054240 0.057162 0.571300
v 0.054240 0.057307 0.571014
v 0.046751 0.062635 0.576342
v 0.046751 0.058741 0.572448
v 0.046751 0.057307 0.571014
v 0.046751 0.067177 0.565026
v 0.054240 0.059648 0.565026
v 0.054240 0.072286 0.565026
v 0.046751 0.059648 0.565026
v 0.054240 0.060075 0.562335
v 0.054240 0.059648 0.559644
v 0.054240 0.072286 0.559644
v 0.054240 0.072713 0.562335
v 0.054240 0.057162 0.553369
v 0.054240 0.053501 0.549849
v 0.054240 0.053787 0.549995
v 0.054240 0.062398 0.540953
v 0.054240 0.057307 0.553655
v 0.046751 0.062635 0.548328
v 0.054240 0.066204 0.544759
v 0.046751 0.058741 0.552222
v 0.046751 0.057307 0.553655
v 0.046751 0.067177 0.559644
v 0.046751 0.059648 0.559644
v 0.046751 0.054934 0.548416
v 0.046751 0.053501 0.549849
v 0.046751 0.058829 0.544521
v 0.046751 0.047513 0.547508
v 0.046751 0.047513 0.539980
v 0.054240 0.047513 0.547508
v 0.054240 0.047513 0.534870
v 0.046751 0.042130 0.539980
v 0.054240 0.042130 0.534870
v 0.046751 0.042130 0.547508
v 0.054240 0.042130 0.547508
v 0.054240 0.044822 0.534444
v 0.054240 0.044822 0.547082
v 0.054240 0.042130 0.589799
v 0.054240 0.042130 0.577162
v 0.054240 0.044822 0.590226
v 0.054240 0.044822 0.577588
v 0.046751 0.042130 0.577162
v 0.046751 0.042130 0.584690
v 0.054240 0.027246 0.583717
v 0.046751 0.030814 0.580148
v 0.046751 0.034709 0.576254
v 0.046751 0.036142 0.574821
v 0.054240 0.036142 0.574821
v 0.054240 0.035856 0.574675
v 0.054240 0.032482 0.571300
v 0.046751 0.034709 0.548416
v 0.046751 0.036142 0.549849
v 0.054240 0.027246 0.540953
v 0.046751 0.030814 0.544521
v 0.054240 0.036142 0.549849
v 0.054240 0.023440 0.579911
v 0.054240 0.032336 0.571014
v 0.046751 0.027008 0.576342
v 0.046751 0.030903 0.572448
v 0.046751 0.032336 0.571014
v 0.046751 0.029995 0.559644
v 0.054240 0.017357 0.559644
v 0.046751 0.022467 0.559644
v 0.054240 0.029995 0.559644
v 0.046751 0.032336 0.553655
v 0.054240 0.032336 0.553655
v 0.046751 0.027008 0.548328
v 0.046751 0.030903 0.552222
v 0.054240 0.023440 0.544759
v 0.054240 0.032482 0.553369
v 0.054240 0.035856 0.549995
v 0.054240 0.017357 0.565026
v 0.046751 0.022467 0.565026
v 0.046751 0.029995 0.565026
v 0.054240 0.029995 0.565026
v 0.054240 0.016931 0.562335
v 0.054240 0.029569 0.562335
v 0.072276 0.044822 0.594795
v 0.072276 0.025742 0.588595
v 0.072276 0.034791 0.593206
v 0.072276 0.054852 0.593206
v 0.072276 0.013951 0.572365
v 0.072276 0.075693 0.572366
v 0.072276 0.074033 0.575623
v 0.072276 0.018561 0.581414
v 0.072276 0.071082 0.581414
v 0.072276 0.063901 0.588595
v 0.072276 0.018561 0.543256
v 0.072276 0.013951 0.552304
v 0.072276 0.075693 0.552304
v 0.072276 0.063901 0.536074
v 0.072276 0.044822 0.529875
v 0.072276 0.034791 0.531464
v 0.072276 0.054852 0.531464
v 0.072276 0.025742 0.536074
v 0.072276 0.012362 0.562335
v 0.072276 0.071082 0.543256
v 0.072276 0.077281 0.562335
v -0.060936 0.013951 0.572365
v -0.060936 0.012362 0.562335
v -0.072276 -0.101563 0.331561
v -0.072276 0.070083 -0.116953
v -0.060936 0.013951 0.552304
v -0.072276 0.018392 -0.135175
v -0.072276 0.019339 0.373281
v -0.060936 0.018561 0.543256
v -0.060936 0.025742 0.536074
v -0.060936 0.034791 0.531464
v -0.060936 0.044822 0.529875
v -0.060936 0.054852 0.531464
v -0.060936 0.063901 0.536074
v -0.060936 0.071082 0.543256
v -0.060936 0.075693 0.552304
v -0.060936 0.077281 0.562335
v -0.060936 0.075693 0.572366
v -0.060936 0.071082 0.581414
v -0.060936 0.063901 0.588595
v -0.060936 0.054852 0.593206
v -0.046751 0.037782 0.584001
v -0.046751 0.031431 0.580765
v -0.046751 0.026391 0.575725
v -0.046751 0.023156 0.569375
v -0.046751 0.023156 0.555295
v -0.046751 0.026391 0.548944
v -0.046751 0.031431 0.543905
v -0.046751 0.037782 0.540669
v -0.046751 0.051862 0.540669
v -0.046751 0.058212 0.543905
v -0.046751 0.063252 0.548944
v -0.046751 0.066488 0.555295
v -0.046751 0.066488 0.569375
v -0.046751 0.063252 0.575725
v -0.046751 0.058212 0.580765
v -0.046751 0.051862 0.584001
v -0.046751 0.040108 0.576841
v -0.046751 0.030315 0.567048
v -0.046751 0.030315 0.557621
v -0.046751 0.040108 0.547828
v -0.046751 0.049535 0.547828
v -0.046751 0.059328 0.557621
v -0.046751 0.059328 0.567048
v -0.046751 0.049535 0.576841
v -0.057852 0.044822 0.577588
v -0.057852 0.040108 0.576841
v -0.057852 0.035856 0.574675
v -0.057852 0.032482 0.571300
v -0.057852 0.030315 0.567048
v -0.057852 0.029569 0.562335
v -0.057852 0.030315 0.557621
v -0.057852 0.032482 0.553369
v -0.057852 0.035856 0.549995
v -0.057852 0.040108 0.547828
v -0.057852 0.044822 0.547082
v -0.057852 0.049535 0.547828
v -0.057852 0.053787 0.549995
v -0.057852 0.057162 0.553369
v -0.057852 0.059328 0.557621
v -0.057852 0.060075 0.562335
v -0.057852 0.059328 0.567048
v -0.057852 0.057162 0.571300
v -0.057852 0.053787 0.574675
v -0.057852 0.049535 0.576841
v -0.054240 0.047513 0.589799
v -0.046751 0.047513 0.584690
v -0.046751 0.047513 0.577162
v -0.054240 0.047513 0.577162
v -0.054240 0.062398 0.583717
v -0.046751 0.058829 0.580148
v -0.054240 0.053501 0.574821
v -0.046751 0.053501 0.574821
v -0.046751 0.054934 0.576254
v -0.054240 0.066204 0.579911
v -0.054240 0.053787 0.574675
v -0.054240 0.057162 0.571300
v -0.054240 0.057307 0.571014
v -0.046751 0.062635 0.576342
v -0.046751 0.058741 0.572448
v -0.046751 0.057307 0.571014
v -0.046751 0.067177 0.565026
v -0.054240 0.059648 0.565026
v -0.054240 0.072286 0.565026
v -0.046751 0.059648 0.565026
v -0.054240 0.060075 0.562335
v -0.054240 0.059648 0.559644
v -0.054240 0.072286 0.559644
v -0.054240 0.072713 0.562335
v -0.054240 0.057162 0.553369
v -0.054240 0.053501 0.549849
v -0.054240 0.053787 0.549995
v -0.054240 0.062398 0.540953
v -0.054240 0.057307 0.553655
v -0.046751 0.062635 0.548328
v -0.054240 0.066204 0.544759
v -0.046751 0.058741 0.552222
v -0.046751 0.057307 0.553655
v -0.046751 0.067177 0.559644
v -0.046751 0.059648 0.559644
v -0.046751 0.054934 0.548416
v -0.046751 0.053501 0.549849
v -0.046751 0.058829 0.544521
v -0.046751 0.047513 0.547508
v -0.046751 0.047513 0.539980
v -0.054240 0.047513 0.547508
v -0.054240 0.047513 0.534870
v -0.046751 0.042130 0.539980
v -0.054240 0.042130 0.534870
v -0.046751 0.042130 0.547508
v -0.054240 0.042130 0.547508
v -0.054240 0.044822 0.534444
v -0.054240 0.044822 0.547082
v -0.054240 0.042130 0.589799
v -0.054240 0.042130 0.577162
v -0.054240 0.044822 0.590226
v -0.054240 0.044822 0.577588
v -0.046751 0.042130 0.577162
v -0.046751 0.042130 0.584690
v -0.054240 0.027246 0.583717
v -0.046751 0.030814 0.580148
v -0.046751 0.034709 0.576254
v -0.046751 0.036142 0.574821
v -0.054240 0.036142 0.574821
v -0.054240 0.035856 0.574675
v -0.054240 0.032482 0.571300
v -0.046751 0.034709 0.548416
v -0.046751 0.036142 0.549849
v -0.054240 0.027246 0.540953
v -0.046751 0.030814 0.544521
v -0.054240 0.036142 0.549849
v -0.054240 0.023440 0.579911
v -0.054240 0.032336 0.571014
v -0.046751 0.027008 0.576342
v -0.046751 0.030903 0.572448
v -0.046751 0.032336 0.571014
v -0.046751 0.029995 0.559644
v -0.054240 0.017357 0.559644
v -0.046751 0.022467 0.559644
v -0.054240 0.029995 0.559644
v -0.046751 0.032336 0.553655
v -0.054240 0.032336 0.553655
v -0.046751 0.027008 0.548328
v -0.046751 0.030903 0.552222
v -0.054240 0.023440 0.544759
v -0.054240 0.032482 0.553369
v -0.054240 0.035856 0.549995
v -0.054240 0.017357 0.565026
v -0.046751 0.022467 0.565026
v -0.046751 0.029995 0.565026
v -0.054240 0.029995 0.565026
v -0.054240 0.016931 0.562335
v -0.054240 0.029569 0.562335
v -0.072276 0.044822 0.594795
v -0.072276 0.025742 0.588595
v -0.072276 0.034791 0.593206
v -0.072276 0.054852 0.593206
v -0.072276 0.013951 0.572365
v -0.072276 0.075693 0.572366
v -0.072276 0.074033 0.575623
v -0.072276 0.018561 0.581414
v -0.072276 0.071082 0.581414
v -0.072276 0.063901 0.588595
v -0.072276 0.018561 0.543256
v -0.072276 0.013951 0.552304
v -0.072276 0.075693 0.552304
v -0.072276 0.063901 0.536074
v -0.072276 0.044822 0.529875
v -0.072276 0.034791 0.531464
v -0.072276 0.054852 0.531464
v -0.072276 0.025742 0.536074
v -0.072276 0.012362 0.562335
v -0.072276 0.071082 0.543256
v -0.072276 0.077281 0.562335
vt 0.539222 0.262091
vt 0.556413 0.210974
vt 0.558215 0.213376
vt 0.592624 0.224858
vt 0.573518 0.210712
vt 0.574402 0.207842
vt 0.480815 0.842172
vt 0.498711 0.820797
vt 0.498711 0.842172
vt 0.962262 0.202606
vt 0.990055 0.181231
vt 0.990055 0.202606
vt 0.860260 0.129271
vt 0.838885 0.178639
vt 0.838885 0.129271
vt 0.993703 0.709748
vt 0.967767 0.688372
vt 0.993703 0.688372
vt 0.673393 0.980613
vt 0.709945 0.959238
vt 0.709945 0.980613
vt 0.993703 0.666997
vt 0.574402 0.318664
vt 0.573518 0.315794
vt 0.592624 0.301648
vt 0.976277 0.405319
vt 0.991912 0.426694
vt 0.976277 0.426694
vt 0.773691 0.001162
vt 0.752316 0.182362
vt 0.752316 0.001162
vt 0.558215 0.313130
vt 0.556413 0.315532
vt 0.539222 0.264415
vt 0.860260 0.178639
vt 0.838885 0.205294
vt 0.480815 0.799421
vt 0.498711 0.799421
vt 0.673393 0.937862
vt 0.709945 0.937862
vt 0.434382 0.692865
vt 0.455757 0.843241
vt 0.434382 0.843241
vt 0.991912 0.383943
vt 0.976277 0.383943
vt 0.795067 0.182362
vt 0.795067 0.001162
vt 0.962262 0.159855
vt 0.990055 0.159855
vt 0.881636 0.178639
vt 0.881636 0.129271
vt 0.881636 0.205294
vt 0.477133 0.692865
vt 0.477133 0.843241
vt 0.694769 0.840176
vt 0.673393 0.935538
vt 0.673393 0.840176
vt 0.855801 0.807068
vt 0.852447 0.804075
vt 0.855801 0.804075
vt 0.852447 0.801308
vt 0.855801 0.801308
vt 0.852447 0.799037
vt 0.855801 0.799037
vt 0.836897 0.799037
vt 0.840250 0.801547
vt 0.836897 0.801547
vt 0.840250 0.804444
vt 0.836897 0.804444
vt 0.840250 0.807444
vt 0.836897 0.807444
vt 0.840250 0.810254
vt 0.836897 0.810254
vt 0.840250 0.812598
vt 0.836897 0.812598
vt 0.866515 0.801648
vt 0.869869 0.799037
vt 0.869869 0.801648
vt 0.869869 0.804590
vt 0.866515 0.804590
vt 0.869869 0.807575
vt 0.866515 0.807575
vt 0.869869 0.810310
vt 0.866515 0.810310
vt 0.869869 0.812529
vt 0.866515 0.812529
vt 0.902398 0.436707
vt 0.899044 0.434030
vt 0.902398 0.434030
vt 0.899044 0.431063
vt 0.902398 0.431063
vt 0.899044 0.428097
vt 0.902398 0.428097
vt 0.899044 0.427133
vt 0.902398 0.425421
vt 0.899044 0.423299
vt 0.902398 0.423299
vt 0.859996 0.804761
vt 0.859996 0.806059
vt 0.857781 0.806167
vt 0.855801 0.812564
vt 0.852447 0.809993
vt 0.855801 0.809993
vt 0.852447 0.807068
vt 0.116734 0.840751
vt 0.119086 0.841212
vt 0.117013 0.842022
vt 0.864535 0.809932
vt 0.904378 0.424742
vt 0.904378 0.425867
vt 0.832702 0.806864
vt 0.832702 0.805563
vt 0.834916 0.805397
vt 0.862320 0.806815
vt 0.862320 0.805521
vt 0.864535 0.805452
vt 0.906593 0.428983
vt 0.906593 0.430269
vt 0.904378 0.430268
vt 0.832702 0.800963
vt 0.862320 0.802656
vt 0.866515 0.799037
vt 0.906593 0.433147
vt 0.859996 0.810719
vt 0.859996 0.802819
vt 0.906593 0.427106
vt 0.834916 0.803815
vt 0.832702 0.803981
vt 0.832702 0.802725
vt 0.864535 0.803862
vt 0.862320 0.803931
vt 0.904378 0.431860
vt 0.906593 0.431861
vt 0.857781 0.807755
vt 0.859996 0.807647
vt 0.859996 0.808915
vt 0.857781 0.801647
vt 0.834916 0.809970
vt 0.118957 0.827959
vt 0.119086 0.829269
vt 0.118537 0.829509
vt 0.060885 0.839412
vt 0.061434 0.839652
vt 0.061305 0.840962
vt 0.118537 0.839070
vt 0.119086 0.839310
vt 0.118957 0.840620
vt 0.832903 0.205162
vt 0.834498 0.204745
vt 0.833006 0.205398
vt 0.116941 0.812137
vt 0.118537 0.811720
vt 0.117045 0.812373
vt 0.823343 0.204126
vt 0.825695 0.204587
vt 0.823622 0.205398
vt 0.834918 0.203194
vt 0.835048 0.204504
vt 0.118957 0.810169
vt 0.119086 0.811479
vt 0.825146 0.202445
vt 0.825695 0.202686
vt 0.825566 0.203996
vt 0.116941 0.823997
vt 0.118537 0.823580
vt 0.117045 0.824233
vt 0.811538 0.203996
vt 0.809593 0.205398
vt 0.809315 0.204126
vt 0.118957 0.822029
vt 0.119086 0.823339
vt 0.811118 0.202445
vt 0.811667 0.202686
vt 0.116941 0.829926
vt 0.117045 0.830163
vt 0.059082 0.841092
vt 0.061434 0.841554
vt 0.059361 0.842364
vt 0.886758 0.314985
vt 0.885415 0.323459
vt 0.880690 0.321052
vt 0.122048 0.983013
vt 0.123116 0.982415
vt 0.125331 0.983013
vt 0.524287 0.758430
vt 0.526502 0.758430
vt 0.526502 0.759530
vt 0.497078 0.863631
vt 0.498146 0.863030
vt 0.500361 0.863631
vt 0.523219 0.762301
vt 0.524287 0.761696
vt 0.526502 0.762301
vt 0.524287 0.781273
vt 0.526502 0.781273
vt 0.526502 0.782400
vt 0.523219 0.785181
vt 0.524287 0.784577
vt 0.526502 0.785181
vt 0.123116 0.979052
vt 0.125331 0.979052
vt 0.125331 0.980225
vt 0.498146 0.859702
vt 0.500361 0.859702
vt 0.500361 0.860846
vt 0.125331 0.980823
vt 0.123116 0.980823
vt 0.060738 0.736698
vt 0.059942 0.736824
vt 0.059942 0.733086
vt 0.523219 0.764723
vt 0.524287 0.763621
vt 0.524287 0.764723
vt 0.719962 0.426416
vt 0.722176 0.424189
vt 0.722176 0.427927
vt 0.060738 0.767636
vt 0.059942 0.767762
vt 0.059942 0.764024
vt 0.526502 0.757962
vt 0.526502 0.756690
vt 0.719962 0.448428
vt 0.722176 0.450652
vt 0.719962 0.452162
vt 0.809522 0.202028
vt 0.809626 0.201792
vt 0.823551 0.202028
vt 0.823654 0.201792
vt 0.060033 0.812572
vt 0.061444 0.812572
vt 0.061534 0.816263
vt 0.500361 0.864830
vt 0.498146 0.864830
vt 0.061444 0.792055
vt 0.060033 0.792055
vt 0.059942 0.788363
vt 0.497078 0.865959
vt 0.498146 0.864917
vt 0.498146 0.865959
vt 0.722176 0.476375
vt 0.719962 0.474154
vt 0.722176 0.472647
vt 0.526502 0.760114
vt 0.524287 0.760114
vt 0.117013 0.820627
vt 0.119086 0.821438
vt 0.061297 0.873056
vt 0.059082 0.872633
vt 0.059082 0.871482
vt 0.060738 0.749073
vt 0.059942 0.749199
vt 0.059942 0.745461
vt 0.722176 0.421866
vt 0.719962 0.419639
vt 0.722176 0.418128
vt 0.060033 0.782347
vt 0.061444 0.782347
vt 0.061534 0.786039
vt 0.059290 0.838995
vt 0.059393 0.838758
vt 0.119086 0.809578
vt 0.116734 0.810039
vt 0.117013 0.808767
vt 0.379700 0.853438
vt 0.377485 0.852984
vt 0.377485 0.851753
vt 0.500361 0.861439
vt 0.498146 0.861439
vt 0.116941 0.838653
vt 0.117045 0.838416
vt 0.122048 0.985268
vt 0.123116 0.984270
vt 0.123116 0.985268
vt 0.835048 0.202603
vt 0.832695 0.203064
vt 0.832974 0.201792
vt 0.526502 0.780820
vt 0.500361 0.859259
vt 0.500361 0.858056
vt 0.722176 0.468102
vt 0.719962 0.470323
vt 0.719962 0.466595
vt 0.719962 0.438537
vt 0.722176 0.436313
vt 0.722176 0.440046
vt 0.125331 0.984186
vt 0.123116 0.984186
vt 0.526502 0.786393
vt 0.524287 0.786393
vt 0.059082 0.861385
vt 0.061297 0.860282
vt 0.061297 0.863031
vt 0.061534 0.757836
vt 0.061534 0.761574
vt 0.060738 0.761448
vt 0.060033 0.794437
vt 0.061444 0.794437
vt 0.061534 0.798129
vt 0.119086 0.827367
vt 0.116734 0.827829
vt 0.117013 0.826557
vt 0.526502 0.763532
vt 0.524287 0.763532
vt 0.719962 0.493003
vt 0.722176 0.490790
vt 0.722176 0.494505
vt 0.125331 0.978628
vt 0.125331 0.977477
vt 0.061297 0.847593
vt 0.059082 0.847125
vt 0.059082 0.845853
vt 0.372357 0.773454
vt 0.370143 0.771241
vt 0.372357 0.769739
vt 0.526502 0.782989
vt 0.524287 0.782989
vt 0.523219 0.787548
vt 0.524287 0.786481
vt 0.524287 0.787548
vt 0.716144 0.935538
vt 0.716144 0.840176
vt 0.850123 0.804075
vt 0.846769 0.807068
vt 0.846769 0.804075
vt 0.850123 0.801308
vt 0.846769 0.801308
vt 0.850123 0.799037
vt 0.846769 0.799037
vt 0.174538 0.813144
vt 0.177892 0.810634
vt 0.177892 0.813144
vt 0.174538 0.816041
vt 0.177892 0.816041
vt 0.174538 0.819041
vt 0.177892 0.819041
vt 0.174538 0.821851
vt 0.177892 0.821851
vt 0.174538 0.824196
vt 0.177892 0.824196
vt 0.883494 0.434180
vt 0.886847 0.436791
vt 0.883494 0.436791
vt 0.886847 0.431238
vt 0.883494 0.431238
vt 0.886847 0.428253
vt 0.883494 0.428253
vt 0.886847 0.425518
vt 0.883494 0.425518
vt 0.886847 0.423299
vt 0.883494 0.423299
vt 0.896720 0.434030
vt 0.893366 0.436707
vt 0.893366 0.434030
vt 0.896720 0.431063
vt 0.893366 0.431063
vt 0.896720 0.428097
vt 0.893366 0.428097
vt 0.896720 0.427133
vt 0.896720 0.423299
vt 0.893366 0.425421
vt 0.893366 0.423299
vt 0.844789 0.806167
vt 0.842574 0.804761
vt 0.850123 0.809993
vt 0.846769 0.812564
vt 0.846769 0.809993
vt 0.377348 0.839927
vt 0.379700 0.839466
vt 0.379570 0.840058
vt 0.881513 0.425896
vt 0.881513 0.424720
vt 0.891386 0.424742
vt 0.179872 0.816995
vt 0.182087 0.818461
vt 0.881513 0.430376
vt 0.879299 0.429013
vt 0.891386 0.430268
vt 0.889171 0.428983
vt 0.182087 0.812561
vt 0.182087 0.814323
vt 0.879299 0.433172
vt 0.889171 0.433147
vt 0.842574 0.810719
vt 0.842574 0.808915
vt 0.842574 0.802819
vt 0.182087 0.820433
vt 0.879299 0.427093
vt 0.889171 0.427106
vt 0.179872 0.815412
vt 0.179872 0.816190
vt 0.881513 0.431966
vt 0.881513 0.431176
vt 0.891386 0.431860
vt 0.891386 0.431064
vt 0.844789 0.807755
vt 0.844789 0.806970
vt 0.844789 0.801647
vt 0.844789 0.800444
vt 0.179872 0.821568
vt 0.179872 0.822810
vt 0.815794 0.202445
vt 0.816214 0.203996
vt 0.813991 0.204126
vt 0.118957 0.845749
vt 0.119086 0.847059
vt 0.118537 0.847299
vt 0.379700 0.841368
vt 0.379151 0.841608
vt 0.828227 0.202028
vt 0.828330 0.201792
vt 0.829822 0.202445
vt 0.116941 0.814933
vt 0.117045 0.814697
vt 0.118537 0.815350
vt 0.116734 0.833759
vt 0.119086 0.833297
vt 0.118957 0.833889
vt 0.830242 0.203996
vt 0.828019 0.204126
vt 0.118957 0.816901
vt 0.116734 0.817031
vt 0.119086 0.835199
vt 0.118537 0.835439
vt 0.818874 0.202028
vt 0.818978 0.201792
vt 0.820470 0.202445
vt 0.804917 0.201792
vt 0.806861 0.203194
vt 0.804639 0.203064
vt 0.820890 0.203996
vt 0.818667 0.204126
vt 0.806991 0.204504
vt 0.806442 0.204745
vt 0.814198 0.202028
vt 0.814302 0.201792
vt 0.116734 0.845618
vt 0.119086 0.845157
vt 0.893897 0.314985
vt 0.899134 0.315814
vt 0.895239 0.323460
vt 0.130938 0.983013
vt 0.129870 0.982415
vt 0.130938 0.981619
vt 0.525434 0.746908
vt 0.525434 0.746829
vt 0.526502 0.746829
vt 0.875476 0.805715
vt 0.874407 0.805113
vt 0.875476 0.804312
vt 0.526502 0.750779
vt 0.525434 0.750175
vt 0.526502 0.749370
vt 0.525434 0.769860
vt 0.525434 0.769779
vt 0.526502 0.769779
vt 0.526502 0.773768
vt 0.525434 0.773165
vt 0.526502 0.772362
vt 0.129870 0.979052
vt 0.129870 0.978967
vt 0.130938 0.978967
vt 0.874407 0.801785
vt 0.874407 0.801702
vt 0.875476 0.801702
vt 0.129870 0.980823
vt 0.127655 0.980225
vt 0.130938 0.980225
vt 0.060738 0.730510
vt 0.059942 0.730636
vt 0.059942 0.726898
vt 0.525434 0.752100
vt 0.526502 0.753201
vt 0.525434 0.753201
vt 0.722176 0.433989
vt 0.719962 0.431762
vt 0.722176 0.430251
vt 0.060738 0.773823
vt 0.059942 0.773949
vt 0.059942 0.770212
vt 0.523219 0.745169
vt 0.523219 0.746440
vt 0.719962 0.458219
vt 0.722176 0.455995
vt 0.722176 0.458219
vt 0.804950 0.205398
vt 0.804846 0.205162
vt 0.117045 0.836093
vt 0.116941 0.835856
vt 0.061534 0.806498
vt 0.061444 0.810189
vt 0.060033 0.810189
vt 0.874407 0.806914
vt 0.872193 0.805715
vt 0.059942 0.779994
vt 0.060033 0.776303
vt 0.061444 0.776303
vt 0.874407 0.807000
vt 0.875476 0.808043
vt 0.874407 0.808043
vt 0.722176 0.460543
vt 0.719962 0.462764
vt 0.719962 0.460543
vt 0.525434 0.748592
vt 0.523219 0.748008
vt 0.526502 0.748008
vt 0.818946 0.205398
vt 0.821019 0.204587
vt 0.059082 0.876955
vt 0.059082 0.875804
vt 0.061297 0.875380
vt 0.060738 0.742885
vt 0.059942 0.743011
vt 0.059942 0.739273
vt 0.719962 0.415804
vt 0.722176 0.413577
vt 0.722176 0.415804
vt 0.061444 0.822279
vt 0.060033 0.822279
vt 0.059942 0.818587
vt 0.117045 0.847952
vt 0.116941 0.847716
vt 0.119086 0.817492
vt 0.059082 0.855598
vt 0.059082 0.855145
vt 0.061297 0.855145
vt 0.874407 0.803523
vt 0.872193 0.802929
vt 0.875476 0.802929
vt 0.377659 0.842261
vt 0.377555 0.842025
vt 0.129870 0.984270
vt 0.130938 0.985268
vt 0.129870 0.985268
vt 0.830371 0.204587
vt 0.523219 0.769860
vt 0.523219 0.769407
vt 0.872193 0.801342
vt 0.872193 0.800139
vt 0.719962 0.478699
vt 0.722176 0.480920
vt 0.719962 0.482427
vt 0.722176 0.446104
vt 0.719962 0.443880
vt 0.722176 0.442370
vt 0.129870 0.984186
vt 0.127655 0.983013
vt 0.525434 0.774981
vt 0.523219 0.773768
vt 0.061297 0.865355
vt 0.059082 0.867001
vt 0.059082 0.865797
vt 0.061534 0.751649
vt 0.061534 0.755386
vt 0.060738 0.755260
vt 0.061444 0.804144
vt 0.060033 0.804144
vt 0.059942 0.800453
vt 0.816343 0.204587
vt 0.525434 0.752011
vt 0.523219 0.750779
vt 0.722176 0.488466
vt 0.719962 0.486253
vt 0.722176 0.484751
vt 0.127655 0.977477
vt 0.127655 0.978628
vt 0.061297 0.851082
vt 0.061297 0.852353
vt 0.059082 0.852821
vt 0.377485 0.848300
vt 0.379700 0.846087
vt 0.379700 0.848300
vt 0.525434 0.771577
vt 0.523219 0.770987
vt 0.526502 0.770987
vt 0.525434 0.775068
vt 0.526502 0.776135
vt 0.525434 0.776135
vt 0.571790 0.213169
vt 0.572896 0.211596
vt 0.552374 0.167639
vt 0.563252 0.197027
vt 0.560410 0.197999
vt 0.558007 0.199802
vt 0.569387 0.214971
vt 0.566545 0.215943
vt 0.556279 0.202258
vt 0.555395 0.205129
vt 0.563542 0.215989
vt 0.555441 0.208132
vt 0.560672 0.215104
vt 0.566255 0.196981
vt 0.574498 0.189023
vt 0.529222 0.150526
vt 0.565339 0.150068
vt 0.531684 0.132801
vt 0.586310 0.001162
vt 0.600683 0.008657
vt 0.569126 0.197866
vt 0.571582 0.199594
vt 0.573385 0.201996
vt 0.600683 0.199408
vt 0.574356 0.204838
vt 0.480815 0.820797
vt 0.962262 0.181231
vt 0.967767 0.709748
vt 0.673393 0.959238
vt 0.967767 0.666997
vt 0.552374 0.358867
vt 0.563252 0.329479
vt 0.574498 0.337483
vt 0.566255 0.329525
vt 0.569126 0.328640
vt 0.531684 0.393705
vt 0.529222 0.375979
vt 0.565339 0.376437
vt 0.600683 0.517849
vt 0.586310 0.525344
vt 0.571582 0.326912
vt 0.573385 0.324510
vt 0.574356 0.321668
vt 0.600683 0.327098
vt 0.572896 0.314910
vt 0.991912 0.405319
vt 0.773691 0.182362
vt 0.560410 0.328507
vt 0.566545 0.310563
vt 0.571790 0.313337
vt 0.569387 0.311535
vt 0.558007 0.326705
vt 0.556279 0.324248
vt 0.555395 0.321377
vt 0.555441 0.318374
vt 0.563542 0.310517
vt 0.560672 0.311402
vt 0.860260 0.205294
vt 0.455757 0.692865
vt 0.694769 0.935538
vt 0.840250 0.799037
vt 0.899044 0.436707
vt 0.899044 0.425421
vt 0.857781 0.806970
vt 0.852447 0.812564
vt 0.862320 0.810292
vt 0.864535 0.811108
vt 0.862320 0.810102
vt 0.862320 0.808926
vt 0.862320 0.808735
vt 0.906593 0.425616
vt 0.906593 0.425798
vt 0.906593 0.426923
vt 0.834916 0.804592
vt 0.864535 0.804651
vt 0.904378 0.431064
vt 0.862320 0.800823
vt 0.906593 0.435026
vt 0.832702 0.808836
vt 0.859996 0.801225
vt 0.857781 0.800444
vt 0.859996 0.801420
vt 0.859996 0.802624
vt 0.832702 0.810481
vt 0.834916 0.811213
vt 0.832702 0.810280
vt 0.832702 0.809037
vt 0.811667 0.204587
vt 0.116734 0.821899
vt 0.880254 0.319710
vt 0.881520 0.315814
vt 0.880254 0.318298
vt 0.880690 0.316956
vt 0.882662 0.314985
vt 0.884004 0.314548
vt 0.885415 0.314548
vt 0.887899 0.315814
vt 0.888729 0.316956
vt 0.889165 0.318298
vt 0.889165 0.319710
vt 0.888729 0.321052
vt 0.887899 0.322194
vt 0.886758 0.323023
vt 0.884004 0.323459
vt 0.882662 0.323023
vt 0.881520 0.322194
vt 0.122048 0.981619
vt 0.123116 0.981619
vt 0.125331 0.982415
vt 0.523219 0.759530
vt 0.523219 0.758350
vt 0.524287 0.758350
vt 0.497078 0.862229
vt 0.498146 0.862229
vt 0.500361 0.863030
vt 0.523219 0.760891
vt 0.524287 0.760891
vt 0.526502 0.761696
vt 0.523219 0.782400
vt 0.523219 0.781192
vt 0.524287 0.781192
vt 0.523219 0.783774
vt 0.524287 0.783774
vt 0.526502 0.784577
vt 0.122048 0.980225
vt 0.122048 0.978967
vt 0.123116 0.978967
vt 0.497078 0.860846
vt 0.497078 0.859619
vt 0.498146 0.859619
vt 0.060738 0.732960
vt 0.061534 0.733086
vt 0.061534 0.736824
vt 0.523219 0.763621
vt 0.719962 0.424189
vt 0.060738 0.763898
vt 0.061534 0.764024
vt 0.061534 0.767762
vt 0.524287 0.755525
vt 0.722176 0.448428
vt 0.059942 0.816263
vt 0.059942 0.812543
vt 0.061534 0.812543
vt 0.497078 0.864917
vt 0.061534 0.788363
vt 0.061534 0.792084
vt 0.059942 0.792084
vt 0.719962 0.476375
vt 0.061297 0.870427
vt 0.059082 0.873056
vt 0.060738 0.745335
vt 0.061534 0.745461
vt 0.061534 0.749199
vt 0.719962 0.421866
vt 0.061534 0.782318
vt 0.059942 0.786039
vt 0.059942 0.782318
vt 0.379700 0.850624
vt 0.377485 0.853438
vt 0.122048 0.984270
vt 0.524287 0.778459
vt 0.526502 0.779588
vt 0.498146 0.856953
vt 0.722176 0.470323
vt 0.719962 0.436313
vt 0.523219 0.786481
vt 0.059082 0.863031
vt 0.059082 0.862588
vt 0.059942 0.761574
vt 0.059942 0.757836
vt 0.060738 0.757710
vt 0.061534 0.794408
vt 0.059942 0.798129
vt 0.059942 0.794408
vt 0.719962 0.490790
vt 0.123116 0.976423
vt 0.061297 0.844688
vt 0.059082 0.847593
vt 0.370143 0.773454
vt 0.850123 0.807068
vt 0.174538 0.810634
vt 0.886847 0.434180
vt 0.896720 0.436707
vt 0.896720 0.425421
vt 0.842574 0.806059
vt 0.850123 0.812564
vt 0.377626 0.838655
vt 0.879299 0.426902
vt 0.879299 0.425726
vt 0.879299 0.425536
vt 0.891386 0.425867
vt 0.889171 0.426923
vt 0.889171 0.425798
vt 0.889171 0.425616
vt 0.182087 0.817161
vt 0.879299 0.430307
vt 0.889171 0.430269
vt 0.879299 0.435005
vt 0.889171 0.435026
vt 0.182087 0.815578
vt 0.879299 0.431897
vt 0.889171 0.431861
vt 0.842574 0.807647
vt 0.842574 0.802624
vt 0.842574 0.801420
vt 0.842574 0.801225
vt 0.182087 0.820635
vt 0.182087 0.821877
vt 0.182087 0.822079
vt 0.816343 0.202686
vt 0.117013 0.832487
vt 0.830371 0.202686
vt 0.119086 0.815591
vt 0.806991 0.202603
vt 0.821019 0.202686
vt 0.117013 0.844346
vt 0.891489 0.319710
vt 0.891489 0.318298
vt 0.891925 0.316956
vt 0.892755 0.315814
vt 0.895239 0.314548
vt 0.896650 0.314548
vt 0.897993 0.314985
vt 0.899964 0.316956
vt 0.900400 0.318298
vt 0.900400 0.319710
vt 0.899964 0.321052
vt 0.899134 0.322194
vt 0.897993 0.323023
vt 0.896650 0.323460
vt 0.893897 0.323023
vt 0.892755 0.322194
vt 0.891925 0.321052
vt 0.127655 0.982415
vt 0.129870 0.981619
vt 0.523219 0.746908
vt 0.872193 0.805113
vt 0.874407 0.804312
vt 0.523219 0.750175
vt 0.525434 0.749370
vt 0.523219 0.773165
vt 0.525434 0.772362
vt 0.127655 0.979052
vt 0.872193 0.801785
vt 0.127655 0.980823
vt 0.060738 0.726772
vt 0.061534 0.726898
vt 0.061534 0.730636
vt 0.526502 0.752100
vt 0.719962 0.433989
vt 0.060738 0.770086
vt 0.061534 0.770212
vt 0.061534 0.773949
vt 0.525434 0.744004
vt 0.719962 0.454486
vt 0.059942 0.810219
vt 0.059942 0.806498
vt 0.061534 0.810219
vt 0.875476 0.807000
vt 0.872193 0.806914
vt 0.061534 0.776273
vt 0.061534 0.779994
vt 0.059942 0.776273
vt 0.722176 0.464271
vt 0.523219 0.748592
vt 0.061297 0.878009
vt 0.059082 0.875380
vt 0.060738 0.739147
vt 0.061534 0.739273
vt 0.061534 0.743011
vt 0.719962 0.412066
vt 0.059942 0.822308
vt 0.061534 0.818587
vt 0.061534 0.822308
vt 0.117013 0.818303
vt 0.061297 0.857958
vt 0.059082 0.856830
vt 0.872193 0.803523
vt 0.130938 0.984270
vt 0.828298 0.205398
vt 0.523219 0.768175
vt 0.525434 0.767047
vt 0.874407 0.799037
vt 0.722176 0.478699
vt 0.719962 0.446104
vt 0.127655 0.984186
vt 0.526502 0.775068
vt 0.523219 0.774981
vt 0.059082 0.865355
vt 0.061297 0.868103
vt 0.059942 0.755386
vt 0.059942 0.751649
vt 0.060738 0.751523
vt 0.059942 0.804174
vt 0.061534 0.800453
vt 0.061534 0.804174
vt 0.814270 0.205398
vt 0.523219 0.752011
vt 0.719962 0.488466
vt 0.129870 0.976423
vt 0.059082 0.849917
vt 0.061297 0.852821
vt 0.377485 0.844585
vt 0.523219 0.771577
vn 1.0000 -0.0000 0.0000
vn 0.0000 -1.0000 0.0037
vn 0.0000 0.2336 -0.9723
vn 0.0000 0.6821 0.7312
vn 0.0000 -0.4748 0.8801
vn 0.0000 0.3262 -0.9453
vn -1.0000 0.0000 0.0000
vn 0.0000 0.3325 -0.9431
vn 0.0000 1.0000 0.0024
vn 0.0000 0.9864 0.1642
vn 0.0000 -1.0000 0.0019
vn 0.0000 -1.0000 0.0034
vn 0.0000 0.0000 -1.0000
vn 0.0000 0.3090 -0.9511
vn 0.0000 0.5878 -0.8090
vn 0.0000 0.8090 -0.5878
vn 0.0000 0.9511 -0.3090
vn 0.0000 1.0000 -0.0000
vn 0.0000 0.9511 0.3090
vn 0.0000 0.8090 0.5878
vn 0.0000 0.5878 0.8090
vn 0.0000 0.3090 0.9511
vn 0.0000 -0.0000 1.0000
vn 0.0000 -0.3090 0.9511
vn 0.0000 -0.5878 0.8090
vn 0.0000 -0.8090 0.5878
vn 0.0000 -0.9511 0.3090
vn 0.0000 -1.0000 -0.0000
vn 0.0000 -0.9511 -0.3090
vn -0.0000 -0.8910 -0.4540
vn -0.0000 -0.8090 -0.5878
vn 0.0000 -0.5878 -0.8090
vn 0.5636 0.2553 -0.7856
vn 0.5589 0.1297 -0.8191
vn 0.5589 0.1297 -0.8190
vn 0.0000 -0.3090 -0.9511
vn 0.5636 -0.4855 0.6683
vn 0.5636 -0.6683 0.4855
vn 0.5589 -0.5864 0.5864
vn 0.5589 -0.5864 -0.5864
vn 0.5636 -0.6683 -0.4855
vn 0.5636 0.7856 0.2553
vn 0.5589 0.8190 0.1297
vn 0.5636 -0.2553 0.7856
vn 0.5589 -0.1297 0.8191
vn 0.5589 -0.1297 0.8190
vn 0.5636 -0.7856 -0.2553
vn 0.5589 -0.8190 -0.1297
vn 0.5636 0.7856 -0.2553
vn 0.5636 0.6683 -0.4855
vn 0.5636 0.2553 0.7856
vn 0.5636 0.4855 0.6683
vn 0.5636 -0.7856 0.2553
vn 0.5636 -0.2553 -0.7856
vn 0.5636 -0.4855 -0.6683
vn 0.5636 0.4855 -0.6683
vn 0.5636 0.6683 0.4855
vn 0.5589 0.8190 -0.1297
vn 0.5589 0.1297 0.8190
vn 0.5589 0.1297 0.8191
vn 0.5589 -0.8190 0.1297
vn 0.5589 -0.8191 0.1297
vn 0.5589 -0.1297 -0.8190
vn 0.5589 -0.1297 -0.8191
vn 0.5589 0.5864 -0.5864
vn 0.5589 0.5864 0.5864
vn 0.0000 -0.9877 -0.1564
vn -0.0000 0.8910 -0.4540
vn -0.0000 -0.1564 0.9877
vn -0.0000 0.9877 0.1564
vn -0.0000 -0.4540 -0.8910
vn 0.0000 0.1564 -0.9877
vn 0.0000 -0.8910 0.4540
vn -0.0000 0.4539 0.8910
vn 0.0000 0.4540 0.8910
vn -0.0000 -0.9877 0.1564
vn 0.0000 0.5877 0.8091
vn 0.0000 0.7071 0.7071
vn 0.0000 -0.4540 0.8910
vn 0.0000 0.9877 -0.1564
vn 0.0000 -0.7071 -0.7071
vn 0.0000 0.7071 -0.7071
vn 0.0000 0.1564 0.9877
vn 0.0000 -0.7071 0.7071
vn 0.0000 0.4540 -0.8910
vn 0.0000 0.8910 0.4540
vn 0.0000 -0.1564 -0.9877
vn -0.5589 0.1297 -0.8190
vn -0.5636 0.2553 -0.7856
vn -0.5589 -0.5864 0.5864
vn -0.5636 -0.6683 0.4855
vn -0.5636 -0.6683 -0.4855
vn -0.5589 -0.5864 -0.5864
vn -0.5636 -0.4855 -0.6683
vn -0.5589 0.8190 0.1297
vn -0.5636 0.7856 0.2553
vn -0.5589 -0.1297 0.8190
vn -0.5636 -0.2553 0.7856
vn -0.5589 -0.8190 -0.1297
vn -0.5636 -0.7856 -0.2553
vn -0.5636 0.7856 -0.2553
vn -0.5636 0.6683 -0.4855
vn -0.5636 0.4855 0.6683
vn -0.5636 0.2553 0.7856
vn -0.5636 -0.7856 0.2553
vn -0.5636 -0.2553 -0.7856
vn -0.5636 0.4855 -0.6683
vn -0.5636 0.6683 0.4855
vn -0.5636 -0.4855 0.6683
vn -0.5589 0.8190 -0.1297
vn -0.5636 0.8260 -0.0000
vn -0.5589 0.1297 0.8190
vn -0.5636 0.0000 0.8260
vn -0.5589 -0.8190 0.1297
vn -0.5636 -0.8260 0.0000
vn -0.5589 -0.1297 -0.8190
vn -0.5636 -0.0000 -0.8260
vn -0.5589 0.5864 -0.5864
vn -0.5589 0.5864 0.5864
vn 0.5636 -0.0000 -0.8260
vn 0.5636 0.8260 0.0000
vn 0.5636 -0.0000 0.8260
vn 0.5636 -0.8260 0.0000
vn 0.5588 0.5864 -0.5864
vn 0.5589 0.5864 0.5863
vn -0.5589 0.1297 -0.8191
vn -0.5589 -0.1297 0.8191
vn -0.5637 0.4855 0.6683
vn -0.5589 0.1297 0.8191
vn -0.5589 -0.8191 0.1297
vn -0.5589 -0.1297 -0.8191
vn -0.5588 0.5864 -0.5864
vn -0.5589 0.5864 0.5863
vn -0.5589 0.5863 0.5863
usemtl Paint.001
s 1
f 5/1/1 190/2/1 184/3/1
f 1/4/1 188/5/1 203/6/1
f 206/7/2 40/8/2 25/9/2
f 28/10/3 41/11/3 29/12/3
f 38/13/4 3/14/4 7/15/4
f 10/16/5 31/17/5 40/18/5
f 210/19/6 43/20/6 206/21/6
f 31/17/5 25/22/5 40/18/5
f 376/23/7 361/24/7 3/25/7
f 35/26/8 209/27/8 207/28/8
f 41/29/9 207/30/9 29/31/9
f 357/32/7 363/33/7 7/34/7
f 32/35/10 28/36/10 3/14/10
f 40/8/2 19/37/2 10/38/2
f 43/20/6 23/39/6 19/40/6
f 23/41/11 45/42/11 22/43/11
f 22/44/8 35/26/8 20/45/8
f 20/46/9 41/29/9 14/47/9
f 41/11/3 13/48/3 14/49/3
f 1/50/4 38/13/4 5/51/4
f 13/52/10 32/35/10 1/50/10
f 45/42/11 210/53/11 209/54/11
f 38/55/12 9/56/12 5/57/12
f 2/58/13 185/59/14 6/60/14
f 6/60/14 184/61/15 8/62/15
f 8/62/15 190/63/16 11/64/16
f 11/65/16 187/66/17 15/67/17
f 15/67/17 201/68/18 17/69/18
f 17/69/18 194/70/19 21/71/19
f 21/71/19 193/72/20 24/73/20
f 24/73/20 200/74/21 27/75/21
f 30/76/22 200/77/21 198/78/22
f 30/76/22 197/79/23 33/80/23
f 33/80/23 199/81/24 36/82/24
f 36/82/24 196/83/25 39/84/25
f 39/84/25 202/85/26 42/86/26
f 42/87/26 195/88/27 44/89/27
f 44/89/27 203/90/28 46/91/28
f 46/91/28 188/92/29 47/93/29
f 47/93/29 188/92/29 189/94/30
f 48/95/31 192/96/32 49/97/32
f 51/98/33 148/99/34 143/100/35
f 49/101/32 186/102/36 50/103/36
f 2/58/13 186/102/36 183/104/13
f 63/105/1 114/106/1 111/107/1
f 39/84/37 42/86/38 122/108/39
f 99/109/40 104/110/40 48/95/41
f 55/111/42 168/112/43 167/113/43
f 59/114/44 134/115/45 136/116/46
f 63/117/47 111/118/48 113/119/48
f 15/67/49 53/120/50 11/65/50
f 58/121/51 27/122/52 30/76/51
f 62/123/53 42/87/38 44/89/53
f 50/103/54 65/124/55 49/101/55
f 52/125/56 6/60/33 8/62/56
f 24/73/57 55/111/42 21/71/42
f 39/84/37 59/114/44 36/82/44
f 64/126/41 47/93/47 48/95/41
f 177/127/58 178/128/58 54/129/49
f 138/130/59 137/131/60 58/121/51
f 117/132/61 128/133/62 62/123/53
f 95/134/63 96/135/64 66/136/54
f 8/62/56 11/64/50 149/137/65
f 24/73/57 27/75/52 174/138/66
f 70/139/1 157/140/1 156/141/1
f 151/142/1 152/143/1 67/144/1
f 109/145/1 110/146/1 73/147/1
f 53/148/1 164/149/1 163/150/1
f 65/151/1 103/152/1 100/153/1
f 59/154/1 133/155/1 134/156/1
f 68/157/1 165/158/1 164/149/1
f 74/159/1 102/160/1 103/152/1
f 130/161/1 131/162/1 71/163/1
f 61/164/1 126/165/1 124/166/1
f 69/167/1 168/168/1 55/169/1
f 72/170/1 127/171/1 126/165/1
f 173/172/1 170/173/1 69/167/1
f 57/174/1 156/141/1 159/175/1
f 51/176/1 147/177/1 148/178/1
f 82/179/1 90/180/1 94/181/1
f 81/182/29 169/183/67 69/184/29
f 123/185/68 127/186/68 72/187/17
f 76/188/24 144/189/69 67/190/24
f 91/191/19 112/192/70 73/193/19
f 160/194/71 157/195/71 70/196/36
f 86/197/14 135/198/72 71/199/14
f 162/200/73 165/201/73 68/202/27
f 101/203/74 102/204/75 74/205/22
f 68/202/27 179/206/76 180/207/76
f 146/208/1 98/209/1 95/210/1
f 93/211/21 106/212/20 105/213/77
f 148/214/28 144/215/28 143/216/28
f 182/217/1 180/218/1 177/219/1
f 126/220/78 123/185/78 124/221/78
f 180/222/23 178/223/23 177/224/23
f 173/172/1 56/225/1 172/226/1
f 130/161/1 60/227/1 132/228/1
f 105/229/1 106/230/1 104/231/1
f 67/190/24 152/232/79 153/233/79
f 176/234/1 175/235/1 174/236/1
f 78/237/26 154/238/25 155/239/26
f 116/240/13 128/241/13 117/242/13
f 72/187/17 129/243/80 116/244/80
f 72/170/1 128/245/1 129/246/1
f 120/247/81 130/248/81 132/249/81
f 142/250/1 140/251/1 138/252/1
f 140/253/28 137/254/28 138/255/28
f 155/256/1 154/257/1 149/258/1
f 151/142/1 52/259/1 150/260/1
f 97/261/1 66/262/1 96/263/1
f 107/264/82 109/265/82 108/266/82
f 74/205/22 97/267/83 98/268/83
f 109/145/1 64/269/1 108/270/1
f 83/271/32 175/272/31 176/273/32
f 179/274/1 54/275/1 178/276/1
f 156/277/82 157/195/82 160/194/82
f 103/278/84 101/203/84 100/279/84
f 168/280/13 169/281/13 167/282/13
f 111/283/23 112/284/23 113/285/23
f 69/184/29 170/286/30 171/287/30
f 71/199/14 131/288/85 120/289/85
f 172/290/84 174/291/84 171/292/84
f 113/293/1 112/294/1 115/295/1
f 119/296/1 121/297/1 122/298/1
f 139/299/1 58/300/1 137/301/1
f 73/193/19 110/302/86 107/303/86
f 134/304/18 135/305/18 136/306/18
f 164/307/81 162/200/81 163/308/81
f 153/309/78 151/310/78 150/311/78
f 98/312/18 96/313/18 95/314/18
f 70/196/36 139/315/87 140/316/87
f 88/317/16 121/318/15 119/319/16
f 18/320/12 38/55/12 7/321/12
f 358/322/14 4/323/13 12/324/14
f 357/325/15 12/324/14 16/326/15
f 363/327/16 16/326/15 26/328/16
f 360/329/17 26/330/16 204/331/17
f 374/332/18 204/331/17 205/333/18
f 367/334/19 205/333/18 208/335/19
f 366/336/20 208/335/19 211/337/20
f 373/338/21 211/337/20 212/339/21
f 213/340/22 373/341/21 212/342/21
f 370/343/23 213/340/22 214/344/23
f 372/345/24 214/344/23 215/346/24
f 369/347/25 215/346/24 216/348/25
f 375/349/26 216/348/25 217/350/26
f 368/351/27 217/352/26 218/353/27
f 376/354/28 218/353/27 219/355/28
f 361/356/29 219/355/28 220/357/29
f 362/358/30 361/356/29 220/357/29
f 365/359/32 221/360/31 222/361/32
f 316/362/88 224/363/89 12/324/89
f 359/364/36 222/365/32 223/366/36
f 4/323/13 359/364/36 223/366/36
f 236/367/7 287/368/7 246/369/7
f 295/370/90 298/371/90 217/350/91
f 221/360/92 272/372/93 222/361/94
f 340/373/95 228/374/96 208/335/96
f 309/375/97 232/376/98 215/346/98
f 286/377/99 236/378/100 220/357/100
f 204/331/101 226/379/102 227/380/101
f 212/342/103 231/381/104 213/340/104
f 217/352/91 235/382/105 218/353/105
f 223/366/106 238/383/94 239/384/106
f 12/324/89 225/385/107 16/326/107
f 211/337/108 228/374/96 229/386/108
f 216/348/109 232/376/98 233/387/109
f 220/357/100 237/388/92 221/360/92
f 350/389/110 354/390/111 205/333/111
f 311/391/112 314/392/113 214/344/113
f 290/393/114 291/394/115 219/355/115
f 268/395/116 318/396/117 4/323/117
f 322/397/118 334/398/118 26/328/102
f 347/399/119 331/400/119 212/339/103
f 329/401/7 243/402/7 231/403/7
f 240/404/7 325/405/7 324/406/7
f 246/369/7 283/407/7 282/408/7
f 226/409/7 336/410/7 337/411/7
f 238/412/7 273/413/7 276/414/7
f 232/415/7 306/416/7 244/417/7
f 337/411/7 241/418/7 227/419/7
f 276/414/7 247/420/7 239/421/7
f 244/417/7 304/422/7 303/423/7
f 234/424/7 297/425/7 299/426/7
f 341/427/7 242/428/7 228/429/7
f 299/426/7 245/430/7 235/431/7
f 242/428/7 343/432/7 346/433/7
f 230/434/7 332/435/7 329/401/7
f 224/436/7 320/437/7 240/404/7
f 265/438/7 261/439/7 253/440/7
f 254/441/29 342/442/67 253/443/28
f 296/444/68 292/445/16 261/446/16
f 249/447/24 317/448/69 248/449/23
f 264/450/19 285/451/70 263/452/18
f 333/453/71 349/454/32 256/455/32
f 259/456/14 308/457/72 258/458/13
f 335/459/73 328/460/26 251/461/26
f 274/462/74 278/463/77 266/464/21
f 353/465/76 241/466/27 252/467/27
f 319/468/7 317/469/7 316/470/7
f 279/471/20 266/472/21 278/473/77
f 317/474/28 321/475/28 316/476/28
f 355/477/7 342/478/7 340/479/7
f 297/480/78 296/444/78 299/481/78
f 353/482/23 351/483/23 352/484/23
f 346/433/7 345/485/7 229/486/7
f 303/423/7 305/487/7 233/488/7
f 277/489/7 279/490/7 278/491/7
f 326/492/79 240/493/24 249/447/24
f 347/494/7 348/495/7 349/496/7
f 327/497/25 251/498/26 328/499/26
f 289/500/13 301/501/13 302/502/13
f 289/503/80 245/504/17 262/505/17
f 301/506/7 245/430/7 302/507/7
f 305/508/81 303/509/81 293/510/81
f 315/511/7 308/512/7 309/513/7
f 313/514/28 310/515/28 312/516/28
f 327/517/7 328/518/7 334/519/7
f 324/406/7 323/520/7 225/521/7
f 270/522/7 239/421/7 247/420/7
f 282/523/82 283/524/82 280/525/82
f 271/526/83 247/527/22 267/528/22
f 282/408/7 281/529/7 237/530/7
f 348/531/31 256/532/32 349/533/32
f 352/534/7 227/419/7 241/418/7
f 333/453/82 330/535/82 329/536/82
f 276/537/84 273/538/84 274/462/84
f 342/539/13 341/540/13 340/541/13
f 285/542/23 284/543/23 286/544/23
f 344/545/30 242/546/29 254/441/29
f 293/547/85 244/548/14 259/456/14
f 344/549/84 345/550/84 346/551/84
f 290/552/7 289/553/7 288/554/7
f 294/555/7 292/556/7 298/557/7
f 312/558/7 231/403/7 243/402/7
f 280/559/86 246/560/19 264/450/19
f 308/561/18 307/562/18 309/563/18
f 336/564/81 335/459/81 337/565/81
f 323/566/78 324/567/78 326/568/78
f 271/569/18 269/570/18 270/571/18
f 313/572/87 243/573/36 257/574/36
f 294/575/15 261/576/16 292/577/16
f 191/578/1 189/579/1 1/4/1
f 9/580/1 198/581/1 200/582/1
f 9/580/1 200/582/1 193/583/1
f 191/578/1 1/4/1 192/584/1
f 1/4/1 5/1/1 186/585/1
f 192/584/1 1/4/1 186/585/1
f 9/580/1 193/583/1 194/586/1
f 9/580/1 194/586/1 201/587/1
f 183/588/1 186/585/1 5/1/1
f 5/1/1 9/580/1 201/587/1
f 5/1/1 201/587/1 187/589/1
f 185/590/1 183/588/1 5/1/1
f 184/3/1 185/590/1 5/1/1
f 5/1/1 187/589/1 190/2/1
f 197/591/1 198/581/1 14/592/1
f 198/581/1 9/580/1 14/592/1
f 9/580/1 10/593/1 23/594/1
f 10/593/1 19/595/1 23/594/1
f 23/594/1 22/596/1 20/597/1
f 199/598/1 197/591/1 14/592/1
f 196/599/1 199/598/1 14/592/1
f 23/594/1 20/597/1 14/592/1
f 9/580/1 23/594/1 14/592/1
f 202/600/1 196/599/1 14/592/1
f 14/592/1 13/601/1 202/600/1
f 13/601/1 1/4/1 203/6/1
f 195/602/1 202/600/1 13/601/1
f 1/4/1 189/579/1 188/5/1
f 203/6/1 195/602/1 13/601/1
f 206/7/2 43/603/2 40/8/2
f 28/10/3 34/604/3 41/11/3
f 38/13/4 32/35/4 3/14/4
f 10/16/5 9/605/5 31/17/5
f 210/19/6 37/606/6 43/20/6
f 31/17/5 18/607/5 25/22/5
f 18/608/7 371/609/7 29/610/7
f 371/609/7 370/611/7 29/610/7
f 370/611/7 372/612/7 29/610/7
f 206/613/7 25/614/7 210/615/7
f 25/614/7 18/608/7 210/615/7
f 207/616/7 209/617/7 210/615/7
f 372/612/7 369/618/7 29/610/7
f 369/618/7 375/619/7 29/610/7
f 29/610/7 207/616/7 210/615/7
f 210/615/7 18/608/7 29/610/7
f 375/619/7 368/620/7 28/621/7
f 29/610/7 375/619/7 28/621/7
f 3/25/7 28/621/7 376/23/7
f 376/23/7 28/621/7 368/620/7
f 361/24/7 362/622/7 3/25/7
f 35/26/8 45/623/8 209/27/8
f 41/29/9 35/624/9 207/30/9
f 373/625/7 371/609/7 18/608/7
f 7/34/7 3/25/7 359/626/7
f 3/25/7 362/622/7 364/627/7
f 3/25/7 364/627/7 365/628/7
f 366/629/7 373/625/7 18/608/7
f 367/630/7 366/629/7 18/608/7
f 3/25/7 365/628/7 359/626/7
f 374/631/7 367/630/7 18/608/7
f 360/632/7 374/631/7 7/34/7
f 374/631/7 18/608/7 7/34/7
f 7/34/7 359/626/7 356/633/7
f 7/34/7 356/633/7 358/634/7
f 363/33/7 360/632/7 7/34/7
f 7/34/7 358/634/7 357/32/7
f 32/35/10 34/635/10 28/36/10
f 40/8/2 43/603/2 19/37/2
f 43/20/6 37/606/6 23/39/6
f 23/41/11 37/636/11 45/42/11
f 22/44/8 45/623/8 35/26/8
f 20/46/9 35/624/9 41/29/9
f 41/11/3 34/604/3 13/48/3
f 1/50/4 32/35/4 38/13/4
f 13/52/10 34/635/10 32/35/10
f 45/42/11 37/636/11 210/53/11
f 38/55/12 31/637/12 9/56/12
f 2/58/13 183/104/13 185/59/14
f 6/60/14 185/59/14 184/61/15
f 8/62/15 184/61/15 190/63/16
f 11/65/16 190/638/16 187/66/17
f 15/67/17 187/66/17 201/68/18
f 17/69/18 201/68/18 194/70/19
f 21/71/19 194/70/19 193/72/20
f 24/73/20 193/72/20 200/74/21
f 30/76/22 27/122/21 200/77/21
f 30/76/22 198/78/22 197/79/23
f 33/80/23 197/79/23 199/81/24
f 36/82/24 199/81/24 196/83/25
f 39/84/25 196/83/25 202/85/26
f 42/87/26 202/639/26 195/88/27
f 44/89/27 195/88/27 203/90/28
f 46/91/28 203/90/28 188/92/29
f 191/640/31 48/95/31 189/94/30
f 48/95/31 47/93/29 189/94/30
f 48/95/31 191/640/31 192/96/32
f 145/641/120 2/58/120 143/100/35
f 2/58/120 6/60/33 143/100/35
f 6/60/33 51/98/33 143/100/35
f 49/101/32 192/642/32 186/102/36
f 2/58/13 50/103/36 186/102/36
f 63/105/1 73/147/1 114/106/1
f 42/86/38 61/643/38 125/644/39
f 61/643/38 124/645/39 125/644/39
f 132/646/39 60/647/37 122/108/39
f 60/647/37 39/84/37 122/108/39
f 42/86/38 125/644/39 122/108/39
f 49/97/55 65/648/55 99/109/40
f 65/648/55 100/649/40 99/109/40
f 108/650/40 64/126/41 104/110/40
f 64/126/41 48/95/41 104/110/40
f 49/97/55 99/109/40 48/95/41
f 181/651/121 17/69/121 167/113/43
f 17/69/121 21/71/42 167/113/43
f 21/71/42 55/111/42 167/113/43
f 141/652/122 33/80/122 136/116/46
f 33/80/122 36/82/44 136/116/46
f 36/82/44 59/114/44 136/116/46
f 118/653/123 46/91/123 113/119/48
f 46/91/123 47/93/47 113/119/48
f 47/93/47 63/117/47 113/119/48
f 15/67/49 54/129/49 53/120/50
f 58/121/51 57/654/52 27/122/52
f 62/123/53 61/655/38 42/87/38
f 50/103/54 66/136/54 65/124/55
f 52/125/56 51/98/33 6/60/33
f 24/73/57 56/656/57 55/111/42
f 39/84/37 60/647/37 59/114/44
f 64/126/41 63/117/47 47/93/47
f 54/129/49 15/67/49 177/127/58
f 15/67/49 17/69/121 177/127/58
f 17/69/121 181/651/121 177/127/58
f 58/121/51 30/76/51 138/130/59
f 30/76/51 33/80/122 138/130/59
f 33/80/122 141/652/122 138/130/59
f 62/123/53 44/89/53 117/132/61
f 44/89/53 46/91/123 117/132/61
f 46/91/123 118/653/123 117/132/61
f 66/136/54 50/103/54 95/134/63
f 50/103/54 2/58/120 95/134/63
f 2/58/120 145/641/120 95/134/63
f 11/64/50 53/657/50 161/658/65
f 53/657/50 163/659/124 161/658/65
f 150/660/124 52/125/56 149/137/65
f 52/125/56 8/62/56 149/137/65
f 11/64/50 161/658/65 149/137/65
f 27/75/52 57/661/52 158/662/66
f 57/661/52 159/663/66 158/662/66
f 172/664/125 56/656/57 174/138/66
f 56/656/57 24/73/57 174/138/66
f 27/75/52 158/662/66 174/138/66
f 156/141/1 57/174/1 58/300/1
f 58/300/1 70/139/1 156/141/1
f 67/144/1 51/176/1 151/142/1
f 51/176/1 52/259/1 151/142/1
f 73/147/1 63/105/1 109/145/1
f 63/105/1 64/269/1 109/145/1
f 59/154/1 71/163/1 133/155/1
f 164/149/1 53/148/1 54/275/1
f 54/275/1 68/157/1 164/149/1
f 103/152/1 65/151/1 66/262/1
f 66/262/1 74/159/1 103/152/1
f 71/163/1 59/154/1 130/161/1
f 59/154/1 60/227/1 130/161/1
f 69/167/1 166/665/1 168/168/1
f 126/165/1 61/164/1 62/666/1
f 62/666/1 72/170/1 126/165/1
f 69/167/1 55/169/1 173/172/1
f 55/169/1 56/225/1 173/172/1
f 51/176/1 67/144/1 147/177/1
f 94/181/1 75/667/1 78/668/1
f 75/667/1 76/669/1 78/668/1
f 76/669/1 77/670/1 78/668/1
f 78/668/1 79/671/1 80/672/1
f 80/672/1 81/673/1 82/179/1
f 82/179/1 83/674/1 84/675/1
f 84/675/1 85/676/1 86/677/1
f 86/677/1 87/678/1 88/679/1
f 88/679/1 89/680/1 86/677/1
f 89/680/1 90/180/1 86/677/1
f 90/180/1 91/681/1 94/181/1
f 91/681/1 92/682/1 94/181/1
f 92/682/1 93/683/1 94/181/1
f 78/668/1 80/672/1 94/181/1
f 80/672/1 82/179/1 94/181/1
f 82/179/1 84/675/1 90/180/1
f 84/675/1 86/677/1 90/180/1
f 81/182/29 80/684/28 169/183/67
f 80/684/28 182/685/28 169/183/67
f 169/183/67 166/686/67 69/184/29
f 72/187/17 89/687/17 123/185/68
f 89/687/17 88/688/16 123/185/68
f 88/688/16 119/689/16 123/185/68
f 76/188/24 75/690/23 144/189/69
f 75/690/23 146/691/23 144/189/69
f 144/189/69 147/692/69 67/190/24
f 91/191/19 90/693/18 112/192/70
f 90/693/18 115/694/18 112/192/70
f 112/192/70 114/695/70 73/193/19
f 70/196/36 84/696/36 160/194/71
f 84/696/36 83/697/32 160/194/71
f 83/697/32 176/698/32 160/194/71
f 86/197/14 85/699/13 135/198/72
f 85/699/13 142/700/13 135/198/72
f 135/198/72 133/701/72 71/199/14
f 68/202/27 79/702/27 162/200/73
f 79/702/27 78/703/26 162/200/73
f 78/703/26 155/704/26 162/200/73
f 74/205/22 94/705/22 101/203/74
f 94/705/22 93/706/21 101/203/74
f 93/706/21 105/707/77 101/203/74
f 182/685/28 80/684/28 180/207/76
f 80/684/28 79/702/27 180/207/76
f 79/702/27 68/202/27 180/207/76
f 95/210/1 145/708/1 146/208/1
f 145/708/1 143/709/1 146/208/1
f 143/709/1 144/710/1 146/208/1
f 93/211/21 92/711/20 106/212/20
f 148/214/28 147/712/28 144/215/28
f 177/219/1 181/713/1 182/217/1
f 181/713/1 167/714/1 182/217/1
f 167/714/1 169/715/1 182/217/1
f 127/186/78 123/185/78 126/220/78
f 123/185/78 125/716/78 124/221/78
f 180/222/23 179/717/23 178/223/23
f 104/231/1 99/718/1 105/229/1
f 99/718/1 101/719/1 105/229/1
f 106/230/1 107/720/1 104/231/1
f 154/238/25 77/721/25 153/233/79
f 77/721/25 76/188/24 153/233/79
f 76/188/24 67/190/24 153/233/79
f 174/236/1 158/722/1 176/234/1
f 158/722/1 160/723/1 176/234/1
f 175/235/1 171/724/1 174/236/1
f 78/237/26 77/721/25 154/238/25
f 116/240/13 129/725/13 128/241/13
f 115/694/18 90/693/18 116/244/80
f 90/693/18 89/687/17 116/244/80
f 89/687/17 72/187/17 116/244/80
f 72/170/1 62/666/1 128/245/1
f 132/249/81 122/726/81 120/247/81
f 120/247/81 131/727/81 130/248/81
f 138/252/1 141/728/1 142/250/1
f 141/728/1 136/729/1 142/250/1
f 136/729/1 135/730/1 142/250/1
f 140/253/28 139/731/28 137/254/28
f 154/257/1 153/732/1 149/258/1
f 149/258/1 161/733/1 155/256/1
f 161/733/1 162/734/1 155/256/1
f 97/261/1 74/159/1 66/262/1
f 108/266/82 104/735/82 107/264/82
f 107/264/82 110/736/82 109/265/82
f 146/691/23 75/690/23 98/268/83
f 75/690/23 94/705/22 98/268/83
f 94/705/22 74/205/22 98/268/83
f 83/271/32 82/737/31 175/272/31
f 179/274/1 68/157/1 54/275/1
f 158/738/82 159/739/82 160/194/82
f 159/739/82 156/277/82 160/194/82
f 102/204/84 101/203/84 103/278/84
f 101/203/84 99/740/84 100/279/84
f 168/280/13 166/741/13 169/281/13
f 111/283/23 114/742/23 112/284/23
f 175/272/31 82/737/31 171/287/30
f 82/737/31 81/182/29 171/287/30
f 81/182/29 69/184/29 171/287/30
f 121/318/15 87/743/15 120/289/85
f 87/743/15 86/197/14 120/289/85
f 86/197/14 71/199/14 120/289/85
f 171/292/84 170/744/84 173/745/84
f 173/745/84 172/290/84 171/292/84
f 115/295/1 116/746/1 117/747/1
f 117/747/1 118/748/1 115/295/1
f 118/748/1 113/293/1 115/295/1
f 121/297/1 120/749/1 122/298/1
f 122/298/1 125/750/1 119/296/1
f 125/750/1 123/751/1 119/296/1
f 139/299/1 70/139/1 58/300/1
f 106/212/20 92/711/20 107/303/86
f 92/711/20 91/191/19 107/303/86
f 91/191/19 73/193/19 107/303/86
f 134/304/18 133/752/18 135/305/18
f 165/201/81 162/200/81 164/307/81
f 162/200/81 161/753/81 163/308/81
f 150/311/78 149/754/78 153/309/78
f 153/309/78 152/755/78 151/310/78
f 98/312/18 97/756/18 96/313/18
f 142/700/13 85/699/13 140/316/87
f 85/699/13 84/696/36 140/316/87
f 84/696/36 70/196/36 140/316/87
f 88/317/16 87/743/15 121/318/15
f 18/320/12 31/637/12 38/55/12
f 358/322/14 356/757/13 4/323/13
f 357/325/15 358/322/14 12/324/14
f 363/327/16 357/325/15 16/326/15
f 360/329/17 363/758/16 26/330/16
f 374/332/18 360/329/17 204/331/17
f 367/334/19 374/332/18 205/333/18
f 366/336/20 367/334/19 208/335/19
f 373/338/21 366/336/20 211/337/20
f 213/340/22 371/759/22 373/341/21
f 370/343/23 371/759/22 213/340/22
f 372/345/24 370/343/23 214/344/23
f 369/347/25 372/345/24 215/346/24
f 375/349/26 369/347/25 216/348/25
f 368/351/27 375/760/26 217/352/26
f 376/354/28 368/351/27 218/353/27
f 361/356/29 376/354/28 219/355/28
f 220/357/29 221/360/31 362/358/30
f 221/360/31 364/761/31 362/358/30
f 365/359/32 364/761/31 221/360/31
f 12/324/89 4/323/117 316/362/88
f 4/323/117 318/396/117 316/362/88
f 316/362/88 321/762/126 224/363/89
f 359/364/36 365/763/32 222/365/32
f 4/323/13 356/757/13 359/364/36
f 236/367/7 284/764/7 287/368/7
f 216/348/109 233/387/109 295/370/90
f 233/387/109 305/765/90 295/370/90
f 297/766/90 234/767/91 298/371/90
f 234/767/91 217/350/91 298/371/90
f 216/348/109 295/370/90 217/350/91
f 221/360/92 237/388/92 277/768/93
f 237/388/92 281/769/93 277/768/93
f 273/770/93 238/771/94 272/372/93
f 238/771/94 222/361/94 272/372/93
f 221/360/92 277/768/93 272/372/93
f 208/335/96 205/333/111 340/373/95
f 205/333/111 354/390/111 340/373/95
f 340/373/95 341/772/95 228/374/96
f 215/346/98 214/344/113 309/375/97
f 214/344/113 314/392/113 309/375/97
f 309/375/97 307/773/127 232/376/98
f 220/357/100 219/355/115 286/377/99
f 219/355/115 291/394/115 286/377/99
f 286/377/99 284/774/99 236/378/100
f 204/331/101 26/330/102 226/379/102
f 212/342/103 230/775/128 231/381/104
f 217/352/91 234/776/91 235/382/105
f 223/366/106 222/365/94 238/383/94
f 12/324/89 224/363/89 225/385/107
f 211/337/108 208/335/96 228/374/96
f 216/348/109 215/346/98 232/376/98
f 220/357/100 236/378/100 237/388/92
f 205/333/111 204/331/101 350/389/110
f 204/331/101 227/380/101 350/389/110
f 227/380/101 351/777/110 350/389/110
f 214/344/113 213/340/104 311/391/112
f 213/340/104 231/381/104 311/391/112
f 231/381/104 310/778/129 311/391/112
f 219/355/115 218/353/105 290/393/114
f 218/353/105 235/382/105 290/393/114
f 235/382/105 301/779/130 290/393/114
f 4/323/117 223/366/106 268/395/116
f 223/366/106 239/384/106 268/395/116
f 239/384/106 269/780/131 268/395/116
f 16/326/107 225/385/107 322/397/118
f 225/385/107 323/781/118 322/397/118
f 336/782/132 226/783/102 334/398/118
f 226/783/102 26/328/102 334/398/118
f 16/326/107 322/397/118 26/328/102
f 211/337/108 229/386/108 347/399/119
f 229/386/108 345/784/133 347/399/119
f 332/785/134 230/786/128 331/400/119
f 230/786/128 212/339/103 331/400/119
f 211/337/108 347/399/119 212/339/103
f 231/403/7 230/434/7 329/401/7
f 329/401/7 330/787/7 243/402/7
f 225/521/7 224/436/7 324/406/7
f 224/436/7 240/404/7 324/406/7
f 237/530/7 236/367/7 282/408/7
f 236/367/7 246/369/7 282/408/7
f 232/415/7 307/788/7 306/416/7
f 227/419/7 226/409/7 337/411/7
f 337/411/7 338/789/7 241/418/7
f 239/421/7 238/412/7 276/414/7
f 276/414/7 275/790/7 247/420/7
f 233/488/7 232/415/7 303/423/7
f 232/415/7 244/417/7 303/423/7
f 341/427/7 339/791/7 242/428/7
f 235/431/7 234/424/7 299/426/7
f 299/426/7 300/792/7 245/430/7
f 229/486/7 228/429/7 346/433/7
f 228/429/7 242/428/7 346/433/7
f 224/436/7 321/793/7 320/437/7
f 249/794/7 248/795/7 265/438/7
f 248/795/7 267/796/7 265/438/7
f 267/796/7 266/797/7 265/438/7
f 265/438/7 264/798/7 261/439/7
f 264/798/7 263/799/7 261/439/7
f 263/799/7 262/800/7 261/439/7
f 261/439/7 260/801/7 259/802/7
f 259/802/7 258/803/7 257/804/7
f 257/804/7 256/805/7 255/806/7
f 255/806/7 254/807/7 257/804/7
f 254/807/7 253/440/7 257/804/7
f 253/440/7 252/808/7 251/809/7
f 251/809/7 250/810/7 253/440/7
f 250/810/7 249/794/7 253/440/7
f 261/439/7 259/802/7 253/440/7
f 259/802/7 257/804/7 253/440/7
f 249/794/7 265/438/7 253/440/7
f 254/441/29 242/546/29 342/442/67
f 242/546/29 339/811/67 342/442/67
f 342/442/67 355/812/28 253/443/28
f 261/446/16 262/505/17 296/444/68
f 262/505/17 245/504/17 296/444/68
f 245/504/17 300/813/68 296/444/68
f 249/447/24 240/493/24 317/448/69
f 240/493/24 320/814/69 317/448/69
f 317/448/69 319/815/23 248/449/23
f 264/450/19 246/560/19 285/451/70
f 246/560/19 287/816/70 285/451/70
f 285/451/70 288/817/18 263/452/18
f 256/455/32 257/574/36 333/453/71
f 257/574/36 243/573/36 333/453/71
f 243/573/36 330/535/71 333/453/71
f 259/456/14 244/548/14 308/457/72
f 244/548/14 306/818/72 308/457/72
f 308/457/72 315/819/13 258/458/13
f 251/461/26 252/467/27 335/459/73
f 252/467/27 241/466/27 335/459/73
f 241/466/27 338/820/73 335/459/73
f 266/464/21 267/528/22 274/462/74
f 267/528/22 247/527/22 274/462/74
f 247/527/22 275/821/75 274/462/74
f 252/467/27 253/443/28 353/465/76
f 253/443/28 355/812/28 353/465/76
f 353/465/76 352/822/76 241/466/27
f 316/470/7 318/823/7 319/468/7
f 318/823/7 268/824/7 319/468/7
f 268/824/7 271/825/7 319/468/7
f 279/471/20 265/826/20 266/472/21
f 317/474/28 320/827/28 321/475/28
f 340/479/7 354/828/7 355/477/7
f 354/828/7 350/829/7 355/477/7
f 350/829/7 353/830/7 355/477/7
f 298/831/78 296/444/78 297/480/78
f 296/444/78 300/813/78 299/481/78
f 353/482/23 350/832/23 351/483/23
f 274/833/7 272/834/7 278/491/7
f 272/834/7 277/489/7 278/491/7
f 277/489/7 280/835/7 279/490/7
f 249/447/24 250/836/25 326/492/79
f 250/836/25 327/497/25 326/492/79
f 326/492/79 325/837/79 240/493/24
f 333/838/7 331/839/7 349/496/7
f 331/839/7 347/494/7 349/496/7
f 347/494/7 344/840/7 348/495/7
f 327/497/25 250/836/25 251/498/26
f 289/500/13 290/841/13 301/501/13
f 262/505/17 263/452/18 289/503/80
f 263/452/18 288/817/18 289/503/80
f 289/503/80 302/842/80 245/504/17
f 301/506/7 235/431/7 245/430/7
f 293/510/81 295/843/81 305/508/81
f 303/509/81 304/844/81 293/510/81
f 309/513/7 314/845/7 315/511/7
f 314/845/7 311/846/7 315/511/7
f 311/846/7 313/847/7 315/511/7
f 313/514/28 311/848/28 310/515/28
f 328/518/7 335/849/7 334/519/7
f 334/519/7 322/850/7 327/517/7
f 322/850/7 326/851/7 327/517/7
f 270/522/7 269/852/7 239/421/7
f 280/525/82 277/853/82 281/854/82
f 281/854/82 282/523/82 280/525/82
f 267/528/22 248/449/23 271/526/83
f 248/449/23 319/815/23 271/526/83
f 271/526/83 270/855/83 247/527/22
f 348/531/31 255/856/31 256/532/32
f 352/534/7 351/857/7 227/419/7
f 329/536/82 332/858/82 333/453/82
f 332/858/82 331/859/82 333/453/82
f 272/860/84 274/462/84 273/538/84
f 274/462/84 275/821/84 276/537/84
f 342/539/13 339/861/13 341/540/13
f 285/542/23 287/862/23 284/543/23
f 254/441/29 255/856/31 344/545/30
f 255/856/31 348/531/31 344/545/30
f 344/545/30 343/863/30 242/546/29
f 259/456/14 260/864/15 293/547/85
f 260/864/15 294/575/15 293/547/85
f 293/547/85 304/865/85 244/548/14
f 346/551/84 343/866/84 344/549/84
f 344/549/84 347/867/84 345/550/84
f 288/554/7 285/868/7 286/869/7
f 286/869/7 291/870/7 288/554/7
f 291/870/7 290/552/7 288/554/7
f 292/556/7 296/871/7 298/557/7
f 298/557/7 295/872/7 294/555/7
f 295/872/7 293/873/7 294/555/7
f 312/558/7 310/874/7 231/403/7
f 264/450/19 265/826/20 280/559/86
f 265/826/20 279/471/20 280/559/86
f 280/559/86 283/875/86 246/560/19
f 308/561/18 306/876/18 307/562/18
f 334/877/81 335/459/81 336/564/81
f 335/459/81 338/820/81 337/565/81
f 326/568/78 322/878/78 323/566/78
f 324/567/78 325/879/78 326/568/78
f 271/569/18 268/880/18 269/570/18
f 257/574/36 258/458/13 313/572/87
f 258/458/13 315/819/13 313/572/87
f 313/572/87 312/881/87 243/573/36
f 294/575/15 260/864/15 261/576/16
o Cylinder.013_Cylinder.018
v 0.000058 -0.645519 -0.176249
v 0.000058 -0.320544 -0.102671
v 0.015669 -0.646357 -0.174372
v 0.032569 -0.322288 -0.098763
v 0.030217 -0.648812 -0.168869
v 0.062864 -0.327400 -0.087303
v 0.042710 -0.652717 -0.160115
v 0.088880 -0.335534 -0.069072
v 0.052296 -0.657807 -0.148706
v 0.108842 -0.346133 -0.045314
v 0.058321 -0.663735 -0.135420
v 0.121391 -0.358477 -0.017647
v 0.060377 -0.670096 -0.121163
v 0.125671 -0.371723 0.012043
v 0.058321 -0.676456 -0.106906
v 0.121391 -0.384969 0.041733
v 0.052296 -0.682384 -0.093621
v 0.108842 -0.397313 0.069400
v 0.042710 -0.687473 -0.082212
v 0.088880 -0.407912 0.093158
v 0.030217 -0.691379 -0.073458
v 0.062864 -0.416046 0.111388
v 0.015669 -0.693834 -0.067955
v 0.032569 -0.421159 0.122848
v 0.000058 -0.694672 -0.066078
v 0.000058 -0.422902 0.126757
v -0.015554 -0.693834 -0.067955
v -0.032454 -0.421159 0.122848
v -0.030102 -0.691379 -0.073458
v -0.062749 -0.416046 0.111388
v -0.042595 -0.687473 -0.082212
v -0.088764 -0.407912 0.093158
v -0.052180 -0.682384 -0.093621
v -0.108727 -0.397313 0.069400
v -0.058206 -0.676456 -0.106906
v -0.121275 -0.384969 0.041733
v -0.060262 -0.670096 -0.121163
v -0.125556 -0.371723 0.012043
v -0.058206 -0.663735 -0.135420
v -0.121275 -0.358477 -0.017647
v -0.052180 -0.657807 -0.148706
v -0.108727 -0.346133 -0.045314
v -0.042595 -0.652717 -0.160115
v -0.088764 -0.335534 -0.069072
v -0.030102 -0.648812 -0.168869
v -0.062749 -0.327400 -0.087303
v -0.015554 -0.646357 -0.174372
v -0.032453 -0.322288 -0.098763
v 0.000058 -0.546910 -0.184534
v 0.028032 -0.548410 -0.181171
v 0.054100 -0.552810 -0.171310
v 0.076485 -0.559808 -0.155624
v 0.093661 -0.568928 -0.135181
v 0.104459 -0.579549 -0.111375
v 0.108142 -0.590947 -0.085828
v 0.104459 -0.602345 -0.060281
v 0.093661 -0.612966 -0.036475
v 0.076485 -0.622086 -0.016032
v 0.054100 -0.629085 -0.000346
v 0.028032 -0.633484 0.009514
v 0.000058 -0.634984 0.012878
v -0.027917 -0.633484 0.009514
v -0.053984 -0.629085 -0.000346
v -0.076369 -0.622086 -0.016032
v -0.093546 -0.612966 -0.036475
v -0.104344 -0.602345 -0.060281
v -0.108026 -0.590947 -0.085828
v -0.104344 -0.579549 -0.111375
v -0.093546 -0.568928 -0.135181
v -0.076369 -0.559808 -0.155624
v -0.053984 -0.552810 -0.171310
v -0.027917 -0.548410 -0.181171
v 0.000058 -0.416288 -0.126219
v 0.032569 -0.410890 -0.138319
v 0.062864 -0.416003 -0.126859
v 0.088880 -0.424137 -0.108628
v 0.108842 -0.434736 -0.084870
v 0.121391 -0.447080 -0.057204
v 0.125671 -0.460326 -0.027513
v 0.121391 -0.473572 0.002177
v 0.108842 -0.485916 0.029844
v 0.088880 -0.496515 0.053602
v 0.062864 -0.504648 0.071832
v 0.032569 -0.509761 0.083292
v 0.000058 -0.511505 0.087201
v -0.032454 -0.509761 0.083292
v -0.062749 -0.504648 0.071832
v -0.088764 -0.496515 0.053602
v -0.108727 -0.485916 0.029844
v -0.121275 -0.473572 0.002177
v -0.125556 -0.460326 -0.027513
v -0.121275 -0.447080 -0.057204
v -0.108727 -0.434736 -0.084870
v -0.088764 -0.424137 -0.108628
v -0.062749 -0.416003 -0.126859
v -0.032453 -0.410890 -0.138319
v -0.032453 -0.541511 -0.196634
v 0.000058 -0.539768 -0.200542
v -0.062749 -0.546624 -0.185174
v -0.088764 -0.554758 -0.166943
v -0.108727 -0.565357 -0.143185
v -0.121275 -0.577701 -0.115518
v -0.125556 -0.590947 -0.085828
v -0.121275 -0.604193 -0.056138
v -0.108727 -0.616537 -0.028471
v -0.088764 -0.627136 -0.004713
v -0.062749 -0.635270 0.013517
v -0.032454 -0.640383 0.024977
v 0.000058 -0.642126 0.028886
v 0.032569 -0.640383 0.024977
v 0.062864 -0.635270 0.013517
v 0.088880 -0.627136 -0.004713
v 0.108842 -0.616537 -0.028471
v 0.121391 -0.604193 -0.056138
v 0.125671 -0.590947 -0.085828
v 0.121391 -0.577701 -0.115518
v 0.108842 -0.565357 -0.143185
v 0.088880 -0.554758 -0.166943
v 0.062864 -0.546624 -0.185174
v 0.032569 -0.541512 -0.196633
v -0.027917 -0.417789 -0.122856
v 0.000058 -0.409146 -0.142227
v -0.053984 -0.422188 -0.112995
v -0.076369 -0.429187 -0.097309
v -0.093546 -0.438307 -0.076866
v -0.104344 -0.448928 -0.053060
v -0.108026 -0.460326 -0.027513
v -0.104344 -0.471723 -0.001966
v -0.093546 -0.482344 0.021840
v -0.076369 -0.491465 0.042282
v -0.053984 -0.498463 0.057969
v -0.027917 -0.502863 0.067829
v 0.000058 -0.504363 0.071193
v 0.028032 -0.502863 0.067829
v 0.054100 -0.498463 0.057969
v 0.076485 -0.491465 0.042282
v 0.093661 -0.482345 0.021840
v 0.104459 -0.471723 -0.001966
v 0.108142 -0.460326 -0.027513
v 0.104459 -0.448928 -0.053060
v 0.093661 -0.438307 -0.076866
v 0.076485 -0.429187 -0.097309
v 0.054100 -0.422188 -0.112995
v 0.028032 -0.417789 -0.122856
v 0.032569 -0.584492 -0.215822
v 0.062864 -0.589605 -0.204362
v 0.088880 -0.597739 -0.186132
v 0.108842 -0.608338 -0.162374
v 0.121391 -0.620682 -0.134707
v 0.125671 -0.633928 -0.105017
v 0.121391 -0.647174 -0.075326
v 0.108842 -0.659517 -0.047659
v 0.088880 -0.670117 -0.023901
v 0.062864 -0.678250 -0.005671
v 0.032569 -0.683363 0.005789
v 0.000058 -0.685107 0.009698
v -0.032454 -0.683363 0.005789
v -0.062749 -0.678250 -0.005671
v -0.088764 -0.670117 -0.023901
v -0.108727 -0.659517 -0.047659
v -0.121275 -0.647174 -0.075326
v -0.125556 -0.633928 -0.105017
v -0.121275 -0.620682 -0.134707
v -0.108727 -0.608338 -0.162374
v -0.088764 -0.597739 -0.186132
v -0.062749 -0.589605 -0.204362
v -0.032453 -0.584492 -0.215822
v 0.000058 -0.582748 -0.219731
v 0.000058 -0.659977 -0.182703
v 0.015669 -0.660814 -0.180826
v 0.030217 -0.663269 -0.175323
v 0.042710 -0.667175 -0.166569
v 0.052296 -0.672265 -0.155161
v 0.058321 -0.678192 -0.141875
v 0.060377 -0.684553 -0.127618
v 0.058321 -0.690914 -0.113361
v 0.052296 -0.696841 -0.100075
v 0.042710 -0.701931 -0.088666
v 0.030217 -0.705837 -0.079912
v 0.015669 -0.708292 -0.074409
v 0.000058 -0.709129 -0.072532
v -0.015554 -0.708292 -0.074409
v -0.030102 -0.705837 -0.079912
v -0.042595 -0.701931 -0.088666
v -0.052180 -0.696841 -0.100075
v -0.058206 -0.690914 -0.113361
v -0.060262 -0.684553 -0.127618
v -0.058206 -0.678192 -0.141875
v -0.052180 -0.672265 -0.155161
v -0.042595 -0.667175 -0.166569
v -0.030102 -0.663269 -0.175323
v -0.015554 -0.660814 -0.180826
v 0.000058 -0.680804 -0.163103
v 0.008840 -0.681275 -0.162047
v 0.017023 -0.682656 -0.158952
v 0.024051 -0.684853 -0.154027
v 0.029443 -0.687716 -0.147610
v 0.032833 -0.691051 -0.140136
v 0.033989 -0.694629 -0.132116
v 0.032833 -0.698207 -0.124096
v 0.029443 -0.701541 -0.116622
v 0.024051 -0.704405 -0.110205
v 0.017023 -0.706602 -0.105280
v 0.008840 -0.707983 -0.102185
v 0.000058 -0.708454 -0.101129
v -0.008725 -0.707983 -0.102185
v -0.016908 -0.706602 -0.105280
v -0.023936 -0.704405 -0.110205
v -0.029328 -0.701541 -0.116622
v -0.032718 -0.698207 -0.124096
v -0.033874 -0.694629 -0.132116
v -0.032718 -0.691051 -0.140136
v -0.029328 -0.687716 -0.147610
v -0.023936 -0.684853 -0.154027
v -0.016908 -0.682656 -0.158952
v -0.008724 -0.681275 -0.162047
v 0.019502 -0.321284 -0.044937
v 0.000058 -0.320241 -0.047275
v 0.037622 -0.324342 -0.038083
v 0.053181 -0.329206 -0.027179
v 0.065120 -0.335546 -0.012970
v 0.072626 -0.342928 0.003577
v 0.075185 -0.350851 0.021335
v 0.072626 -0.358773 0.039092
v 0.065120 -0.366155 0.055640
v 0.053181 -0.372495 0.069849
v 0.037622 -0.377359 0.080752
v 0.019502 -0.380417 0.087606
v 0.000058 -0.381460 0.089944
v -0.019387 -0.380417 0.087606
v -0.037506 -0.377359 0.080752
v -0.053066 -0.372495 0.069849
v -0.065005 -0.366155 0.055640
v -0.072510 -0.358773 0.039092
v -0.075070 -0.350851 0.021335
v -0.072510 -0.342928 0.003577
v -0.065005 -0.335546 -0.012970
v -0.053066 -0.329206 -0.027179
v -0.037506 -0.324342 -0.038083
v -0.019387 -0.321284 -0.044937
v -0.016732 -0.295807 -0.022692
v -0.032378 -0.298448 -0.016774
v -0.045813 -0.302649 -0.007360
v -0.056123 -0.308125 0.004909
v -0.062603 -0.314501 0.019196
v -0.064814 -0.321343 0.034529
v -0.062603 -0.328186 0.049861
v -0.056123 -0.334562 0.064149
v -0.045813 -0.340038 0.076417
v -0.032378 -0.344239 0.085832
v -0.016732 -0.346880 0.091750
v 0.000058 -0.347781 0.093768
v 0.016848 -0.346880 0.091750
v 0.032493 -0.344239 0.085832
v 0.045929 -0.340038 0.076417
v 0.056238 -0.334562 0.064149
v 0.062718 -0.328186 0.049861
v 0.064929 -0.321344 0.034529
v 0.062718 -0.314501 0.019196
v 0.056238 -0.308125 0.004909
v 0.045929 -0.302649 -0.007360
v 0.032493 -0.298448 -0.016774
v 0.000058 -0.294906 -0.024711
v 0.016848 -0.295807 -0.022692
v 0.000058 -0.352291 -0.116845
v 0.000058 -0.380280 -0.129340
v 0.032569 -0.382024 -0.125432
v 0.032569 -0.354035 -0.112936
v 0.062864 -0.387137 -0.113972
v 0.062864 -0.359148 -0.101476
v 0.088880 -0.395271 -0.095741
v 0.088880 -0.367281 -0.083246
v 0.108842 -0.405870 -0.071983
v 0.108842 -0.377881 -0.059488
v 0.121391 -0.418214 -0.044316
v 0.121391 -0.390224 -0.031821
v 0.125671 -0.431460 -0.014626
v 0.125671 -0.403470 -0.002131
v 0.121391 -0.444706 0.015064
v 0.121391 -0.416717 0.027560
v 0.108842 -0.457049 0.042731
v 0.108842 -0.429060 0.055226
v 0.088880 -0.467649 0.066489
v 0.088880 -0.439660 0.078985
v 0.062864 -0.475782 0.084719
v 0.062864 -0.447793 0.097215
v 0.032569 -0.480895 0.096179
v 0.032569 -0.452906 0.108675
v 0.000058 -0.482639 0.100088
v 0.000058 -0.454650 0.112583
v -0.032454 -0.480895 0.096179
v -0.032454 -0.452906 0.108675
v -0.062749 -0.475782 0.084719
v -0.062749 -0.447793 0.097215
v -0.088764 -0.467649 0.066489
v -0.088764 -0.439660 0.078985
v -0.108727 -0.457049 0.042731
v -0.108727 -0.429060 0.055226
v -0.121275 -0.444706 0.015064
v -0.121275 -0.416717 0.027560
v -0.125556 -0.431460 -0.014626
v -0.125556 -0.403470 -0.002131
v -0.121275 -0.418214 -0.044316
v -0.121275 -0.390224 -0.031821
v -0.108727 -0.405870 -0.071983
v -0.108727 -0.377881 -0.059488
v -0.088764 -0.395271 -0.095741
v -0.088764 -0.367281 -0.083246
v -0.062749 -0.387137 -0.113972
v -0.062749 -0.359148 -0.101476
v -0.032453 -0.382024 -0.125432
v -0.032453 -0.354035 -0.112936
v -0.027703 -0.383409 -0.114643
v -0.027703 -0.361139 -0.104700
v -0.001835 -0.359751 -0.107810
v -0.001835 -0.382021 -0.117753
v -0.082119 -0.396209 -0.085952
v -0.082119 -0.373939 -0.076009
v -0.098002 -0.404643 -0.067048
v -0.098002 -0.382373 -0.057106
v -0.114265 -0.429371 -0.011621
v -0.114265 -0.407101 -0.001679
v -0.110859 -0.439911 0.012002
v -0.110859 -0.417641 0.021945
v -0.079442 -0.462082 0.061697
v -0.079442 -0.439812 0.071639
v -0.058743 -0.468553 0.076202
v -0.058743 -0.446283 0.086144
v 0.001950 -0.475179 0.091053
v 0.001950 -0.452909 0.100996
v 0.027818 -0.473792 0.087943
v 0.027818 -0.451522 0.097886
v 0.082234 -0.460991 0.059252
v 0.082234 -0.438721 0.069195
v 0.098117 -0.452558 0.040349
v 0.098117 -0.430287 0.050291
v 0.114380 -0.427829 -0.015078
v 0.114380 -0.405559 -0.005136
v 0.110974 -0.417289 -0.038702
v 0.110974 -0.395019 -0.028759
v 0.079557 -0.395119 -0.088396
v 0.079557 -0.372848 -0.078454
v 0.058858 -0.388647 -0.102901
v 0.058858 -0.366377 -0.092959
v 0.030973 -0.372667 0.070236
v -0.059666 -0.357371 0.035949
v 0.016060 -0.326517 -0.033207
v -0.015945 -0.326517 -0.033207
v -0.043663 -0.368664 0.061262
v 0.059781 -0.357371 0.035949
v -0.043663 -0.333037 -0.018592
v -0.015945 -0.375184 0.075876
v 0.059781 -0.344331 0.006720
v 0.016060 -0.375184 0.075876
v -0.061773 -0.350851 0.021335
v 0.043778 -0.333037 -0.018592
v 0.043778 -0.368664 0.061262
v -0.053489 -0.338255 -0.006898
v 0.061888 -0.350851 0.021335
v 0.000058 -0.376042 0.077800
v 0.030973 -0.329034 -0.027566
v -0.053489 -0.363446 0.049568
v -0.059666 -0.344331 0.006720
v 0.000058 -0.325659 -0.035131
v 0.053604 -0.338255 -0.006898
v 0.053604 -0.363446 0.049568
v -0.030858 -0.329034 -0.027566
v -0.030858 -0.372667 0.070236
vt 0.987157 0.756803
vt 0.977793 0.747121
vt 0.987141 0.747105
vt 0.977856 0.729354
vt 0.987278 0.722481
vt 0.987204 0.729339
vt 0.370973 0.970122
vt 0.380244 0.963230
vt 0.380322 0.970140
vt 0.370895 0.963212
vt 0.380194 0.954794
vt 0.370846 0.954777
vt 0.380178 0.945408
vt 0.370829 0.945390
vt 0.380194 0.935710
vt 0.370846 0.935692
vt 0.380244 0.926362
vt 0.370895 0.926344
vt 0.380322 0.918000
vt 0.903403 0.205293
vt 0.912687 0.196895
vt 0.912751 0.205294
vt 0.903339 0.196895
vt 0.912655 0.187527
vt 0.903306 0.187527
vt 0.912655 0.177829
vt 0.903339 0.168461
vt 0.912687 0.168461
vt 0.903403 0.160062
vt 0.912751 0.160063
vt 0.380360 0.915616
vt 0.370924 0.908760
vt 0.380272 0.908758
vt 0.370862 0.900361
vt 0.380210 0.900359
vt 0.370829 0.890994
vt 0.380178 0.890992
vt 0.370829 0.881296
vt 0.380178 0.881293
vt 0.370862 0.871928
vt 0.380210 0.871926
vt 0.370924 0.863529
vt 0.380272 0.863527
vt 0.371012 0.856672
vt 0.380360 0.856669
vt 0.987278 0.774570
vt 0.977856 0.766187
vt 0.987204 0.766171
vt 0.977809 0.756819
vt 0.562805 0.833152
vt 0.548697 0.842098
vt 0.554406 0.828302
vt 0.987157 0.737738
vt 0.377392 0.783974
vt 0.382115 0.780681
vt 0.382074 0.783974
vt 0.989104 0.304183
vt 0.975169 0.294508
vt 0.989088 0.294485
vt 0.989151 0.313550
vt 0.975185 0.304206
vt 0.989225 0.321949
vt 0.975231 0.313574
vt 0.056670 0.845616
vt 0.042839 0.838762
vt 0.056758 0.838758
vt 0.056608 0.854015
vt 0.042751 0.845619
vt 0.056576 0.863383
vt 0.042688 0.854018
vt 0.056576 0.873081
vt 0.042656 0.863386
vt 0.056608 0.882448
vt 0.042656 0.873084
vt 0.056670 0.890847
vt 0.042688 0.882452
vt 0.056758 0.897705
vt 0.042751 0.890851
vt 0.990330 0.451811
vt 0.976474 0.443412
vt 0.990394 0.443412
vt 0.990297 0.461179
vt 0.976411 0.451810
vt 0.976378 0.470876
vt 0.990297 0.470877
vt 0.976411 0.480244
vt 0.990330 0.480244
vt 0.976474 0.488643
vt 0.990394 0.488643
vt 0.971938 0.216083
vt 0.985936 0.207748
vt 0.985857 0.216109
vt 0.971889 0.225432
vt 0.985808 0.225458
vt 0.971872 0.235129
vt 0.985792 0.235155
vt 0.971889 0.244516
vt 0.985808 0.244542
vt 0.971938 0.252952
vt 0.985857 0.252978
vt 0.972016 0.259861
vt 0.985936 0.259888
vt 0.975231 0.276741
vt 0.989225 0.269860
vt 0.989151 0.276718
vt 0.975185 0.285140
vt 0.989104 0.285117
vt 0.210394 0.951823
vt 0.252696 0.960168
vt 0.210394 0.960168
vt 0.210367 0.943763
vt 0.252697 0.951823
vt 0.210315 0.936536
vt 0.252670 0.943763
vt 0.930455 0.314680
vt 0.972681 0.320581
vt 0.930378 0.320581
vt 0.930510 0.307453
vt 0.972758 0.314680
vt 0.930540 0.299393
vt 0.972813 0.307453
vt 0.930542 0.291048
vt 0.972843 0.299393
vt 0.930516 0.282988
vt 0.972845 0.291048
vt 0.930464 0.275761
vt 0.972819 0.282988
vt 0.930390 0.269860
vt 0.972767 0.275761
vt 0.262247 0.936592
vt 0.255021 0.978840
vt 0.255021 0.936537
vt 0.270308 0.936620
vt 0.262247 0.978895
vt 0.278653 0.978922
vt 0.278653 0.936620
vt 0.286713 0.978894
vt 0.286713 0.936591
vt 0.293940 0.978839
vt 0.293940 0.936536
vt 0.106299 0.972402
vt 0.063942 0.979597
vt 0.063996 0.972402
vt 0.106326 0.964359
vt 0.064023 0.964359
vt 0.106324 0.956014
vt 0.064022 0.956014
vt 0.106295 0.947937
vt 0.063992 0.947937
vt 0.106239 0.940679
vt 0.063936 0.940679
vt 0.106161 0.934734
vt 0.063858 0.934734
vt 0.252617 0.975455
vt 0.210240 0.981356
vt 0.210314 0.975455
vt 0.252669 0.968228
vt 0.210366 0.968228
vt 0.790073 0.839521
vt 0.782773 0.846905
vt 0.785283 0.837537
vt 0.790132 0.829139
vt 0.794245 0.832295
vt 0.796990 0.822281
vt 0.800146 0.826394
vt 0.805389 0.817432
vt 0.807373 0.822222
vt 0.814757 0.814922
vt 0.815433 0.820062
vt 0.823778 0.820062
vt 0.824455 0.814922
vt 0.831838 0.822222
vt 0.833822 0.817432
vt 0.842221 0.822281
vt 0.839065 0.826394
vt 0.849079 0.829139
vt 0.844966 0.832295
vt 0.853928 0.837538
vt 0.849138 0.839521
vt 0.856438 0.846905
vt 0.851298 0.847582
vt 0.851298 0.855927
vt 0.856438 0.856603
vt 0.849138 0.863987
vt 0.853928 0.865971
vt 0.844966 0.871214
vt 0.849079 0.874370
vt 0.839065 0.877114
vt 0.842221 0.881227
vt 0.831838 0.881287
vt 0.833822 0.886076
vt 0.824455 0.888586
vt 0.823778 0.883447
vt 0.814756 0.888586
vt 0.815433 0.883447
vt 0.807373 0.881287
vt 0.805389 0.886076
vt 0.800146 0.877114
vt 0.796990 0.881227
vt 0.794245 0.871214
vt 0.790132 0.874370
vt 0.790073 0.863987
vt 0.785283 0.865971
vt 0.782773 0.856603
vt 0.787913 0.855927
vt 0.787913 0.847582
vt 0.889792 0.565734
vt 0.898754 0.570977
vt 0.893964 0.572961
vt 0.883891 0.559833
vt 0.893905 0.562578
vt 0.876664 0.555661
vt 0.887047 0.555720
vt 0.869281 0.548361
vt 0.878648 0.550871
vt 0.868604 0.553501
vt 0.859583 0.548361
vt 0.860259 0.553501
vt 0.850215 0.550871
vt 0.844972 0.559833
vt 0.852199 0.555661
vt 0.839072 0.565734
vt 0.841816 0.555720
vt 0.834899 0.572960
vt 0.834959 0.562578
vt 0.827599 0.580344
vt 0.830109 0.570977
vt 0.832739 0.589366
vt 0.832739 0.581021
vt 0.834899 0.597426
vt 0.827599 0.590042
vt 0.834959 0.607809
vt 0.830109 0.599410
vt 0.839072 0.604653
vt 0.841816 0.614666
vt 0.852199 0.614726
vt 0.844972 0.610554
vt 0.860259 0.616886
vt 0.850215 0.619516
vt 0.869281 0.622026
vt 0.859583 0.622026
vt 0.868604 0.616886
vt 0.878648 0.619516
vt 0.883891 0.610554
vt 0.876664 0.614726
vt 0.889792 0.604653
vt 0.887047 0.614666
vt 0.898754 0.599410
vt 0.893905 0.607809
vt 0.896124 0.589366
vt 0.893964 0.597426
vt 0.896124 0.581021
vt 0.901264 0.590042
vt 0.901264 0.580344
vt 0.372514 0.803296
vt 0.355881 0.815184
vt 0.354676 0.810685
vt 0.375024 0.812664
vt 0.355881 0.819841
vt 0.375024 0.822362
vt 0.354676 0.824339
vt 0.372514 0.831730
vt 0.352347 0.828372
vt 0.367665 0.840129
vt 0.349054 0.831665
vt 0.360807 0.846986
vt 0.345021 0.833993
vt 0.352408 0.851835
vt 0.340523 0.835199
vt 0.343041 0.854345
vt 0.335866 0.835199
vt 0.333343 0.854345
vt 0.331367 0.833993
vt 0.323975 0.851835
vt 0.327334 0.831665
vt 0.315576 0.846986
vt 0.324041 0.828372
vt 0.308719 0.840129
vt 0.321713 0.824339
vt 0.301359 0.822362
vt 0.320507 0.819841
vt 0.301359 0.812664
vt 0.320507 0.815184
vt 0.303869 0.803296
vt 0.321713 0.810685
vt 0.308719 0.794898
vt 0.324041 0.806652
vt 0.315576 0.788040
vt 0.327334 0.803359
vt 0.323975 0.783191
vt 0.331367 0.801031
vt 0.333343 0.780681
vt 0.335866 0.799825
vt 0.343041 0.780681
vt 0.340523 0.799825
vt 0.352408 0.783191
vt 0.345021 0.801031
vt 0.360807 0.788040
vt 0.349054 0.803359
vt 0.367665 0.794897
vt 0.352347 0.806652
vt 0.811320 0.958742
vt 0.804301 0.963623
vt 0.807287 0.956413
vt 0.717243 0.508336
vt 0.721949 0.503856
vt 0.721925 0.508345
vt 0.377348 0.792505
vt 0.382045 0.788007
vt 0.382030 0.792505
vt 0.377356 0.818645
vt 0.382030 0.823135
vt 0.377348 0.823143
vt 0.851030 0.963741
vt 0.855712 0.968396
vt 0.851030 0.968398
vt 0.377348 0.797162
vt 0.382045 0.801661
vt 0.377363 0.801661
vt 0.717243 0.517500
vt 0.721917 0.513002
vt 0.721925 0.517509
vt 0.377379 0.832299
vt 0.382038 0.827792
vt 0.382062 0.832291
vt 0.851046 0.972896
vt 0.855758 0.976928
vt 0.851075 0.976929
vt 0.377392 0.805694
vt 0.382115 0.808987
vt 0.377433 0.808987
vt 0.717304 0.524869
vt 0.721949 0.521560
vt 0.721986 0.524878
vt 0.717267 0.503847
vt 0.721986 0.499841
vt 0.377379 0.814612
vt 0.382038 0.818637
vt 0.851046 0.959242
vt 0.855712 0.963739
vt 0.382030 0.797162
vt 0.377363 0.788007
vt 0.717235 0.512993
vt 0.377356 0.827800
vt 0.855728 0.972895
vt 0.382074 0.805694
vt 0.717267 0.521551
vt 0.377417 0.836332
vt 0.382099 0.836324
vt 0.377417 0.811319
vt 0.382062 0.814604
vt 0.851075 0.955209
vt 0.855728 0.959241
vt 0.792499 0.966786
vt 0.801771 0.962945
vt 0.809732 0.969054
vt 0.783979 0.966068
vt 0.790511 0.971585
vt 0.782773 0.970566
vt 0.802789 0.990582
vt 0.799151 0.982844
vt 0.801771 0.982844
vt 0.814613 0.962035
vt 0.806570 0.964933
vt 0.786307 0.962035
vt 0.791189 0.969054
vt 0.798132 0.990582
vt 0.796620 0.982166
vt 0.816941 0.966068
vt 0.808422 0.966786
vt 0.818147 0.970566
vt 0.810410 0.974205
vt 0.810410 0.971585
vt 0.789600 0.958742
vt 0.793633 0.989376
vt 0.794352 0.980856
vt 0.818147 0.975223
vt 0.809732 0.976735
vt 0.793633 0.956413
vt 0.794352 0.964933
vt 0.789600 0.987048
vt 0.792499 0.979004
vt 0.816941 0.979722
vt 0.808422 0.979004
vt 0.798132 0.955208
vt 0.796620 0.963623
vt 0.786307 0.983755
vt 0.791189 0.976735
vt 0.814613 0.983755
vt 0.806570 0.980856
vt 0.802789 0.955208
vt 0.799151 0.962945
vt 0.783979 0.979722
vt 0.790511 0.974205
vt 0.811320 0.987048
vt 0.804301 0.982166
vt 0.782773 0.975223
vt 0.807287 0.989376
vt 0.517574 0.833151
vt 0.522567 0.849099
vt 0.510716 0.840009
vt 0.510716 0.885240
vt 0.519667 0.871128
vt 0.522567 0.876151
vt 0.554406 0.896947
vt 0.543095 0.884654
vt 0.548697 0.883153
vt 0.574511 0.848408
vt 0.557822 0.849099
vt 0.569662 0.840009
vt 0.535340 0.825792
vt 0.531692 0.842098
vt 0.525972 0.828302
vt 0.577021 0.867474
vt 0.562223 0.859725
vt 0.577021 0.857776
vt 0.503357 0.867474
vt 0.518165 0.859725
vt 0.518165 0.865525
vt 0.535340 0.899457
vt 0.531692 0.883153
vt 0.537294 0.884654
vt 0.574511 0.876841
vt 0.557822 0.876151
vt 0.560722 0.871128
vt 0.543095 0.840596
vt 0.545038 0.825792
vt 0.519667 0.854122
vt 0.505867 0.848408
vt 0.517574 0.892098
vt 0.526668 0.880253
vt 0.562805 0.892098
vt 0.553720 0.880253
vt 0.553721 0.844998
vt 0.526668 0.844998
vt 0.505867 0.876841
vt 0.545038 0.899457
vt 0.562223 0.865526
vt 0.560722 0.854123
vt 0.537294 0.840596
vt 0.503357 0.857776
vt 0.525972 0.896947
vt 0.569662 0.885240
vt 0.347961 0.961780
vt 0.338399 0.956849
vt 0.347970 0.957169
vt 0.996028 0.556569
vt 0.986485 0.551903
vt 0.996052 0.552435
vt 0.348031 0.975299
vt 0.338426 0.971533
vt 0.347993 0.971165
vt 0.844117 0.662393
vt 0.831400 0.631692
vt 0.864346 0.636029
vt 0.347993 0.953035
vt 0.338462 0.948970
vt 0.348031 0.949660
vt 0.060153 0.958362
vt 0.050573 0.962873
vt 0.050581 0.958035
vt 0.207300 0.675521
vt 0.197770 0.679608
vt 0.197730 0.676040
vt 0.347970 0.966554
vt 0.338391 0.961687
vt 0.207267 0.666749
vt 0.197705 0.671683
vt 0.197697 0.666836
vt 0.060176 0.972358
vt 0.050581 0.967881
vt 0.060153 0.967747
vt 0.996052 0.570565
vt 0.986525 0.575262
vt 0.986485 0.570924
vt 0.060212 0.950853
vt 0.050605 0.953698
vt 0.050644 0.950156
vt 0.996020 0.561180
vt 0.986460 0.556240
vt 0.207300 0.657374
vt 0.197706 0.661827
vt 0.197732 0.657000
vt 0.338400 0.966696
vt 0.338423 0.952512
vt 0.986525 0.548361
vt 0.996091 0.549059
vt 0.060176 0.954228
vt 0.207276 0.671369
vt 0.060212 0.976492
vt 0.050605 0.972719
vt 0.060145 0.962973
vt 0.986460 0.566086
vt 0.986452 0.561078
vt 0.207276 0.661975
vt 0.207338 0.653258
vt 0.197773 0.652681
vt 0.996028 0.565954
vt 0.977809 0.737753
vt 0.968791 0.766202
vt 0.958463 0.756851
vt 0.968744 0.756834
vt 0.968865 0.774601
vt 0.958509 0.766219
vt 0.361859 0.863531
vt 0.351666 0.856676
vt 0.361947 0.856674
vt 0.361797 0.871930
vt 0.351578 0.863534
vt 0.361765 0.881298
vt 0.351515 0.871933
vt 0.361765 0.890996
vt 0.351483 0.881300
vt 0.361797 0.900364
vt 0.351483 0.890999
vt 0.361859 0.908763
vt 0.351515 0.900366
vt 0.361947 0.915620
vt 0.351578 0.908765
vt 0.894274 0.168461
vt 0.884056 0.160062
vt 0.894338 0.160062
vt 0.894242 0.177828
vt 0.883993 0.168460
vt 0.883960 0.187526
vt 0.894242 0.187527
vt 0.883993 0.196894
vt 0.894274 0.196894
vt 0.884056 0.205293
vt 0.894338 0.205293
vt 0.351549 0.926308
vt 0.361909 0.917966
vt 0.361831 0.926327
vt 0.351500 0.935656
vt 0.361782 0.935675
vt 0.351483 0.945354
vt 0.361765 0.945373
vt 0.351500 0.954741
vt 0.361782 0.954760
vt 0.351549 0.963176
vt 0.361831 0.963195
vt 0.351627 0.970086
vt 0.361909 0.970105
vt 0.958509 0.729387
vt 0.968865 0.722512
vt 0.968791 0.729370
vt 0.958463 0.737786
vt 0.968744 0.737768
vt 0.958447 0.747153
vt 0.968728 0.747136
vt 0.718523 0.551712
vt 0.721761 0.560419
vt 0.718523 0.561410
vt 0.977930 0.774585
vt 0.911170 0.314548
vt 0.908180 0.322707
vt 0.908180 0.315494
vt 0.718523 0.599800
vt 0.721906 0.607940
vt 0.718523 0.608865
vt 0.913494 0.323613
vt 0.916484 0.315455
vt 0.916484 0.322667
vt 0.903306 0.177829
vt 0.526457 0.695916
vt 0.523219 0.704623
vt 0.523219 0.696906
vt 0.721761 0.537366
vt 0.718523 0.528659
vt 0.721761 0.527668
vt 0.119724 0.757495
vt 0.116734 0.765613
vt 0.116734 0.758400
vt 0.500361 0.891060
vt 0.497123 0.899211
vt 0.497123 0.891998
vt 0.836354 0.941806
vt 0.843567 0.949522
vt 0.836354 0.949522
vt 0.921941 0.315526
vt 0.921941 0.322739
vt 0.360560 0.769741
vt 0.367773 0.777455
vt 0.360560 0.777457
vt 0.292230 0.920483
vt 0.286773 0.927764
vt 0.286773 0.920552
vt 0.381894 0.769739
vt 0.374681 0.777455
vt 0.374681 0.769739
vt 0.289557 0.703897
vt 0.296819 0.697244
vt 0.296769 0.703897
vt 0.853103 0.941832
vt 0.845891 0.949274
vt 0.845891 0.941806
vt 0.902724 0.315426
vt 0.902724 0.322638
vt 0.721761 0.575756
vt 0.718523 0.584463
vt 0.718523 0.576747
vt 0.119724 0.743783
vt 0.116734 0.735624
vt 0.119724 0.734718
vt 0.980977 0.879470
vt 0.984215 0.871320
vt 0.984215 0.878532
vt 0.500371 0.854629
vt 0.497078 0.846481
vt 0.500371 0.845565
vt 0.721761 0.573432
vt 0.718523 0.564725
vt 0.721761 0.563734
vt 0.526457 0.647827
vt 0.523219 0.656535
vt 0.523219 0.648818
vt 0.721761 0.587778
vt 0.718523 0.596485
vt 0.718523 0.588769
vt 0.119724 0.755171
vt 0.116734 0.747054
vt 0.119724 0.746107
vt 0.500361 0.877348
vt 0.497123 0.869197
vt 0.500361 0.868283
vt 0.523219 0.683893
vt 0.526457 0.692600
vt 0.523219 0.693592
vt 0.526456 0.731982
vt 0.523219 0.740689
vt 0.523219 0.732972
vt 0.523219 0.669547
vt 0.526457 0.660840
vt 0.526457 0.668557
vt 0.722228 0.632321
vt 0.719343 0.624206
vt 0.722228 0.623256
vt 0.526456 0.729658
vt 0.523219 0.720950
vt 0.526456 0.719960
vt 0.283783 0.928669
vt 0.927502 0.323613
vt 0.924265 0.315488
vt 0.927502 0.314548
vt 0.500361 0.902449
vt 0.497123 0.910574
vt 0.497123 0.903361
vt 0.526457 0.681569
vt 0.523219 0.672862
vt 0.526457 0.671871
vt 0.718523 0.549388
vt 0.721761 0.540681
vt 0.721761 0.548397
vt 0.497123 0.888736
vt 0.500361 0.880611
vt 0.500361 0.887823
vt 0.297715 0.694750
vt 0.289607 0.697244
vt 0.288650 0.694750
vt 0.526457 0.645503
vt 0.523219 0.636796
vt 0.526457 0.635805
vt 0.718523 0.611234
vt 0.721761 0.619942
vt 0.718523 0.620933
vt 0.526457 0.707938
vt 0.523219 0.716645
vt 0.523219 0.708928
vt 0.525687 0.851493
vt 0.523300 0.855627
vt 0.533197 0.845731
vt 0.529062 0.848118
vt 0.542581 0.844495
vt 0.537808 0.844495
vt 0.522065 0.860238
vt 0.557089 0.869623
vt 0.558324 0.865012
vt 0.551326 0.877133
vt 0.554702 0.873757
vt 0.547192 0.845731
vt 0.557089 0.855627
vt 0.523300 0.869623
vt 0.525687 0.873757
vt 0.542581 0.880755
vt 0.547192 0.879520
vt 0.533197 0.879520
vt 0.522065 0.865012
vt 0.554702 0.851493
vt 0.537808 0.880755
vt 0.551326 0.848118
vt 0.558324 0.860238
vt 0.529062 0.877133
vt 0.977930 0.722497
vt 0.370973 0.917983
vt 0.371012 0.915618
vt 0.377433 0.780681
vt 0.975306 0.321972
vt 0.042839 0.897708
vt 0.976378 0.461178
vt 0.972016 0.207722
vt 0.975306 0.269884
vt 0.252618 0.936536
vt 0.972693 0.269860
vt 0.270308 0.978923
vt 0.106245 0.979597
vt 0.252543 0.981356
vt 0.303869 0.831730
vt 0.717304 0.499832
vt 0.382099 0.811311
vt 0.855758 0.955208
vt 0.338466 0.975871
vt 0.865643 0.640867
vt 0.865643 0.645875
vt 0.864346 0.650713
vt 0.861842 0.655051
vt 0.858301 0.658592
vt 0.853963 0.661096
vt 0.849125 0.662393
vt 0.839279 0.661096
vt 0.834942 0.658592
vt 0.831400 0.655051
vt 0.828896 0.650713
vt 0.827600 0.645875
vt 0.827600 0.640867
vt 0.828896 0.636029
vt 0.834942 0.628150
vt 0.849125 0.624350
vt 0.839279 0.625646
vt 0.844117 0.624350
vt 0.853963 0.625646
vt 0.858301 0.628150
vt 0.861842 0.631692
vt 0.207338 0.678922
vt 0.996091 0.574699
vt 0.050644 0.977057
vt 0.958584 0.774618
vt 0.351666 0.915623
vt 0.883960 0.177828
vt 0.351627 0.917946
vt 0.958584 0.722529
vt 0.721761 0.552703
vt 0.911170 0.323613
vt 0.721906 0.600727
vt 0.913494 0.314548
vt 0.526457 0.705614
vt 0.718523 0.536376
vt 0.119724 0.766560
vt 0.500361 0.900125
vt 0.843567 0.941806
vt 0.367773 0.769739
vt 0.292230 0.927696
vt 0.381894 0.777456
vt 0.853103 0.949301
vt 0.721761 0.585454
vt 0.116734 0.742837
vt 0.980977 0.870406
vt 0.497078 0.853694
vt 0.718523 0.572442
vt 0.526457 0.657525
vt 0.721761 0.597476
vt 0.116734 0.754266
vt 0.497123 0.876409
vt 0.526457 0.684884
vt 0.526456 0.741680
vt 0.523219 0.659849
vt 0.719343 0.631419
vt 0.523219 0.728667
vt 0.283783 0.919605
vt 0.924265 0.322700
vt 0.500361 0.911513
vt 0.523219 0.680579
vt 0.718523 0.539690
vt 0.497123 0.879672
vt 0.523219 0.644513
vt 0.721761 0.612225
vt 0.526457 0.717636
vn -0.2588 0.3938 -0.8820
vn 0.0438 0.4073 -0.9123
vn 0.0000 0.4077 -0.9131
vn 0.4616 0.3616 -0.8101
vn 0.7071 0.2883 -0.6457
vn 0.5000 0.3530 -0.7908
vn 0.7374 0.2753 -0.6168
vn 0.8660 0.2038 -0.4566
vn 0.9659 0.1055 -0.2364
vn 0.9537 0.1227 -0.2748
vn 1.0000 0.0000 -0.0000
vn 0.9990 -0.0179 0.0400
vn 0.9659 -0.1055 0.2363
vn 0.8660 -0.2038 0.4566
vn 0.8871 -0.1882 0.4215
vn 0.7071 -0.2883 0.6457
vn 0.6754 -0.3006 0.6734
vn 0.5000 -0.3530 0.7908
vn 0.2588 -0.3938 0.8820
vn 0.3009 -0.3888 0.8708
vn 0.0000 -0.4077 0.9131
vn -0.2588 -0.3938 0.8820
vn -0.4615 -0.3616 0.8101
vn -0.5000 -0.3530 0.7908
vn -0.7374 -0.2753 0.6168
vn -0.7071 -0.2883 0.6457
vn -0.8660 -0.2038 0.4566
vn -0.9536 -0.1227 0.2748
vn -0.9659 -0.1055 0.2363
vn -0.9990 0.0179 -0.0400
vn -1.0000 0.0000 -0.0000
vn -0.9659 0.1055 -0.2363
vn -0.9659 0.1055 -0.2364
vn -0.8871 0.1882 -0.4215
vn -0.8660 0.2038 -0.4566
vn -0.6754 0.3006 -0.6734
vn -0.7071 0.2883 -0.6457
vn -0.5000 0.3530 -0.7908
vn -0.3009 0.3888 -0.8708
vn 0.3571 0.9160 0.1829
vn 0.3983 0.8755 0.2737
vn 0.2588 0.3938 -0.8820
vn -0.9659 -0.1055 0.2364
vn 0.9659 -0.1055 0.2364
vn 0.9659 0.1055 -0.2363
vn 0.0000 0.9132 0.4074
vn -0.0000 -0.9132 -0.4074
vn 0.0000 -0.5694 -0.8220
vn 0.1342 -0.5766 -0.8059
vn 0.1343 -0.5766 -0.8059
vn 0.2593 -0.5978 -0.7586
vn 0.2594 -0.5978 -0.7586
vn 0.3668 -0.6313 -0.6833
vn 0.4492 -0.6751 -0.5852
vn 0.5010 -0.7261 -0.4709
vn 0.5186 -0.7808 -0.3484
vn 0.5010 -0.8355 -0.2258
vn 0.4491 -0.8865 -0.1116
vn 0.4491 -0.8865 -0.1115
vn 0.3667 -0.9302 -0.0135
vn 0.2593 -0.9638 0.0618
vn 0.1342 -0.9849 0.1091
vn -0.0000 -0.9921 0.1252
vn -0.1342 -0.9849 0.1091
vn -0.2593 -0.9638 0.0618
vn -0.3667 -0.9302 -0.0135
vn -0.4491 -0.8865 -0.1115
vn -0.5010 -0.8355 -0.2258
vn -0.5186 -0.7808 -0.3484
vn -0.5010 -0.7261 -0.4709
vn -0.4492 -0.6751 -0.5852
vn -0.3668 -0.6313 -0.6833
vn -0.2594 -0.5978 -0.7586
vn -0.2593 -0.5978 -0.7586
vn -0.1343 -0.5766 -0.8059
vn -0.1342 -0.5766 -0.8059
vn -0.2728 -0.7314 -0.6250
vn -0.1840 -0.8491 -0.4952
vn -0.3341 -0.7639 -0.5521
vn -0.8660 0.2038 -0.4565
vn -0.1502 -0.9536 -0.2610
vn -0.2052 -0.8700 -0.4484
vn -0.0550 -0.8088 -0.5855
vn -0.1929 -0.9787 -0.0708
vn -0.0550 -0.9760 -0.2108
vn -0.0998 -0.9944 -0.0356
vn 0.3858 -0.8425 -0.3759
vn 0.2052 -0.9148 -0.3479
vn 0.2124 -0.8924 -0.3981
vn -0.1929 -0.7064 -0.6810
vn -0.1502 -0.8312 -0.5353
vn -0.2728 -0.9537 -0.1268
vn -0.1062 -0.9673 -0.2301
vn 0.3726 -0.8832 -0.2847
vn 0.1839 -0.9357 -0.3012
vn -0.0999 -0.6907 -0.7162
vn -0.1062 -0.8174 -0.5661
vn -0.0000 -0.6853 -0.7282
vn 0.0550 -0.8088 -0.5855
vn -0.0000 -0.8058 -0.5921
vn -0.3341 -0.9211 -0.1997
vn 0.3341 -0.9211 -0.1997
vn 0.1502 -0.9536 -0.2610
vn 0.0999 -0.6907 -0.7162
vn 0.1062 -0.8174 -0.5661
vn -0.3726 -0.8832 -0.2847
vn -0.1839 -0.9357 -0.3012
vn 0.2728 -0.9537 -0.1268
vn 0.1062 -0.9673 -0.2301
vn 0.1929 -0.7064 -0.6810
vn 0.1502 -0.8312 -0.5353
vn -0.3858 -0.8425 -0.3759
vn -0.2051 -0.9148 -0.3479
vn 0.1929 -0.9787 -0.0708
vn 0.0550 -0.9760 -0.2108
vn 0.2728 -0.7314 -0.6250
vn 0.1840 -0.8491 -0.4952
vn -0.3727 -0.8019 -0.4671
vn -0.2124 -0.8924 -0.3981
vn 0.0998 -0.9944 -0.0356
vn -0.0000 -0.9789 -0.2042
vn 0.3341 -0.7639 -0.5521
vn 0.2052 -0.8700 -0.4483
vn -0.0000 -0.9997 -0.0236
vn 0.3727 -0.8019 -0.4671
vn 0.2915 0.7133 0.6374
vn 0.2061 0.6866 0.6972
vn -0.2915 0.7133 0.6374
vn -0.2061 0.6866 0.6972
vn -0.3571 0.9160 0.1829
vn -0.3983 0.8755 0.2737
vn 0.2062 0.9775 0.0450
vn 0.2916 0.9508 0.1049
vn 0.3982 0.7885 0.4687
vn 0.3570 0.7481 0.5594
vn 0.3570 0.7480 0.5594
vn -0.0000 1.0000 -0.0055
vn 0.1067 0.9943 0.0074
vn -0.1067 0.6698 0.7348
vn -0.0000 0.6641 0.7476
vn -0.4123 0.8320 0.3712
vn -0.3982 0.7885 0.4686
vn -0.1067 0.9943 0.0074
vn -0.2062 0.9775 0.0450
vn 0.4123 0.8320 0.3712
vn 0.1067 0.6698 0.7348
vn -0.3570 0.7480 0.5594
vn -0.3570 0.7481 0.5594
vn -0.2916 0.9508 0.1049
vn 0.3982 0.7885 0.4686
vn -0.3982 0.7885 0.4687
vn -0.9956 -0.0855 -0.0382
vn -0.9617 0.0196 -0.2734
vn -0.9617 0.0197 -0.2735
vn -0.2577 -0.4781 0.8397
vn -0.4977 -0.4375 0.7489
vn -0.4978 -0.4375 0.7489
vn -0.7040 -0.3729 0.6044
vn -0.8622 -0.2888 0.4163
vn -0.8622 -0.2887 0.4162
vn -0.0000 0.9132 0.4075
vn -0.8622 0.1177 -0.4927
vn -0.7041 0.2018 -0.6809
vn -0.7040 0.2019 -0.6809
vn 0.2577 0.3071 -0.9161
vn 0.0000 0.3209 -0.9471
vn 0.8622 0.1177 -0.4927
vn 0.7041 0.2018 -0.6809
vn 0.8623 0.1177 -0.4926
vn -0.9617 -0.1907 0.1970
vn -0.9956 -0.0856 -0.0381
vn 0.9956 -0.0855 -0.0382
vn 0.9617 0.0196 -0.2734
vn 0.9956 -0.0856 -0.0381
vn -0.4978 0.2665 -0.8253
vn -0.2577 0.3071 -0.9161
vn 0.4978 -0.4375 0.7489
vn 0.7039 -0.3729 0.6045
vn 0.4977 -0.4375 0.7489
vn 0.7040 0.2019 -0.6809
vn 0.4979 0.2664 -0.8253
vn 0.0000 -0.4919 0.8706
vn -0.2576 -0.4781 0.8397
vn 0.8622 -0.2887 0.4162
vn 0.9616 -0.1907 0.1971
vn 0.8622 -0.2888 0.4163
vn -0.9616 -0.1907 0.1971
vn -0.8623 0.1177 -0.4926
vn -0.7039 -0.3729 0.6045
vn 0.4978 0.2665 -0.8253
vn 0.9617 0.0197 -0.2735
vn -0.4979 0.2664 -0.8253
vn 0.2576 -0.4781 0.8397
vn 0.9617 -0.1907 0.1970
vn 0.7040 -0.3729 0.6044
vn 0.2577 -0.4781 0.8397
vn -0.9537 -0.1227 0.2748
vn -0.7374 -0.2753 0.6167
vn -0.4616 -0.3616 0.8101
vn -0.0438 -0.4073 0.9123
vn 0.9536 0.1227 -0.2748
vn 0.4615 0.3616 -0.8101
vn -0.2727 0.8634 0.4245
vn -0.5805 0.3319 -0.7435
vn 0.9862 -0.0674 0.1510
vn -0.8143 -0.2366 0.5301
vn 0.2182 -0.9462 -0.2388
vn -0.2727 -0.8926 -0.3589
vn -0.3499 -0.3819 0.8554
vn -0.4149 0.3709 -0.8308
vn -0.1305 0.4042 -0.9053
vn -0.7934 0.2482 -0.5559
vn -0.9914 -0.0532 0.1192
vn -0.6088 -0.3234 0.7244
vn 0.1305 -0.4042 0.9053
vn 0.7934 -0.2482 0.5559
vn 0.9914 0.0532 -0.1192
vn 0.6088 0.3234 -0.7244
vn 0.2182 0.8098 0.5446
vn 0.3500 0.3819 -0.8554
vn -0.9098 -0.1692 0.3789
vn 0.9368 -0.1427 0.3196
vn -0.2182 -0.8098 -0.5446
vn 0.0359 -0.9891 -0.1427
vn 0.1674 -0.7891 -0.5910
vn 0.5805 -0.3319 0.7435
vn 0.1653 0.4021 -0.9006
vn -0.2182 0.9462 0.2388
vn 0.0359 0.7669 0.6408
vn 0.1674 0.9669 0.1925
vn 0.9098 0.1692 -0.3789
vn -0.0359 -0.7669 -0.6408
vn -0.9368 0.1427 -0.3196
vn 0.4149 -0.3709 0.8308
vn -0.9862 0.0674 -0.1510
vn -0.1674 -0.9669 -0.1925
vn 0.2727 -0.8634 -0.4245
vn -0.1653 -0.4021 0.9006
vn 0.8143 0.2366 -0.5301
vn -0.0359 0.9891 0.1427
vn -0.1674 0.7891 0.5910
vn 0.2727 0.8926 0.3589
vn 0.0000 0.9132 0.4076
usemtl Paint.001
s 1
f 472/882/135 642/883/136 498/884/137
f 645/885/138 452/886/139 451/887/140
f 647/888/141 453/889/142 452/890/139
f 649/891/142 454/892/143 453/889/142
f 651/893/144 455/894/145 454/892/143
f 653/895/146 456/896/147 455/894/145
f 655/897/147 457/898/148 456/896/147
f 657/899/149 458/900/150 457/898/148
f 659/901/151 459/902/152 458/903/150
f 661/904/152 460/905/153 459/902/152
f 663/906/154 461/907/155 460/905/153
f 461/907/155 667/908/156 462/909/156
f 462/909/156 669/910/157 463/911/158
f 463/912/158 671/913/159 464/914/160
f 464/914/160 673/915/161 465/916/161
f 465/916/161 675/917/162 466/918/163
f 466/918/163 677/919/164 467/920/165
f 467/920/165 679/921/166 468/922/167
f 468/922/167 681/923/168 469/924/169
f 469/924/169 683/925/170 470/926/171
f 470/927/171 685/928/172 471/929/172
f 471/929/172 687/930/173 472/882/135
f 386/931/174 598/932/175 388/933/175
f 642/883/136 450/934/176 498/884/137
f 381/935/140 548/936/139 547/937/140
f 543/938/135 474/939/137 544/940/137
f 542/941/172 473/942/135 543/938/135
f 541/943/171 475/944/172 542/941/172
f 540/945/169 476/946/171 541/947/171
f 539/948/167 477/949/169 540/945/169
f 538/950/165 478/951/166 539/948/167
f 537/952/163 479/953/165 538/950/165
f 536/954/161 480/955/177 537/952/163
f 535/956/160 481/957/161 536/954/161
f 534/958/158 482/959/160 535/956/160
f 533/960/156 483/961/158 534/962/158
f 532/963/155 484/964/156 533/960/156
f 486/965/153 532/963/155 531/966/153
f 487/967/152 531/966/153 530/968/152
f 488/969/150 530/968/152 529/970/150
f 489/971/148 529/972/150 528/973/148
f 490/974/178 528/973/148 527/975/147
f 491/976/145 527/975/147 526/977/145
f 492/978/179 526/977/145 525/979/143
f 493/980/142 525/979/143 524/981/142
f 494/982/139 524/981/142 523/983/139
f 495/984/140 523/985/139 522/986/140
f 496/987/176 522/986/140 521/988/176
f 474/939/137 521/988/176 544/940/137
f 448/989/135 449/990/137 425/991/137
f 447/992/172 497/993/135 448/989/135
f 446/994/171 499/995/172 447/992/172
f 445/996/169 500/997/171 446/998/171
f 444/999/167 501/1000/169 445/996/169
f 443/1001/165 502/1002/166 444/999/167
f 442/1003/163 503/1004/165 443/1001/165
f 441/1005/161 504/1006/177 442/1003/163
f 440/1007/160 505/1008/161 441/1005/161
f 439/1009/158 506/1010/160 440/1007/160
f 438/1011/156 507/1012/158 439/1013/158
f 437/1014/155 508/1015/156 438/1011/156
f 510/1016/153 437/1014/155 436/1017/153
f 511/1018/152 436/1017/153 435/1019/152
f 512/1020/150 435/1019/152 434/1021/150
f 513/1022/148 434/1023/150 433/1024/148
f 514/1025/178 433/1024/148 432/1026/147
f 515/1027/145 432/1026/147 431/1028/145
f 516/1029/179 431/1028/145 430/1030/143
f 517/1031/142 430/1030/143 429/1032/142
f 518/1033/139 429/1032/142 428/1034/139
f 519/1035/140 428/1036/139 427/1037/140
f 520/1038/176 427/1037/140 426/1039/176
f 449/990/137 426/1039/176 425/991/137
f 448/1040/180 474/1041/180 473/1042/180
f 448/1040/180 475/1043/180 447/1044/180
f 447/1044/180 476/1045/180 446/1046/180
f 446/1046/180 477/1047/180 445/1048/180
f 445/1048/180 478/1049/180 444/1050/180
f 443/1051/180 478/1049/180 479/1052/180
f 442/1053/180 479/1052/180 480/1054/180
f 442/1053/180 481/1055/180 441/1056/180
f 441/1056/180 482/1057/180 440/1058/180
f 440/1058/180 483/1059/180 439/1060/180
f 439/1060/180 484/1061/180 438/1062/180
f 437/1063/180 484/1061/180 485/1064/180
f 436/1065/180 485/1064/180 486/1066/180
f 435/1067/180 486/1066/180 487/1068/180
f 434/1069/180 487/1068/180 488/1070/180
f 433/1071/180 488/1070/180 489/1072/180
f 433/1071/180 490/1073/180 432/1074/180
f 432/1074/180 491/1075/180 431/1076/180
f 430/1077/180 491/1075/180 492/1078/180
f 429/1079/180 492/1078/180 493/1080/180
f 428/1081/180 493/1080/180 494/1082/180
f 427/1083/180 494/1082/180 495/1084/180
f 427/1083/180 496/1085/180 426/1086/180
f 425/1087/180 496/1085/180 474/1041/180
f 497/1088/181 498/1089/181 449/1090/181
f 499/1091/181 472/1092/181 497/1088/181
f 500/1093/181 471/1094/181 499/1091/181
f 500/1093/181 469/1095/181 470/1096/181
f 501/1097/181 468/1098/181 469/1095/181
f 502/1099/181 467/1100/181 468/1098/181
f 504/1101/181 467/1100/181 503/1102/181
f 505/1103/181 466/1104/181 504/1101/181
f 506/1105/181 465/1106/181 505/1103/181
f 506/1105/181 463/1107/181 464/1108/181
f 508/1109/181 463/1107/181 507/1110/181
f 509/1111/181 462/1112/181 508/1109/181
f 509/1111/181 460/1113/181 461/1114/181
f 510/1115/181 459/1116/181 460/1113/181
f 512/1117/181 459/1116/181 511/1118/181
f 513/1119/181 458/1120/181 512/1117/181
f 513/1119/181 456/1121/181 457/1122/181
f 514/1123/181 455/1124/181 456/1121/181
f 516/1125/181 455/1124/181 515/1126/181
f 517/1127/181 454/1128/181 516/1125/181
f 517/1127/181 452/1129/181 453/1130/181
f 519/1131/181 452/1129/181 518/1132/181
f 520/1133/181 451/1134/181 519/1131/181
f 449/1090/181 450/1135/181 520/1133/181
f 544/1136/182 379/1137/183 377/1138/182
f 521/1139/184 381/1140/185 379/1137/183
f 522/1141/186 383/1142/187 381/1140/185
f 523/1143/187 385/1144/188 383/1142/187
f 524/1145/188 387/1146/189 385/1144/188
f 525/1147/189 389/1148/190 387/1146/189
f 526/1149/190 391/1150/191 389/1148/190
f 527/1151/191 393/1152/192 391/1150/191
f 528/1153/193 395/1154/194 393/1152/192
f 529/1155/194 397/1156/195 395/1154/194
f 530/1157/195 399/1158/196 397/1156/195
f 531/1159/196 401/1160/197 399/1158/196
f 401/1160/197 533/1161/198 403/1162/198
f 403/1162/198 534/1163/199 405/1164/199
f 405/1164/199 535/1165/200 407/1166/200
f 407/1166/200 536/1167/201 409/1168/201
f 409/1168/201 537/1169/202 411/1170/202
f 411/1170/202 538/1171/203 413/1172/203
f 413/1172/203 539/1173/204 415/1174/204
f 415/1174/204 540/1175/205 417/1176/205
f 417/1176/205 541/1177/206 419/1178/206
f 419/1178/206 542/1179/207 421/1180/208
f 421/1180/208 543/1181/209 423/1182/210
f 423/1182/210 544/1136/182 377/1138/182
f 566/1183/211 589/1184/212 565/1185/213
f 391/1186/178 553/1187/148 552/1188/147
f 377/1189/137 546/1190/176 545/1191/137
f 403/1192/156 557/1193/155 401/1194/155
f 413/1195/165 562/1196/163 411/1197/177
f 423/1198/135 567/1199/172 421/1200/172
f 387/1201/179 551/1202/145 550/1203/143
f 397/1204/152 556/1205/153 555/1206/152
f 409/1207/161 560/1208/160 407/1209/160
f 419/1210/171 565/1211/169 417/1212/214
f 383/1213/139 549/1214/142 548/1215/139
f 393/1216/148 554/1217/150 553/1187/148
f 405/1218/158 558/1219/156 403/1192/156
f 415/1220/166 563/1221/165 413/1195/165
f 377/1189/137 568/1222/135 423/1198/135
f 379/1223/176 547/937/140 546/1190/176
f 389/1224/145 552/1188/147 551/1202/145
f 399/1225/153 557/1193/155 556/1205/153
f 411/1197/177 561/1226/161 409/1207/161
f 421/1200/172 566/1227/171 419/1210/171
f 385/1228/142 550/1203/143 549/1214/142
f 395/1229/150 555/1206/152 554/1230/150
f 407/1231/160 559/1232/158 405/1218/158
f 417/1233/214 564/1234/167 415/1220/166
f 584/1235/215 588/1236/216 592/1237/217
f 559/1238/218 582/1239/219 558/1240/220
f 551/1241/221 576/1242/222 575/1243/223
f 567/1244/224 590/1245/225 566/1183/211
f 560/1246/226 583/1247/227 559/1238/218
f 552/1248/228 577/1249/229 576/1242/222
f 568/1250/230 591/1251/231 567/1244/224
f 545/1252/232 570/1253/233 569/1254/234
f 561/1255/235 584/1235/215 560/1246/226
f 553/1256/236 578/1257/237 577/1249/229
f 545/1252/232 592/1237/217 568/1250/230
f 546/1258/238 571/1259/239 570/1253/233
f 562/1260/240 585/1261/241 561/1255/235
f 554/1262/242 579/1263/243 578/1257/237
f 547/1264/244 572/1265/245 571/1259/239
f 563/1266/246 586/1267/247 562/1260/240
f 555/1268/248 580/1269/249 579/1263/243
f 548/1270/250 573/1271/251 572/1265/245
f 564/1272/252 587/1273/253 563/1266/246
f 556/1274/254 581/1275/255 580/1269/249
f 549/1276/256 574/1277/257 573/1271/251
f 565/1185/213 588/1236/216 564/1272/252
f 558/1240/220 581/1275/255 557/1278/258
f 550/1279/259 575/1243/223 574/1277/257
f 396/1280/260 603/1281/261 398/1282/261
f 408/1283/262 607/1284/263 608/1285/262
f 418/1286/264 612/1287/265 613/1288/264
f 382/1289/266 596/1290/267 384/1291/267
f 392/1292/268 601/1293/269 394/1294/270
f 378/1295/271 593/1296/272 380/1297/272
f 404/1298/273 605/1299/274 606/1300/273
f 414/1301/275 610/1302/276 611/1303/275
f 424/1304/277 615/1305/278 616/1306/277
f 388/933/175 599/1307/279 390/1308/279
f 398/1282/261 604/1309/280 400/1310/280
f 410/1311/281 608/1285/262 609/1312/282
f 420/1313/283 613/1288/264 614/1314/283
f 384/1291/267 597/1315/174 386/931/174
f 394/1294/270 602/1316/260 396/1280/260
f 406/1317/263 606/1300/273 607/1284/263
f 416/1318/265 611/1303/275 612/1287/265
f 378/1295/271 616/1306/277 594/1319/271
f 380/1297/272 595/1320/266 382/1289/266
f 390/1308/279 600/1321/284 392/1292/268
f 400/1310/280 605/1299/274 402/1322/274
f 412/1323/285 609/1312/282 610/1302/276
f 422/1324/278 614/1314/283 615/1305/278
f 731/1325/286 621/1326/287 739/1327/288
f 728/1328/289 626/1329/290 744/1330/291
f 725/1331/292 624/1332/293 738/1333/294
f 622/1334/295 630/1335/295 638/1336/295
f 734/1337/296 619/1338/297 727/1339/298
f 723/1340/299 639/1341/300 640/1342/299
f 741/1343/301 637/1344/302 636/1345/303
f 722/1346/304 622/1347/305 731/1325/286
f 735/1348/306 635/1349/307 634/1350/308
f 743/1351/309 617/1352/310 724/1353/310
f 721/1354/311 631/1355/312 630/1356/313
f 732/1357/314 638/1358/315 637/1359/302
f 736/1360/316 627/1361/317 728/1328/289
f 742/1362/318 633/1363/319 632/1364/320
f 738/1333/294 623/1365/321 722/1346/304
f 739/1327/288 620/1366/322 734/1337/296
f 744/1330/291 625/1367/323 725/1368/292
f 737/1369/324 640/1342/299 638/1358/315
f 729/1370/325 636/1345/303 635/1349/307
f 727/1371/298 618/1372/326 743/1351/309
f 724/1353/310 639/1341/300 740/1373/300
f 736/1360/316 629/1374/327 628/1375/316
f 726/1376/328 634/1350/308 633/1363/319
f 733/1377/329 632/1364/320 631/1378/312
f 730/1379/330 630/1356/313 629/1374/327
f 643/1380/176 451/887/140 450/934/176
f 686/1381/172 424/1382/135 688/1383/173
f 684/1384/170 422/1385/172 686/1381/172
f 682/1386/168 420/1387/171 684/1388/170
f 680/1389/166 418/1390/169 682/1386/168
f 678/1391/164 416/1392/166 680/1389/166
f 676/1393/331 414/1394/165 678/1391/164
f 674/1395/161 412/1396/177 676/1393/331
f 672/1397/332 410/1398/161 674/1395/161
f 670/1399/333 408/1400/160 672/1397/332
f 668/1401/156 406/1402/158 670/1403/333
f 666/1404/334 404/1405/156 668/1401/156
f 400/1406/153 666/1404/334 664/1407/154
f 398/1408/152 664/1407/154 662/1409/152
f 396/1410/150 662/1409/152 660/1411/151
f 394/1412/148 660/1413/151 658/1414/149
f 392/1415/178 658/1414/149 656/1416/147
f 390/1417/145 656/1416/147 654/1418/146
f 388/1419/179 654/1418/146 652/1420/335
f 386/1421/142 652/1420/335 650/1422/142
f 384/1423/139 650/1422/142 648/1424/141
f 382/1425/140 648/1426/141 646/1427/336
f 380/1428/176 646/1427/336 644/1429/176
f 378/1430/137 644/1429/176 641/1431/136
f 675/1432/337 697/1433/337 677/1434/337
f 688/1383/173 685/928/172 686/1381/172
f 686/1381/172 683/1435/170 684/1384/170
f 648/1436/338 717/1437/338 718/1438/338
f 682/1386/168 679/921/166 680/1389/166
f 680/1389/166 677/919/164 678/1391/164
f 665/1439/339 706/1440/339 666/1441/339
f 676/1393/331 673/915/161 674/1395/161
f 674/1395/161 671/913/159 672/1397/332
f 684/1442/340 693/1443/340 694/1444/340
f 670/1403/333 667/908/156 668/1401/156
f 668/1401/156 665/1445/334 666/1404/334
f 658/1446/341 710/1447/341 712/1448/341
f 662/1409/152 663/906/154 661/904/152
f 660/1411/151 661/904/152 659/901/151
f 678/1449/342 700/1450/342 676/1451/342
f 656/1416/147 657/899/149 655/897/147
f 654/1418/146 655/897/147 653/895/146
f 657/1452/343 712/1453/343 711/1454/343
f 650/1422/142 651/893/144 649/891/142
f 648/1424/141 649/891/142 647/888/141
f 675/1455/344 700/1456/344 699/1457/344
f 644/1429/176 645/885/138 643/1380/176
f 641/1431/136 643/1380/176 642/883/136
f 688/1383/173 378/1430/137 641/1431/136
f 691/1458/345 689/1459/345 690/1460/345
f 694/1444/346 695/1461/346 696/1462/346
f 698/1463/347 699/1464/347 700/1465/347
f 702/1466/348 703/1467/348 704/1468/348
f 708/1469/349 705/1470/349 707/1471/349
f 712/1472/350 709/1473/350 711/1474/350
f 716/1475/351 713/1476/351 715/1477/351
f 720/1478/352 717/1437/352 719/1479/352
f 659/1480/353 711/1481/353 709/1482/353
f 682/1483/354 695/1484/354 681/1485/354
f 663/1486/355 708/1487/355 707/1488/355
f 646/1489/356 719/1490/356 645/1491/356
f 684/1492/357 696/1493/357 682/1494/357
f 664/1495/358 706/1496/358 708/1497/358
f 646/1498/359 718/1499/359 720/1500/359
f 671/1501/360 702/1502/360 672/1503/360
f 653/1504/361 714/1505/361 654/1506/361
f 681/1507/362 693/1508/362 683/1509/362
f 665/1510/363 707/1511/363 705/1512/363
f 647/1513/364 719/1514/364 717/1515/364
f 688/1516/365 689/1517/365 687/1518/365
f 641/1519/366 690/1520/366 688/1521/366
f 669/1522/367 704/1468/367 703/1467/367
f 652/1523/368 715/1524/368 651/1525/368
f 641/1526/369 692/1527/369 691/1528/369
f 672/1529/370 704/1530/370 670/1531/370
f 652/1532/371 714/1533/371 716/1534/371
f 678/1535/372 697/1536/372 698/1537/372
f 659/1538/373 710/1539/373 660/1540/373
f 687/1541/374 692/1542/374 642/1543/374
f 669/1544/375 701/1545/375 671/1546/375
f 653/1547/376 715/1548/376 713/1549/376
f 604/1309/180 721/1550/180 730/1551/180
f 602/1316/180 742/1552/180 733/1553/180
f 600/1321/180 735/1554/180 726/1555/180
f 604/1309/180 736/1556/180 605/1299/180
f 594/1319/180 724/1557/180 740/1558/180
f 615/1305/180 727/1559/180 743/1560/180
f 597/1315/180 729/1561/180 598/932/180
f 593/1296/180 737/1562/180 595/1320/180
f 608/1285/180 744/1563/180 725/1564/180
f 613/1288/180 739/1565/180 734/1566/180
f 609/1312/180 722/1567/180 610/1302/180
f 601/1293/180 726/1555/180 742/1552/180
f 606/1300/180 736/1556/180 728/1568/180
f 595/1320/180 732/1569/180 596/1290/180
f 602/1316/180 721/1550/180 603/1281/180
f 615/1305/180 724/1557/180 616/1306/180
f 598/932/180 735/1554/180 599/1307/180
f 611/1303/180 722/1567/180 731/1570/180
f 597/1315/180 732/1569/180 741/1571/180
f 594/1319/180 723/1572/180 593/1296/180
f 613/1288/180 727/1559/180 614/1314/180
f 608/1285/180 738/1573/180 609/1312/180
f 606/1300/180 744/1563/180 607/1284/180
f 611/1303/180 739/1565/180 612/1287/180
f 472/882/135 687/930/173 642/883/136
f 645/885/138 647/1574/141 452/886/139
f 647/888/141 649/891/142 453/889/142
f 649/891/142 651/893/144 454/892/143
f 651/893/144 653/895/146 455/894/145
f 653/895/146 655/897/147 456/896/147
f 655/897/147 657/899/149 457/898/148
f 657/899/149 659/1575/151 458/900/150
f 659/901/151 661/904/152 459/902/152
f 661/904/152 663/906/154 460/905/153
f 663/906/154 665/1445/334 461/907/155
f 461/907/155 665/1445/334 667/908/156
f 462/909/156 667/908/156 669/910/157
f 463/912/158 669/1576/157 671/913/159
f 464/914/160 671/913/159 673/915/161
f 465/916/161 673/915/161 675/917/162
f 466/918/163 675/917/162 677/919/164
f 467/920/165 677/919/164 679/921/166
f 468/922/167 679/921/166 681/923/168
f 469/924/169 681/923/168 683/925/170
f 470/927/171 683/1435/170 685/928/172
f 471/929/172 685/928/172 687/930/173
f 386/931/174 597/1315/174 598/932/175
f 642/883/136 643/1380/176 450/934/176
f 381/935/140 383/1577/139 548/936/139
f 543/938/135 473/942/135 474/939/137
f 542/941/172 475/944/172 473/942/135
f 541/943/171 476/1578/171 475/944/172
f 540/945/169 477/949/169 476/946/171
f 539/948/167 478/951/166 477/949/169
f 538/950/165 479/953/165 478/951/166
f 537/952/163 480/955/177 479/953/165
f 536/954/161 481/957/161 480/955/177
f 535/956/160 482/959/160 481/957/161
f 534/958/158 483/1579/158 482/959/160
f 533/960/156 484/964/156 483/961/158
f 532/963/155 485/1580/155 484/964/156
f 486/965/153 485/1580/155 532/963/155
f 487/967/152 486/965/153 531/966/153
f 488/969/150 487/967/152 530/968/152
f 489/971/148 488/1581/150 529/972/150
f 490/974/178 489/971/148 528/973/148
f 491/976/145 490/974/178 527/975/147
f 492/978/179 491/976/145 526/977/145
f 493/980/142 492/978/179 525/979/143
f 494/982/139 493/980/142 524/981/142
f 495/984/140 494/1582/139 523/985/139
f 496/987/176 495/984/140 522/986/140
f 474/939/137 496/987/176 521/988/176
f 448/989/135 497/993/135 449/990/137
f 447/992/172 499/995/172 497/993/135
f 446/994/171 500/1583/171 499/995/172
f 445/996/169 501/1000/169 500/997/171
f 444/999/167 502/1002/166 501/1000/169
f 443/1001/165 503/1004/165 502/1002/166
f 442/1003/163 504/1006/177 503/1004/165
f 441/1005/161 505/1008/161 504/1006/177
f 440/1007/160 506/1010/160 505/1008/161
f 439/1009/158 507/1584/158 506/1010/160
f 438/1011/156 508/1015/156 507/1012/158
f 437/1014/155 509/1585/155 508/1015/156
f 510/1016/153 509/1585/155 437/1014/155
f 511/1018/152 510/1016/153 436/1017/153
f 512/1020/150 511/1018/152 435/1019/152
f 513/1022/148 512/1586/150 434/1023/150
f 514/1025/178 513/1022/148 433/1024/148
f 515/1027/145 514/1025/178 432/1026/147
f 516/1029/179 515/1027/145 431/1028/145
f 517/1031/142 516/1029/179 430/1030/143
f 518/1033/139 517/1031/142 429/1032/142
f 519/1035/140 518/1587/139 428/1036/139
f 520/1038/176 519/1035/140 427/1037/140
f 449/990/137 520/1038/176 426/1039/176
f 448/1040/180 425/1087/180 474/1041/180
f 448/1040/180 473/1042/180 475/1043/180
f 447/1044/180 475/1043/180 476/1045/180
f 446/1046/180 476/1045/180 477/1047/180
f 445/1048/180 477/1047/180 478/1049/180
f 443/1051/180 444/1050/180 478/1049/180
f 442/1053/180 443/1051/180 479/1052/180
f 442/1053/180 480/1054/180 481/1055/180
f 441/1056/180 481/1055/180 482/1057/180
f 440/1058/180 482/1057/180 483/1059/180
f 439/1060/180 483/1059/180 484/1061/180
f 437/1063/180 438/1062/180 484/1061/180
f 436/1065/180 437/1063/180 485/1064/180
f 435/1067/180 436/1065/180 486/1066/180
f 434/1069/180 435/1067/180 487/1068/180
f 433/1071/180 434/1069/180 488/1070/180
f 433/1071/180 489/1072/180 490/1073/180
f 432/1074/180 490/1073/180 491/1075/180
f 430/1077/180 431/1076/180 491/1075/180
f 429/1079/180 430/1077/180 492/1078/180
f 428/1081/180 429/1079/180 493/1080/180
f 427/1083/180 428/1081/180 494/1082/180
f 427/1083/180 495/1084/180 496/1085/180
f 425/1087/180 426/1086/180 496/1085/180
f 497/1088/181 472/1092/181 498/1089/181
f 499/1091/181 471/1094/181 472/1092/181
f 500/1093/181 470/1096/181 471/1094/181
f 500/1093/181 501/1097/181 469/1095/181
f 501/1097/181 502/1099/181 468/1098/181
f 502/1099/181 503/1102/181 467/1100/181
f 504/1101/181 466/1104/181 467/1100/181
f 505/1103/181 465/1106/181 466/1104/181
f 506/1105/181 464/1108/181 465/1106/181
f 506/1105/181 507/1110/181 463/1107/181
f 508/1109/181 462/1112/181 463/1107/181
f 509/1111/181 461/1114/181 462/1112/181
f 509/1111/181 510/1115/181 460/1113/181
f 510/1115/181 511/1118/181 459/1116/181
f 512/1117/181 458/1120/181 459/1116/181
f 513/1119/181 457/1122/181 458/1120/181
f 513/1119/181 514/1123/181 456/1121/181
f 514/1123/181 515/1126/181 455/1124/181
f 516/1125/181 454/1128/181 455/1124/181
f 517/1127/181 453/1130/181 454/1128/181
f 517/1127/181 518/1132/181 452/1129/181
f 519/1131/181 451/1134/181 452/1129/181
f 520/1133/181 450/1135/181 451/1134/181
f 449/1090/181 498/1089/181 450/1135/181
f 544/1136/182 521/1139/184 379/1137/183
f 521/1139/184 522/1141/186 381/1140/185
f 522/1141/186 523/1143/187 383/1142/187
f 523/1143/187 524/1145/188 385/1144/188
f 524/1145/188 525/1147/189 387/1146/189
f 525/1147/189 526/1149/190 389/1148/190
f 526/1149/190 527/1151/191 391/1150/191
f 527/1151/191 528/1153/193 393/1152/192
f 528/1153/193 529/1155/194 395/1154/194
f 529/1155/194 530/1157/195 397/1156/195
f 530/1157/195 531/1159/196 399/1158/196
f 531/1159/196 532/1588/197 401/1160/197
f 401/1160/197 532/1588/197 533/1161/198
f 403/1162/198 533/1161/198 534/1163/199
f 405/1164/199 534/1163/199 535/1165/200
f 407/1166/200 535/1165/200 536/1167/201
f 409/1168/201 536/1167/201 537/1169/202
f 411/1170/202 537/1169/202 538/1171/203
f 413/1172/203 538/1171/203 539/1173/204
f 415/1174/204 539/1173/204 540/1175/205
f 417/1176/205 540/1175/205 541/1177/206
f 419/1178/206 541/1177/206 542/1179/207
f 421/1180/208 542/1179/207 543/1181/209
f 423/1182/210 543/1181/209 544/1136/182
f 566/1183/211 590/1245/225 589/1184/212
f 391/1186/178 393/1216/148 553/1187/148
f 377/1189/137 379/1223/176 546/1190/176
f 403/1192/156 558/1219/156 557/1193/155
f 413/1195/165 563/1221/165 562/1196/163
f 423/1198/135 568/1222/135 567/1199/172
f 387/1201/179 389/1224/145 551/1202/145
f 397/1204/152 399/1225/153 556/1205/153
f 409/1207/161 561/1226/161 560/1208/160
f 419/1210/171 566/1227/171 565/1211/169
f 383/1213/139 385/1228/142 549/1214/142
f 393/1216/148 395/1589/150 554/1217/150
f 405/1218/158 559/1232/158 558/1219/156
f 415/1220/166 564/1234/167 563/1221/165
f 377/1189/137 545/1191/137 568/1222/135
f 379/1223/176 381/935/140 547/937/140
f 389/1224/145 391/1186/178 552/1188/147
f 399/1225/153 401/1194/155 557/1193/155
f 411/1197/177 562/1196/163 561/1226/161
f 421/1200/172 567/1199/172 566/1227/171
f 385/1228/142 387/1201/179 550/1203/143
f 395/1229/150 397/1204/152 555/1206/152
f 407/1231/160 560/1590/160 559/1232/158
f 417/1233/214 565/1591/169 564/1234/167
f 592/1237/217 569/1254/234 570/1253/233
f 570/1253/233 571/1259/239 572/1265/245
f 572/1265/245 573/1271/251 574/1277/257
f 574/1277/257 575/1243/223 576/1242/222
f 576/1242/222 577/1249/229 580/1269/249
f 577/1249/229 578/1257/237 580/1269/249
f 578/1257/237 579/1263/243 580/1269/249
f 580/1269/249 581/1275/255 582/1239/219
f 582/1239/219 583/1247/227 584/1235/215
f 584/1235/215 585/1261/241 588/1236/216
f 585/1261/241 586/1267/247 588/1236/216
f 586/1267/247 587/1273/253 588/1236/216
f 588/1236/216 589/1184/212 590/1245/225
f 590/1245/225 591/1251/231 588/1236/216
f 591/1251/231 592/1237/217 588/1236/216
f 592/1237/217 570/1253/233 576/1242/222
f 570/1253/233 572/1265/245 576/1242/222
f 572/1265/245 574/1277/257 576/1242/222
f 580/1269/249 582/1239/219 584/1235/215
f 576/1242/222 580/1269/249 592/1237/217
f 580/1269/249 584/1235/215 592/1237/217
f 559/1238/218 583/1247/227 582/1239/219
f 551/1241/221 552/1248/228 576/1242/222
f 567/1244/224 591/1251/231 590/1245/225
f 560/1246/226 584/1235/215 583/1247/227
f 552/1248/228 553/1256/236 577/1249/229
f 568/1250/230 592/1237/217 591/1251/231
f 545/1252/232 546/1258/238 570/1253/233
f 561/1255/235 585/1261/241 584/1235/215
f 553/1256/236 554/1262/242 578/1257/237
f 545/1252/232 569/1254/234 592/1237/217
f 546/1258/238 547/1264/244 571/1259/239
f 562/1260/240 586/1267/247 585/1261/241
f 554/1262/242 555/1268/248 579/1263/243
f 547/1264/244 548/1270/250 572/1265/245
f 563/1266/246 587/1273/253 586/1267/247
f 555/1268/248 556/1274/254 580/1269/249
f 548/1270/250 549/1276/256 573/1271/251
f 564/1272/252 588/1236/216 587/1273/253
f 556/1274/254 557/1278/258 581/1275/255
f 549/1276/256 550/1279/259 574/1277/257
f 565/1185/213 589/1184/212 588/1236/216
f 558/1240/220 582/1239/219 581/1275/255
f 550/1279/259 551/1241/221 575/1243/223
f 396/1280/260 602/1316/260 603/1281/261
f 408/1283/262 406/1317/263 607/1284/263
f 418/1286/264 416/1318/265 612/1287/265
f 382/1289/266 595/1320/266 596/1290/267
f 392/1292/268 600/1321/284 601/1293/269
f 378/1295/271 594/1319/271 593/1296/272
f 404/1298/273 402/1322/274 605/1299/274
f 414/1301/275 412/1323/285 610/1302/276
f 424/1304/277 422/1324/278 615/1305/278
f 388/933/175 598/932/175 599/1307/279
f 398/1282/261 603/1281/261 604/1309/280
f 410/1311/281 408/1283/262 608/1285/262
f 420/1313/283 418/1286/264 613/1288/264
f 384/1291/267 596/1290/267 597/1315/174
f 394/1294/270 601/1293/269 602/1316/260
f 406/1317/263 404/1298/273 606/1300/273
f 416/1318/265 414/1301/275 611/1303/275
f 378/1295/271 424/1304/277 616/1306/277
f 380/1297/272 593/1296/272 595/1320/266
f 390/1308/279 599/1307/279 600/1321/284
f 400/1310/280 604/1309/280 605/1299/274
f 412/1323/285 410/1311/281 609/1312/282
f 422/1324/278 420/1313/283 614/1314/283
f 731/1325/286 622/1347/305 621/1326/287
f 728/1328/289 627/1361/317 626/1329/290
f 725/1331/292 625/1592/323 624/1332/293
f 638/1336/295 640/1593/295 639/1594/295
f 639/1594/295 617/1595/295 618/1596/295
f 618/1596/295 619/1597/377 620/1598/295
f 620/1598/295 621/1599/295 622/1334/295
f 622/1334/295 623/1600/295 624/1601/295
f 624/1601/295 625/1602/295 622/1334/295
f 625/1602/295 626/1603/295 622/1334/295
f 626/1603/295 627/1604/295 630/1335/295
f 627/1604/295 628/1605/377 630/1335/295
f 628/1605/377 629/1606/295 630/1335/295
f 630/1335/295 631/1607/295 634/1608/295
f 631/1607/295 632/1609/295 634/1608/295
f 632/1609/295 633/1610/295 634/1608/295
f 634/1608/295 635/1611/377 636/1612/295
f 636/1612/295 637/1613/295 638/1336/295
f 638/1336/295 639/1594/295 622/1334/295
f 639/1594/295 618/1596/295 622/1334/295
f 618/1596/295 620/1598/295 622/1334/295
f 634/1608/295 636/1612/295 630/1335/295
f 636/1612/295 638/1336/295 630/1335/295
f 622/1334/295 626/1603/295 630/1335/295
f 734/1337/296 620/1366/322 619/1338/297
f 723/1340/299 740/1373/300 639/1341/300
f 741/1343/301 732/1614/314 637/1344/302
f 722/1346/304 623/1365/321 622/1347/305
f 735/1348/306 729/1370/325 635/1349/307
f 743/1351/309 618/1372/326 617/1352/310
f 721/1354/311 733/1615/329 631/1355/312
f 732/1357/314 737/1369/324 638/1358/315
f 736/1360/316 628/1375/316 627/1361/317
f 742/1362/318 726/1376/328 633/1363/319
f 738/1333/294 624/1332/293 623/1365/321
f 739/1327/288 621/1326/287 620/1366/322
f 744/1330/291 626/1329/290 625/1367/323
f 737/1369/324 723/1340/299 640/1342/299
f 729/1370/325 741/1343/301 636/1345/303
f 727/1371/298 619/1616/297 618/1372/326
f 724/1353/310 617/1352/310 639/1341/300
f 736/1360/316 730/1379/330 629/1374/327
f 726/1376/328 735/1348/306 634/1350/308
f 733/1377/329 742/1362/318 632/1364/320
f 730/1379/330 721/1354/311 630/1356/313
f 643/1380/176 645/885/138 451/887/140
f 686/1381/172 422/1385/172 424/1382/135
f 684/1384/170 420/1617/171 422/1385/172
f 682/1386/168 418/1390/169 420/1387/171
f 680/1389/166 416/1392/166 418/1390/169
f 678/1391/164 414/1394/165 416/1392/166
f 676/1393/331 412/1396/177 414/1394/165
f 674/1395/161 410/1398/161 412/1396/177
f 672/1397/332 408/1400/160 410/1398/161
f 670/1399/333 406/1618/158 408/1400/160
f 668/1401/156 404/1405/156 406/1402/158
f 666/1404/334 402/1619/155 404/1405/156
f 400/1406/153 402/1619/155 666/1404/334
f 398/1408/152 400/1406/153 664/1407/154
f 396/1410/150 398/1408/152 662/1409/152
f 394/1412/148 396/1620/150 660/1413/151
f 392/1415/178 394/1412/148 658/1414/149
f 390/1417/145 392/1415/178 656/1416/147
f 388/1419/179 390/1417/145 654/1418/146
f 386/1421/142 388/1419/179 652/1420/335
f 384/1423/139 386/1421/142 650/1422/142
f 382/1425/140 384/1621/139 648/1426/141
f 380/1428/176 382/1425/140 646/1427/336
f 378/1430/137 380/1428/176 644/1429/176
f 675/1432/337 699/1622/337 697/1433/337
f 688/1383/173 687/930/173 685/928/172
f 686/1381/172 685/928/172 683/1435/170
f 648/1436/338 647/1623/338 717/1437/338
f 682/1386/168 681/923/168 679/921/166
f 680/1389/166 679/921/166 677/919/164
f 665/1439/339 705/1624/339 706/1440/339
f 676/1393/331 675/917/162 673/915/161
f 674/1395/161 673/915/161 671/913/159
f 684/1442/340 683/1625/340 693/1443/340
f 670/1403/333 669/910/157 667/908/156
f 668/1401/156 667/908/156 665/1445/334
f 658/1446/341 660/1626/341 710/1447/341
f 662/1409/152 664/1407/154 663/906/154
f 660/1411/151 662/1409/152 661/904/152
f 678/1449/342 698/1627/342 700/1450/342
f 656/1416/147 658/1414/149 657/899/149
f 654/1418/146 656/1416/147 655/897/147
f 657/1452/343 658/1628/343 712/1453/343
f 650/1422/142 652/1420/335 651/893/144
f 648/1424/141 650/1422/142 649/891/142
f 675/1455/344 676/1629/344 700/1456/344
f 644/1429/176 646/1427/336 645/885/138
f 641/1431/136 644/1429/176 643/1380/176
f 688/1383/173 424/1382/135 378/1430/137
f 691/1458/345 692/1630/345 689/1459/345
f 694/1444/346 693/1443/346 695/1461/346
f 698/1463/347 697/1631/347 699/1464/347
f 702/1466/348 701/1632/348 703/1467/348
f 708/1469/349 706/1633/349 705/1470/349
f 712/1472/350 710/1539/350 709/1473/350
f 716/1475/351 714/1634/351 713/1476/351
f 720/1478/352 718/1438/352 717/1437/352
f 659/1480/353 657/1635/353 711/1481/353
f 682/1483/354 696/1636/354 695/1484/354
f 663/1486/355 664/1637/355 708/1487/355
f 646/1489/356 720/1638/356 719/1490/356
f 684/1492/357 694/1639/357 696/1493/357
f 664/1495/358 666/1640/358 706/1496/358
f 646/1498/359 648/1641/359 718/1499/359
f 671/1501/360 701/1642/360 702/1502/360
f 653/1504/361 713/1643/361 714/1505/361
f 681/1507/362 695/1644/362 693/1508/362
f 665/1510/363 663/1645/363 707/1511/363
f 647/1513/364 645/1646/364 719/1514/364
f 688/1516/365 690/1647/365 689/1517/365
f 641/1519/366 691/1648/366 690/1520/366
f 669/1522/367 670/1649/367 704/1468/367
f 652/1523/368 716/1650/368 715/1524/368
f 641/1526/369 642/1651/369 692/1527/369
f 672/1529/370 702/1652/370 704/1530/370
f 652/1532/371 654/1653/371 714/1533/371
f 678/1535/372 677/1654/372 697/1536/372
f 659/1538/373 709/1473/373 710/1539/373
f 687/1541/374 689/1655/374 692/1542/374
f 669/1544/375 703/1656/375 701/1545/375
f 653/1547/376 651/1657/376 715/1548/376
f 604/1309/180 603/1281/180 721/1550/180
f 602/1316/180 601/1293/180 742/1552/180
f 600/1321/180 599/1307/180 735/1554/180
f 604/1309/180 730/1551/180 736/1556/180
f 594/1319/180 616/1306/180 724/1557/180
f 615/1305/180 614/1314/180 727/1559/180
f 597/1315/180 741/1571/180 729/1561/180
f 593/1296/180 723/1572/180 737/1562/180
f 608/1285/180 607/1284/180 744/1563/180
f 613/1288/180 612/1287/180 739/1565/180
f 609/1312/180 738/1573/180 722/1567/180
f 601/1293/180 600/1321/180 726/1555/180
f 606/1300/180 605/1299/180 736/1556/180
f 595/1320/180 737/1562/180 732/1569/180
f 602/1316/180 733/1553/180 721/1550/180
f 615/1305/180 743/1560/180 724/1557/180
f 598/932/180 729/1561/180 735/1554/180
f 611/1303/180 610/1302/180 722/1567/180
f 597/1315/180 596/1290/180 732/1569/180
f 594/1319/180 740/1558/180 723/1572/180
f 613/1288/180 734/1566/180 727/1559/180
f 608/1285/180 725/1564/180 738/1573/180
f 606/1300/180 728/1568/180 744/1563/180
f 611/1303/180 731/1570/180 739/1565/180
o Cube.066_Cube.071
v -0.047969 0.443006 0.287413
v -0.087511 0.410981 0.302851
v 0.087511 0.410981 0.302851
v 0.087511 0.296463 0.358057
v -0.087511 0.296463 0.358057
v -0.052183 0.267985 0.371786
v 0.052183 0.267985 0.371786
v 0.047969 0.443006 0.287413
v -0.000000 0.267985 0.452117
v -0.000000 0.443006 0.287413
v -0.087511 0.410980 0.888460
v -0.047969 0.443006 0.876508
v 0.087511 0.296463 0.931196
v 0.087511 0.410980 0.888460
v -0.087511 0.296463 0.931196
v -0.052183 0.267985 0.941824
v 0.052183 0.267985 0.941824
v 0.047969 0.443006 0.876508
v 0.026092 0.267985 0.452117
v -0.000000 0.443006 0.876508
v -0.061933 0.468688 0.275032
v -0.112986 0.427339 0.294965
v 0.112986 0.427339 0.294965
v 0.112986 0.279485 0.366241
v -0.112986 0.279485 0.366241
v -0.067374 0.242716 0.383967
v 0.067374 0.242716 0.383967
v 0.061933 0.468688 0.275032
v -0.000000 0.468688 0.275032
v -0.022650 0.279433 0.444037
v -0.044390 0.427477 0.204167
v -0.067236 0.408973 0.213087
v 0.067236 0.408973 0.213087
v 0.067236 0.297909 0.266628
v -0.067236 0.297909 0.266628
v -0.049892 0.283927 0.273368
v 0.049892 0.283927 0.273368
v 0.044390 0.427477 0.204167
v -0.000000 0.427477 0.204167
v -0.000000 0.279433 0.444037
v -0.061933 0.468688 0.184301
v -0.112986 0.427339 0.204234
v 0.112986 0.427339 0.204234
v 0.112986 0.279485 0.275510
v -0.112986 0.279485 0.275510
v -0.067374 0.242716 0.293235
v 0.067374 0.242716 0.293235
v 0.061933 0.468688 0.184301
v -0.000000 0.468688 0.184301
v 0.022650 0.279433 0.444037
v -0.044390 0.427477 0.292849
v -0.067236 0.408973 0.301770
v 0.067236 0.408973 0.301770
v 0.067236 0.297909 0.355311
v -0.067236 0.297909 0.355311
v -0.049892 0.283927 0.362051
v 0.049892 0.283927 0.362051
v 0.044390 0.427477 0.292849
v -0.000000 0.427477 0.292849
v 0.022650 0.279433 0.410328
v 0.041642 0.431371 0.337083
v 0.041642 0.431371 0.370793
v 0.000000 0.279433 0.410328
v -0.022650 0.279433 0.410328
v -0.045300 0.279433 0.410328
v -0.045301 0.279433 0.444037
v -0.041642 0.431371 0.370793
v -0.041642 0.431371 0.337083
v 0.000000 0.431371 0.337106
v 0.000000 0.431371 0.370770
v 0.047969 0.443006 0.367745
v 0.047969 0.443006 0.328913
v -0.087511 0.410981 0.383235
v -0.087511 0.410981 0.344300
v 0.087511 0.296463 0.399506
v 0.087511 0.296463 0.438440
v 0.087511 0.410981 0.383235
v 0.087511 0.410981 0.344300
v 0.052183 0.267985 0.413287
v 0.052183 0.267985 0.452117
v -0.024946 0.283927 0.362051
v 0.000000 0.283927 0.362051
v -0.087511 0.296463 0.438440
v -0.087511 0.296463 0.399506
v -0.000000 0.443006 0.367719
v -0.000000 0.443006 0.328939
v -0.052183 0.267985 0.452117
v -0.052183 0.267985 0.413287
v -0.047969 0.443006 0.328913
v -0.047969 0.443006 0.367745
v 0.045300 0.279433 0.410328
v 0.045301 0.279433 0.444037
v 0.075969 0.403569 0.384240
v 0.075969 0.403569 0.350441
v 0.075969 0.304156 0.398365
v 0.075969 0.304156 0.432164
v -0.075969 0.304156 0.432164
v -0.075969 0.304156 0.398365
v -0.075969 0.403569 0.384240
v -0.075969 0.403569 0.350441
v -0.109387 0.425028 0.883217
v -0.059960 0.465060 0.868278
v -0.109387 0.281883 0.936637
v -0.065228 0.246286 0.949922
v 0.109387 0.425028 0.883217
v 0.059960 0.465060 0.868278
v -0.000000 0.465060 0.868278
v 0.065228 0.246286 0.949922
v 0.024946 0.283927 0.362051
v 0.109387 0.281883 0.936637
v -0.068470 0.407494 1.027821
v -0.044725 0.426725 1.020644
v -0.068470 0.299471 1.068134
v -0.050048 0.284621 1.073676
v 0.068470 0.407494 1.027821
v 0.044725 0.426725 1.020644
v -0.000000 0.426725 1.020644
v 0.050048 0.284621 1.073676
v -0.024946 0.283927 0.273368
v 0.068470 0.299471 1.068134
v 0.066987 0.477984 0.946101
v 0.066987 0.477984 0.918868
v -0.066987 0.477984 0.918868
v -0.066987 0.477984 0.946101
v -0.122208 0.433261 0.962814
v -0.122208 0.433261 0.935536
v -0.072873 0.233569 1.010081
v -0.072873 0.233569 1.037314
v 0.000000 0.283927 0.273368
v 0.024946 0.283927 0.273368
v -0.000000 0.465060 0.949485
v -0.000000 0.465060 0.925130
v 0.059960 0.465060 0.925120
v 0.059960 0.465060 0.949496
v -0.109387 0.281883 1.017875
v -0.109387 0.281883 0.993459
v -0.109387 0.425028 0.940039
v -0.109387 0.425028 0.964456
v -0.059960 0.465060 0.949496
v -0.059960 0.465060 0.925120
v 0.065228 0.246286 1.031140
v 0.065228 0.246286 1.006764
v -0.033687 0.242716 0.293235
v 0.000000 0.242716 0.293235
v -0.065228 0.246286 1.031140
v -0.065228 0.246286 1.006764
v 0.109387 0.281883 1.017875
v 0.109387 0.281883 0.993459
v 0.109387 0.425028 0.964456
v 0.109387 0.425028 0.940039
v 0.122208 0.433261 0.962814
v 0.122208 0.433261 0.935536
v 0.122208 0.273339 1.022495
v 0.122208 0.273339 0.995217
v 0.072873 0.233569 1.037314
v 0.072873 0.233569 1.010081
v -0.122208 0.273339 1.022495
v -0.122208 0.273339 0.995217
v -0.000000 0.477984 0.946089
v -0.000000 0.477984 0.918880
v -0.109387 0.425028 1.021277
v -0.059960 0.465060 1.006338
v -0.109387 0.281883 1.074697
v -0.065228 0.246286 1.087982
v 0.109387 0.425028 1.021277
v 0.059960 0.465060 1.006338
v -0.000000 0.465060 1.006338
v 0.065228 0.246286 1.087982
v 0.033687 0.242716 0.293235
v 0.109387 0.281883 1.074697
v -0.068470 0.407494 0.982579
v -0.044725 0.426725 0.975402
v -0.068470 0.299471 1.022892
v -0.050048 0.284621 1.028434
v 0.068470 0.407494 0.982579
v 0.044725 0.426725 0.975402
v -0.000000 0.426725 0.975402
v 0.050048 0.284621 1.028434
v -0.033687 0.242716 0.383967
v 0.068470 0.299471 1.022892
v 0.000000 0.242716 0.383967
v 0.033687 0.242716 0.383967
v -0.042995 0.283269 0.831987
v -0.042995 0.283269 0.892296
v 0.072102 0.306733 0.822566
v 0.072102 0.306733 0.882990
v 0.039522 0.427472 0.834690
v 0.039522 0.427472 0.774379
v 0.072102 0.401086 0.784874
v 0.072102 0.401086 0.845298
v 0.087511 0.410980 0.847804
v 0.087511 0.410980 0.774466
v 0.047969 0.443006 0.761728
v 0.047969 0.443006 0.834928
v -0.000000 0.443006 0.761757
v -0.000000 0.443006 0.834887
v -0.047969 0.443006 0.834928
v -0.047969 0.443006 0.761728
v -0.087511 0.410980 0.774466
v -0.087511 0.410980 0.847804
v -0.087511 0.296463 0.893551
v -0.087511 0.296463 0.820214
v 0.052183 0.267985 0.831647
v 0.052183 0.267985 0.904846
v 0.087511 0.296463 0.893551
v 0.087511 0.296463 0.820214
v 0.026092 0.267985 0.941824
v 0.000000 0.267985 0.941824
v -0.052183 0.267985 0.904846
v -0.052183 0.267985 0.831647
v -0.072102 0.306733 0.882990
v -0.072102 0.306733 0.822566
v 0.000000 0.427472 0.774403
v 0.000000 0.427472 0.834656
v -0.039522 0.427472 0.834690
v -0.039522 0.427472 0.774379
v -0.072102 0.401086 0.784874
v -0.072102 0.401086 0.845298
v 0.042995 0.283269 0.831987
v 0.042995 0.283269 0.892296
v -0.043718 0.435190 0.674668
v -0.043718 0.435190 0.461696
v -0.000000 0.435190 0.461820
v -0.000000 0.435190 0.674546
v 0.043718 0.435190 0.461696
v 0.043718 0.435190 0.674668
v 0.079757 0.406001 0.687771
v 0.079757 0.406001 0.474319
v 0.079757 0.301631 0.520324
v 0.079757 0.301631 0.733775
v 0.087511 0.296463 0.746429
v 0.087511 0.296463 0.512225
v 0.087511 0.410981 0.461748
v 0.087511 0.410980 0.695953
v 0.047969 0.443006 0.681575
v 0.047969 0.443006 0.447898
v -0.000000 0.443006 0.681442
v -0.000000 0.443006 0.448034
v -0.047969 0.443006 0.447898
v -0.047969 0.443006 0.681575
v -0.087511 0.410980 0.695953
v -0.087511 0.410981 0.461748
v -0.087511 0.296463 0.512225
v -0.087511 0.296463 0.746429
v -0.052183 0.267985 0.525045
v -0.052183 0.267985 0.758719
v 0.052183 0.267985 0.758719
v 0.052183 0.267985 0.525045
v -0.026092 0.267985 0.941824
v -0.026092 0.267985 0.371786
v -0.079757 0.406001 0.687771
v -0.079757 0.406001 0.474319
v -0.079757 0.301631 0.520324
v -0.079757 0.301631 0.733775
v -0.047560 0.275676 0.532008
v -0.047560 0.275676 0.744977
v 0.047560 0.275676 0.744977
v 0.047560 0.275676 0.532008
v 0.000000 0.267985 0.371786
v 0.026092 0.267985 0.371786
v -0.026092 0.267985 0.452117
v -0.026092 0.267985 0.413287
v 0.000000 0.267985 0.413287
v 0.026092 0.267985 0.413287
v -0.032614 0.246286 0.949922
v 0.000000 0.246286 0.949922
v 0.032614 0.246286 0.949922
v -0.032614 0.246286 1.087982
v 0.000000 0.246286 1.087982
v 0.032614 0.246286 1.087982
v 0.036437 0.233569 1.037314
v -0.000000 0.233569 1.037314
v -0.036437 0.233569 1.037314
v -0.036437 0.233569 1.010081
v 0.000000 0.233569 1.010081
v 0.036437 0.233569 1.010081
v 0.032614 0.246286 1.031140
v 0.000000 0.246286 1.031140
v -0.032614 0.246286 1.031140
v -0.032614 0.246286 1.006764
v 0.000000 0.246286 1.006764
v 0.032614 0.246286 1.006764
v -0.025024 0.284621 1.073676
v 0.000000 0.284621 1.073676
v 0.025024 0.284621 1.073676
v -0.025024 0.284621 1.028434
v 0.000000 0.284621 1.028434
v 0.025024 0.284621 1.028434
v 0.021497 0.283269 0.892296
v -0.000000 0.283269 0.892296
v -0.021497 0.283269 0.892296
v -0.021497 0.283269 0.831987
v 0.000000 0.283269 0.831987
v 0.021497 0.283269 0.831987
v 0.026092 0.267985 0.904846
v -0.000000 0.267985 0.904846
v -0.026092 0.267985 0.904846
v -0.026092 0.267985 0.831647
v 0.000000 0.267985 0.831647
v 0.026092 0.267985 0.831647
v 0.023780 0.275676 0.744977
v 0.000000 0.275676 0.744977
v -0.023780 0.275676 0.744977
v -0.023780 0.275676 0.532008
v 0.000000 0.275676 0.532008
v 0.023780 0.275676 0.532008
v -0.026092 0.267985 0.525045
v 0.000000 0.267985 0.525045
v 0.026092 0.267985 0.525045
v 0.026092 0.267985 0.758719
v 0.000000 0.267985 0.758719
v -0.026092 0.267985 0.758719
v -0.026092 0.108879 0.903187
v 0.000000 0.108879 0.903187
v 0.026092 0.108879 0.903187
v 0.026092 0.108879 0.830259
v 0.000000 0.108879 0.830259
v -0.026092 0.108879 0.830259
v 0.026092 0.119489 0.517084
v -0.000000 0.119489 0.517084
v -0.026092 0.119489 0.517084
v -0.026092 0.119489 0.590012
v 0.000000 0.119489 0.590012
v 0.026092 0.119489 0.590012
vt 0.517762 0.154383
vt 0.509195 0.151723
vt 0.518685 0.151723
vt 0.536966 0.526081
vt 0.495313 0.459254
vt 0.536966 0.440894
vt 0.275848 0.819277
vt 0.285926 0.833376
vt 0.271179 0.833376
vt 0.538953 0.233700
vt 0.493250 0.244890
vt 0.493250 0.215443
vt 0.762859 0.271243
vt 0.747958 0.314796
vt 0.747958 0.264060
vt 0.853383 0.377661
vt 0.868767 0.385273
vt 0.853702 0.391300
vt 0.517762 0.183467
vt 0.510096 0.186862
vt 0.507349 0.183467
vt 0.723730 0.791286
vt 0.712753 0.772142
vt 0.723730 0.772142
vt 0.493250 0.549491
vt 0.538953 0.560680
vt 0.493250 0.578938
vt 0.170154 0.880683
vt 0.161261 0.864064
vt 0.170148 0.864064
vt 0.663581 0.733973
vt 0.637633 0.727069
vt 0.647800 0.719861
vt 0.723730 0.810430
vt 0.728158 0.791286
vt 0.728158 0.815216
vt 0.008796 0.770587
vt 0.037355 0.752383
vt 0.044980 0.770587
vt 0.701869 0.733973
vt 0.682725 0.745289
vt 0.682725 0.733973
vt 0.703551 0.656853
vt 0.727816 0.661921
vt 0.717650 0.669402
vt 0.037355 0.738939
vt 0.001171 0.752383
vt 0.001171 0.738939
vt 0.727816 0.727069
vt 0.717650 0.719861
vt 0.707442 0.745289
vt 0.647800 0.669402
vt 0.637633 0.661921
vt 0.798155 0.610147
vt 0.786211 0.620134
vt 0.786211 0.610147
vt 0.658008 0.745289
vt 0.661899 0.656853
vt 0.655836 0.645719
vt 0.421021 0.916339
vt 0.437572 0.905926
vt 0.437572 0.916339
vt 0.043598 0.838434
vt 0.076216 0.788652
vt 0.076216 0.854158
vt 0.398588 0.347607
vt 0.390041 0.341140
vt 0.398588 0.337651
vt 0.043598 0.856753
vt 0.076216 0.872478
vt 0.833405 0.035214
vt 0.866023 0.084996
vt 0.833405 0.100720
vt 0.943114 0.572362
vt 0.967068 0.597078
vt 0.943114 0.597078
vt 0.943114 0.547645
vt 0.967068 0.572362
vt 0.008796 0.680403
vt 0.037355 0.698606
vt 0.001171 0.698606
vt 0.833405 0.016895
vt 0.866023 0.019490
vt 0.291162 0.854202
vt 0.315214 0.845622
vt 0.315214 0.854202
vt 0.071834 0.698662
vt 0.084218 0.700778
vt 0.075671 0.707779
vt 0.048801 0.752328
vt 0.075643 0.770587
vt 0.048801 0.698662
vt 0.075643 0.680403
vt 0.401487 0.300862
vt 0.390041 0.300807
vt 0.397667 0.282604
vt 0.401487 0.354529
vt 0.390041 0.354584
vt 0.071834 0.752328
vt 0.084218 0.750212
vt 0.075671 0.743210
vt 0.084218 0.725495
vt 0.749856 0.095026
vt 0.773269 0.085070
vt 0.773269 0.095026
vt 0.315214 0.862781
vt 0.291162 0.862781
vt 0.075671 0.725495
vt 0.383534 0.354141
vt 0.360501 0.354141
vt 0.357601 0.337264
vt 0.040304 0.743210
vt 0.946108 0.463973
vt 0.914227 0.497811
vt 0.914227 0.448604
vt 0.040304 0.707779
vt 0.040304 0.725495
vt 0.946108 0.457779
vt 0.914227 0.442410
vt 0.037749 0.698662
vt 0.315214 0.871360
vt 0.291162 0.871360
vt 0.940923 0.396661
vt 0.909042 0.405836
vt 0.940923 0.390467
vt 0.909042 0.356629
vt 0.940923 0.341260
vt 0.734776 0.856427
vt 0.745733 0.837283
vt 0.745740 0.856427
vt 0.914708 0.940992
vt 0.941373 0.887971
vt 0.941373 0.952658
vt 0.762859 0.321979
vt 0.747940 0.328976
vt 0.610780 0.511821
vt 0.617525 0.517516
vt 0.608946 0.517516
vt 0.745733 0.875571
vt 0.987117 0.739069
vt 0.971734 0.746681
vt 0.972052 0.733042
vt 0.431645 0.961677
vt 0.421021 0.947578
vt 0.437572 0.947578
vt 0.730158 0.652912
vt 0.745077 0.659908
vt 0.730177 0.667092
vt 0.421021 0.905926
vt 0.431645 0.891827
vt 0.745077 0.710644
vt 0.730177 0.717828
vt 0.684236 0.778270
vt 0.688592 0.770460
vt 0.688592 0.780873
vt 0.549001 0.183467
vt 0.538588 0.154383
vt 0.549001 0.154383
vt 0.635292 0.745031
vt 0.630685 0.791878
vt 0.630685 0.748074
vt 0.610780 0.732475
vt 0.618446 0.737175
vt 0.609406 0.737175
vt 0.621193 0.732475
vt 0.493250 0.213101
vt 0.497857 0.191972
vt 0.497857 0.212588
vt 0.493250 0.189352
vt 0.158584 0.864064
vt 0.161255 0.880683
vt 0.158577 0.883208
vt 0.563100 0.213101
vt 0.558494 0.191972
vt 0.563100 0.189352
vt 0.161255 0.847445
vt 0.987141 0.689854
vt 0.973192 0.684274
vt 0.669281 0.645719
vt 0.672312 0.656853
vt 0.170154 0.847445
vt 0.798155 0.620134
vt 0.786211 0.630121
vt 0.972125 0.611730
vt 0.984260 0.605262
vt 0.984276 0.617587
vt 0.510096 0.200306
vt 0.497857 0.205451
vt 0.546254 0.200306
vt 0.558494 0.205451
vt 0.971544 0.159879
vt 0.983694 0.198066
vt 0.971544 0.203923
vt 0.972125 0.655774
vt 0.983678 0.210391
vt 0.971560 0.216233
vt 0.565442 0.795490
vt 0.583748 0.804123
vt 0.581223 0.809595
vt 0.579541 0.732475
vt 0.570048 0.748074
vt 0.565442 0.745031
vt 0.166025 0.894382
vt 0.164072 0.898989
vt 0.943714 0.940844
vt 0.954127 0.876305
vt 0.954127 0.940844
vt 0.546254 0.186862
vt 0.635292 0.795490
vt 0.616986 0.804123
vt 0.600367 0.809591
vt 0.600367 0.804119
vt 0.158577 0.844920
vt 0.166025 0.833745
vt 0.619511 0.809595
vt 0.570048 0.791878
vt 0.743165 0.767357
vt 0.743167 0.791286
vt 0.694310 0.826211
vt 0.720121 0.834942
vt 0.691382 0.834942
vt 0.717301 0.826211
vt 0.347908 0.540213
vt 0.358768 0.554755
vt 0.347908 0.554755
vt 0.694310 0.756361
vt 0.720121 0.747631
vt 0.717301 0.756361
vt 0.728158 0.767357
vt 0.684236 0.765254
vt 0.691382 0.747631
vt 0.528175 0.066790
vt 0.528175 0.151723
vt 0.684236 0.817318
vt 0.688592 0.812112
vt 0.408541 0.977808
vt 0.391626 0.938105
vt 0.408541 0.931792
vt 0.834875 0.347495
vt 0.851699 0.365118
vt 0.829038 0.365118
vt 0.743165 0.815216
vt 0.834875 0.295431
vt 0.851699 0.277807
vt 0.857544 0.295431
vt 0.022424 0.950843
vt 0.001178 0.897795
vt 0.022424 0.889867
vt 0.327496 0.836900
vt 0.350165 0.849916
vt 0.327496 0.849916
vt 0.964518 0.349189
vt 0.943273 0.402236
vt 0.943272 0.341260
vt 0.327496 0.888964
vt 0.344328 0.906588
vt 0.321667 0.906588
vt 0.344328 0.819277
vt 0.350165 0.836900
vt 0.948525 0.094461
vt 0.927274 0.147506
vt 0.927280 0.086530
vt 0.004101 0.847732
vt 0.001171 0.836242
vt 0.004101 0.834716
vt 0.956610 0.237852
vt 0.935364 0.228730
vt 0.956616 0.220796
vt 0.948519 0.155437
vt 0.927272 0.164559
vt 0.345983 0.512574
vt 0.334492 0.518183
vt 0.332967 0.512574
vt 0.285926 0.864615
vt 0.271179 0.854202
vt 0.285926 0.854202
vt 0.001171 0.880746
vt 0.022424 0.872814
vt 0.271179 0.843789
vt 0.285926 0.843789
vt 0.964518 0.410165
vt 0.943265 0.419286
vt 0.956616 0.298828
vt 0.935365 0.245782
vt 0.881547 0.933076
vt 0.866541 0.957005
vt 0.866541 0.933076
vt 0.857544 0.308447
vt 0.834875 0.308447
vt 0.343880 0.419388
vt 0.319951 0.414074
vt 0.346685 0.414076
vt 0.276295 0.497414
vt 0.290868 0.518183
vt 0.271179 0.501246
vt 0.294861 0.669739
vt 0.301818 0.653410
vt 0.304847 0.669739
vt 0.988632 0.781022
vt 0.983997 0.756180
vt 0.991320 0.778218
vt 0.988632 0.828881
vt 0.991316 0.804952
vt 0.991320 0.831686
vt 0.039981 0.865356
vt 0.009149 0.870472
vt 0.011242 0.865356
vt 0.547156 0.151723
vt 0.537665 0.066790
vt 0.547156 0.066790
vt 0.296021 0.419388
vt 0.319951 0.419387
vt 0.011242 0.778045
vt 0.001171 0.792617
vt 0.009149 0.772928
vt 0.881547 0.980935
vt 0.881550 0.957005
vt 0.299655 0.895268
vt 0.309846 0.910516
vt 0.299647 0.914323
vt 0.870061 0.771451
vt 0.880252 0.756203
vt 0.880243 0.775252
vt 0.870052 0.752397
vt 0.880252 0.688080
vt 0.354419 0.618069
vt 0.358768 0.598380
vt 0.365298 0.618069
vt 0.354419 0.520525
vt 0.358768 0.540213
vt 0.537665 0.151723
vt 0.554076 0.497101
vt 0.561263 0.470367
vt 0.561266 0.497101
vt 0.309846 0.978639
vt 0.299647 0.982446
vt 0.554076 0.443632
vt 0.554079 0.470367
vt 0.276295 0.436442
vt 0.293217 0.414076
vt 0.001171 0.850783
vt 0.988628 0.804952
vt 0.363606 0.497414
vt 0.349034 0.518183
vt 0.983997 0.853724
vt 0.982076 0.848607
vt 0.368723 0.433129
vt 0.368723 0.501246
vt 0.271179 0.433129
vt 0.039981 0.778045
vt 0.041256 0.772928
vt 0.363606 0.436442
vt 0.287509 0.722076
vt 0.290905 0.746596
vt 0.271179 0.729544
vt 0.287509 0.676064
vt 0.271179 0.668573
vt 0.288802 0.653410
vt 0.342160 0.722076
vt 0.338764 0.746596
vt 0.332684 0.730267
vt 0.314834 0.746596
vt 0.314834 0.730267
vt 0.798155 0.640107
vt 0.786211 0.650094
vt 0.786211 0.640107
vt 0.342160 0.676064
vt 0.358490 0.729544
vt 0.296985 0.730267
vt 0.340866 0.653410
vt 0.358490 0.668573
vt 0.796390 0.387731
vt 0.823716 0.379540
vt 0.813729 0.440068
vt 0.955082 0.801641
vt 0.969972 0.811117
vt 0.951929 0.811117
vt 0.955082 0.765942
vt 0.969972 0.756465
vt 0.973125 0.765942
vt 0.291162 0.845622
vt 0.315214 0.837043
vt 0.955082 0.783791
vt 0.973125 0.801641
vt 0.983798 0.882618
vt 0.966882 0.922320
vt 0.966882 0.876305
vt 0.973125 0.783791
vt 0.983798 0.928633
vt 0.966882 0.928646
vt 0.391626 0.931779
vt 0.408541 0.925466
vt 0.712753 0.810430
vt 0.759165 0.022340
vt 0.740022 0.001171
vt 0.759165 0.001179
vt 0.462307 0.941322
vt 0.439938 0.943726
vt 0.439914 0.932376
vt 0.507349 0.154383
vt 0.720878 0.022340
vt 0.720878 0.001179
vt 0.868791 0.434488
vt 0.854841 0.440068
vt 0.551735 0.238784
vt 0.538953 0.265034
vt 0.563100 0.037099
vt 0.549001 0.061193
vt 0.549001 0.032109
vt 0.285926 0.875028
vt 0.275848 0.889126
vt 0.271179 0.875028
vt 0.825883 0.899959
vt 0.799338 0.842273
vt 0.825883 0.830338
vt 0.635292 0.524059
vt 0.629142 0.568123
vt 0.629142 0.527600
vt 0.290861 0.889126
vt 0.295228 0.882977
vt 0.290861 0.819277
vt 0.291162 0.837043
vt 0.702944 0.762511
vt 0.706567 0.756361
vt 0.518685 0.066790
vt 0.579541 0.511821
vt 0.571591 0.527600
vt 0.565442 0.524059
vt 0.694116 0.730752
vt 0.672205 0.724602
vt 0.690493 0.724602
vt 0.271179 0.864615
vt 0.565442 0.573244
vt 0.584594 0.579450
vt 0.581223 0.586991
vt 0.702944 0.820061
vt 0.708041 0.807059
vt 0.538953 0.529346
vt 0.551735 0.555597
vt 0.462307 0.900773
vt 0.295228 0.825426
vt 0.319326 0.825426
vt 0.692118 0.807059
vt 0.708032 0.791286
vt 0.560404 0.903799
vt 0.538035 0.901396
vt 0.560386 0.892466
vt 0.692118 0.775513
vt 0.692125 0.791286
vt 0.560404 0.944348
vt 0.538010 0.912745
vt 0.319326 0.882977
vt 0.600367 0.586987
vt 0.600367 0.579446
vt 0.616140 0.579450
vt 0.619511 0.586991
vt 0.621193 0.511821
vt 0.712742 0.791286
vt 0.708041 0.775513
vt 0.507349 0.032109
vt 0.517762 0.061193
vt 0.507349 0.061193
vt 0.571591 0.568123
vt 0.635292 0.573244
vt 0.694116 0.660902
vt 0.672205 0.667052
vt 0.671920 0.660902
vt 0.528175 0.061193
vt 0.538588 0.030255
vt 0.538588 0.061193
vt 0.493250 0.037099
vt 0.538953 0.358503
vt 0.493250 0.367805
vt 0.493250 0.338358
vt 0.137416 0.883208
vt 0.137380 0.864064
vt 0.137416 0.844920
vt 0.563100 0.159926
vt 0.538953 0.404543
vt 0.551735 0.430350
vt 0.538953 0.435877
vt 0.493250 0.426575
vt 0.493250 0.456022
vt 0.551735 0.364031
vt 0.538953 0.389837
vt 0.509195 0.066790
vt 0.537215 0.186862
vt 0.528175 0.200306
vt 0.528175 0.186862
vt 0.563100 0.066525
vt 0.708191 0.031779
vt 0.705097 0.028129
vt 0.969374 0.719199
vt 0.964595 0.736647
vt 0.964578 0.719199
vt 0.495313 0.544441
vt 0.955495 0.754124
vt 0.969392 0.738343
vt 0.412751 0.667499
vt 0.410068 0.650466
vt 0.412751 0.648706
vt 0.412751 0.627571
vt 0.410068 0.644604
vt 0.410068 0.627476
vt 0.495313 0.249940
vt 0.538588 0.032109
vt 0.740022 0.022375
vt 0.757469 0.026503
vt 0.740022 0.026535
vt 0.493250 0.159926
vt 0.495313 0.335126
vt 0.536966 0.268299
vt 0.536966 0.353487
vt 0.740022 0.082696
vt 0.722574 0.026503
vt 0.757469 0.082729
vt 0.560005 0.071650
vt 0.560005 0.156775
vt 0.548615 0.520852
vt 0.496345 0.071650
vt 0.496345 0.156775
vt 0.548615 0.273529
vt 0.548615 0.358524
vt 0.955495 0.684274
vt 0.964595 0.701751
vt 0.951929 0.687369
vt 0.771852 0.031779
vt 0.519136 0.186862
vt 0.493250 0.066525
vt 0.969392 0.700055
vt 0.519136 0.200306
vt 0.537215 0.200306
vt 0.798155 0.630121
vt 0.334808 0.669739
vt 0.327850 0.653410
vt 0.324821 0.669739
vt 0.314834 0.653410
vt 0.314834 0.669739
vt 0.834875 0.334479
vt 0.857544 0.347495
vt 0.834875 0.321463
vt 0.857544 0.334479
vt 0.857544 0.321463
vt 0.293919 0.512574
vt 0.305409 0.518183
vt 0.306935 0.512574
vt 0.319951 0.518183
vt 0.319951 0.512574
vt 0.004101 0.795668
vt 0.001171 0.807159
vt 0.004101 0.808684
vt 0.001171 0.821700
vt 0.004101 0.821700
vt 0.327496 0.875948
vt 0.350165 0.888964
vt 0.327496 0.862932
vt 0.350165 0.875948
vt 0.350165 0.862932
vt 0.347908 0.583838
vt 0.347908 0.598380
vt 0.347908 0.569297
vt 0.358768 0.583838
vt 0.358768 0.569297
vt 0.696169 0.645719
vt 0.709613 0.645719
vt 0.693138 0.656853
vt 0.682725 0.645719
vt 0.682725 0.656853
vt 0.589954 0.732475
vt 0.582288 0.737175
vt 0.600367 0.732475
vt 0.591327 0.737175
vt 0.600367 0.737175
vt 0.684236 0.804302
vt 0.688592 0.801699
vt 0.684236 0.791286
vt 0.688592 0.791286
vt 0.589954 0.511821
vt 0.583208 0.517516
vt 0.600367 0.511821
vt 0.591787 0.517516
vt 0.600367 0.517516
vt 0.749856 0.124894
vt 0.773269 0.114938
vt 0.773269 0.124894
vt 0.749856 0.114938
vt 0.773269 0.104982
vt 0.749856 0.104982
vt 0.398588 0.307784
vt 0.390041 0.314251
vt 0.398588 0.317740
vt 0.390041 0.327695
vt 0.398588 0.327695
vt 0.437572 0.937165
vt 0.421021 0.937165
vt 0.437572 0.926752
vt 0.421021 0.926752
vt 0.001171 0.712051
vt 0.037355 0.712051
vt 0.001171 0.725495
vt 0.037355 0.725495
vt 0.538588 0.183467
vt 0.528175 0.183467
vt 0.528175 0.154383
vt 0.517762 0.030255
vt 0.528175 0.001171
vt 0.528175 0.030255
vt 0.600367 0.442410
vt 0.914227 0.585143
vt 0.940772 0.527457
vt 0.940772 0.597078
vt 0.610780 0.442410
vt 0.391456 0.105995
vt 0.381043 0.076911
vt 0.391456 0.076911
vt 0.401869 0.105995
vt 0.401869 0.076911
vt 0.528175 0.155311
vt 0.953937 0.072522
vt 0.927272 0.019501
vt 0.953937 0.007836
vt 0.964540 0.876305
vt 0.964540 0.940844
vt 0.538588 0.155311
vt 0.868791 0.371498
vt 0.043598 0.772928
vt 0.967068 0.547645
vt 0.044980 0.680403
vt 0.866023 0.001171
vt 0.397667 0.372787
vt 0.749856 0.085070
vt 0.357601 0.317352
vt 0.357601 0.307396
vt 0.360501 0.300474
vt 0.383534 0.300474
vt 0.387371 0.309592
vt 0.387371 0.327308
vt 0.387371 0.345023
vt 0.357601 0.327308
vt 0.357601 0.347219
vt 0.037749 0.752328
vt 0.946108 0.513180
vt 0.909042 0.412030
vt 0.734776 0.837283
vt 0.914708 0.876305
vt 0.762859 0.336168
vt 0.734776 0.875571
vt 0.987141 0.752845
vt 0.415115 0.961677
vt 0.745077 0.645719
vt 0.415115 0.891827
vt 0.558494 0.212588
vt 0.972141 0.599420
vt 0.983694 0.154022
vt 0.984276 0.661632
vt 0.943714 0.876305
vt 0.164072 0.829139
vt 0.391626 0.984121
vt 0.829038 0.277807
vt 0.001178 0.958772
vt 0.321667 0.819277
vt 0.948525 0.172492
vt 0.964518 0.427218
vt 0.935371 0.306759
vt 0.982076 0.761296
vt 0.041256 0.870472
vt 0.866541 0.980935
vt 0.309838 0.891468
vt 0.870052 0.684274
vt 0.365298 0.520525
vt 0.561266 0.443632
vt 0.798155 0.650094
vt 0.841566 0.379540
vt 0.851042 0.387731
vt 0.851042 0.433743
vt 0.833703 0.440068
vt 0.843690 0.440068
vt 0.823716 0.440068
vt 0.805867 0.379540
vt 0.796390 0.433743
vt 0.803742 0.440068
vt 0.951929 0.756465
vt 0.983798 0.934959
vt 0.462290 0.952655
vt 0.551735 0.270772
vt 0.799338 0.911895
vt 0.671920 0.730752
vt 0.706567 0.826211
vt 0.551735 0.523608
vt 0.439914 0.891827
vt 0.538010 0.953294
vt 0.517762 0.032109
vt 0.690493 0.667052
vt 0.551735 0.398361
vt 0.551735 0.396019
vt 0.951929 0.751029
vt 0.410068 0.667594
vt 0.412751 0.646364
vt 0.722574 0.082729
vt 0.548615 0.435856
vt 0.774946 0.028129
vt 0.517762 0.001171
vt 0.538588 0.001171
vt 0.589954 0.442410
vt 0.914227 0.515521
vt 0.381043 0.105995
vt 0.517762 0.155311
vt 0.927272 0.084188
vn 0.0000 -0.6711 0.7414
vn 1.0000 -0.0000 0.0000
vn -0.6276 -0.7785 0.0000
vn -1.0000 0.0000 0.0000
vn -0.6294 0.7771 0.0000
vn 0.0000 -0.5766 -0.8170
vn 0.0000 1.0000 0.0000
vn 0.0000 0.4342 0.9008
vn -0.0000 -0.3496 -0.9369
vn 0.6276 -0.7785 0.0000
vn 0.0000 -1.0000 0.0000
vn 0.0000 -0.4342 -0.9008
vn 0.6294 0.7771 0.0000
vn -0.6294 -0.7771 0.0000
vn 0.6276 0.7785 0.0000
vn 0.6294 -0.7771 0.0000
vn -0.6276 0.7785 0.0000
vn 0.0000 -0.0222 0.9998
vn 0.1965 0.4258 0.8832
vn 0.0000 0.2502 0.9682
vn 0.1154 0.3130 0.9427
vn 0.1965 -0.4258 -0.8832
vn 0.1029 -0.5315 -0.8408
vn -0.0000 -0.2537 -0.9673
vn -0.0005 -0.2537 -0.9673
vn -0.1965 -0.4258 -0.8832
vn 0.0005 -0.2537 -0.9673
vn -0.1047 0.5327 0.8398
vn -0.1154 0.3130 0.9427
vn -0.1176 -0.3110 -0.9431
vn 0.0000 0.4008 0.9162
vn -0.1029 -0.5315 -0.8408
vn 0.1047 0.5327 0.8398
vn -0.0000 0.5745 0.8185
vn -0.0004 0.5745 0.8185
vn 0.1176 -0.3110 -0.9431
vn 0.0004 0.5745 0.8185
vn -0.1965 0.4258 0.8832
vn 0.0000 -0.9676 -0.2524
vn 0.0000 -0.2524 -0.9676
vn 0.0000 0.4368 0.8996
vn 0.0002 0.2541 0.9672
vn -0.0000 0.2541 0.9672
vn -0.0558 0.4087 0.9110
vn 0.0000 0.3496 0.9369
vn 0.0568 -0.4095 -0.9105
vn -0.0002 -0.4354 -0.9002
vn 0.0000 -0.4354 -0.9002
vn -0.1040 -0.3477 -0.9318
vn 0.0000 -0.9619 -0.2733
vn -0.0002 0.2541 0.9672
vn 0.0587 -0.2848 -0.9568
vn -0.0597 0.2839 0.9570
vn -0.0598 0.2839 0.9570
vn -0.0587 -0.2848 -0.9568
vn 0.0002 -0.4354 -0.9002
vn 0.0558 0.4087 0.9110
vn -0.0568 -0.4095 -0.9105
vn 0.1040 0.3477 0.9318
vn -0.1040 0.3477 0.9318
vn 0.1040 -0.3477 -0.9318
vn 0.0597 0.2839 0.9570
vn 0.0598 0.2839 0.9570
vn 0.0000 -0.6346 -0.7729
vn 0.3626 0.3457 0.8655
vn 0.1870 -0.5538 -0.8114
vn -0.1870 -0.5538 -0.8114
vn -0.2271 -0.1086 -0.9678
vn -0.2228 0.1124 0.9684
vn 0.3627 -0.3457 -0.8654
vn -0.1896 0.5560 0.8093
vn 0.2271 -0.1086 -0.9678
vn -0.0000 0.6313 0.7755
vn -0.0005 0.6313 0.7755
vn 0.0005 0.6313 0.7755
vn 0.2228 0.1124 0.9684
vn 0.0000 0.0149 -0.9999
vn -0.0009 0.0149 -0.9999
vn 0.0000 -0.9421 -0.3352
vn 0.0000 -0.9739 -0.2270
vn -0.3626 0.3457 0.8655
vn 0.1896 0.5560 0.8093
vn 0.0009 0.0149 -0.9999
vn -0.3627 -0.3457 -0.8654
vn 0.0000 -0.4101 -0.9120
vn -0.0007 0.9729 0.2313
vn -0.0000 0.9668 0.2555
vn 0.0007 0.9729 0.2313
vn -0.4021 -0.7346 -0.5464
vn -0.5603 0.3561 -0.7478
vn -0.0008 0.9614 0.2750
vn 0.0000 0.9670 0.2546
vn 0.7745 -0.2551 -0.5788
vn -0.4061 0.7358 0.5419
vn -0.5554 -0.3493 0.7547
vn 0.5554 -0.3493 0.7547
vn -0.7745 -0.2551 -0.5788
vn 0.0000 0.6615 -0.7499
vn 0.0021 0.6615 -0.7499
vn 0.0008 0.9614 0.2750
vn 0.0000 -0.8726 -0.4884
vn 0.7745 0.2551 0.5788
vn 0.4061 0.7358 0.5419
vn -0.0021 0.6615 -0.7499
vn 0.5603 0.3561 -0.7478
vn -0.7745 0.2551 0.5788
vn 0.4021 -0.7346 -0.5464
vn 0.0000 0.4101 0.9120
vn 0.0000 -0.4008 -0.9162
usemtl Metal.001
s 1
f 1053/1658/378 1002/1659/378 1050/1660/378
f 971/1661/379 973/1662/379 972/1663/379
f 759/1664/380 953/1665/380 760/1666/380
f 943/1667/381 988/1668/381 946/1669/381
f 748/1670/379 822/1671/379 819/1672/379
f 756/1673/382 944/1674/382 755/1675/382
f 763/1676/383 836/1677/383 824/1678/383
f 764/1679/384 941/1680/384 756/1681/384
f 975/1682/379 936/1683/379 950/1684/379
f 812/1685/384 814/1686/384 813/1687/384
f 745/1688/385 766/1689/385 746/1690/385
f 762/1691/386 851/1692/386 850/1693/386
f 768/1694/387 791/1695/387 788/1696/387
f 752/1697/385 773/1698/385 754/1699/385
f 751/1700/385 768/1701/385 748/1702/385
f 913/1703/388 771/1704/388 926/1705/388
f 748/1702/385 767/1706/385 747/1707/385
f 752/1697/385 767/1706/385 772/1708/385
f 749/1709/385 766/1689/385 769/1710/385
f 922/1711/384 1029/1712/384 862/1713/384
f 745/1688/385 773/1698/385 765/1714/385
f 750/1715/385 769/1710/385 770/1716/385
f 1004/1717/388 823/1718/388 1008/1719/388
f 767/1720/379 788/1721/379 787/1722/379
f 781/1723/389 913/1724/389 874/1725/389
f 772/1726/390 787/1722/390 792/1727/390
f 766/1728/381 789/1729/381 769/1730/381
f 773/1731/384 785/1732/384 765/1733/384
f 772/1734/384 793/1735/384 773/1731/384
f 769/1736/380 790/1737/380 770/1738/380
f 765/1739/382 786/1740/382 766/1728/382
f 1034/1741/388 1036/1742/388 1037/1743/388
f 776/1744/389 785/1745/389 775/1746/389
f 778/1747/389 787/1748/389 788/1696/389
f 779/1749/389 786/1750/389 776/1744/389
f 779/1751/389 790/1752/389 789/1753/389
f 778/1754/389 791/1755/389 781/1723/389
f 777/1756/389 792/1757/389 787/1748/389
f 782/1758/389 793/1759/389 792/1757/389
f 853/1760/384 781/1761/384 874/1762/384
f 1034/1741/388 1038/1763/388 1033/1764/388
f 775/1746/389 793/1759/389 783/1765/389
f 797/1766/389 798/1767/389 853/1768/389
f 777/1756/391 802/1769/391 782/1758/391
f 779/1770/379 796/1771/379 799/1772/379
f 783/1765/388 795/1773/388 775/1746/388
f 782/1758/388 803/1774/388 783/1765/388
f 780/1775/392 799/1772/392 800/1776/392
f 776/1744/393 795/1773/393 796/1777/393
f 1033/1764/388 963/1778/388 964/1779/388
f 781/1780/394 798/1781/394 778/1782/394
f 778/1782/381 797/1783/381 777/1784/381
f 754/1785/384 833/1786/384 830/1787/384
f 1053/1788/379 1063/1789/379 763/1790/379
f 747/1791/390 816/1792/390 822/1671/390
f 1044/1793/395 963/1794/395 1038/1795/395
f 816/1796/384 754/1785/384 830/1787/384
f 935/1797/390 762/1798/390 758/1799/390
f 828/1800/380 750/1801/380 832/1802/380
f 833/1803/382 746/1804/382 818/1805/382
f 751/1806/387 819/1807/387 823/1718/387
f 818/1805/381 749/1808/381 828/1809/381
f 1009/1810/386 760/1811/386 993/1812/386
f 831/1813/388 1051/1814/388 989/1815/388
f 819/1816/396 838/1817/396 839/1818/396
f 1008/1819/397 835/1820/397 804/1821/397
f 823/1822/398 839/1818/398 835/1820/398
f 821/1823/399 840/1824/399 837/1825/399
f 820/1826/400 836/1677/400 840/1824/400
f 829/1827/401 811/1828/402 834/1829/402
f 817/1830/403 841/1831/403 827/1832/403
f 829/1827/401 806/1833/404 814/1686/401
f 949/1834/379 758/1799/379 757/1835/379
f 750/1715/385 923/1836/385 994/1837/385
f 805/1838/384 814/1686/384 806/1833/384
f 1032/1839/384 1028/1840/384 1029/1712/384
f 838/1841/390 806/1842/390 837/1843/390
f 840/1824/387 835/1844/387 839/1845/387
f 809/1846/380 841/1831/380 842/1847/380
f 842/1848/381 843/1849/381 844/1850/381
f 837/1843/379 839/1851/379 838/1841/379
f 844/1850/382 811/1852/382 812/1853/382
f 818/1854/405 812/1855/405 833/1856/405
f 832/1857/406 842/1858/406 828/1859/406
f 834/1829/407 843/1860/407 817/1861/407
f 1051/1862/408 1067/1863/408 1052/1864/408
f 827/1832/409 810/1865/409 831/1813/409
f 822/1866/410 805/1867/410 838/1817/410
f 830/1868/411 812/1855/412 813/1869/411
f 815/1870/413 837/1871/413 806/1833/413
f 830/1868/411 805/1867/414 816/1872/414
f 828/1859/415 844/1873/415 818/1854/415
f 851/1692/384 884/1874/384 876/1875/384
f 757/1876/386 849/1877/386 854/1878/386
f 756/1681/386 851/1692/386 764/1679/386
f 758/1879/386 850/1693/386 849/1877/386
f 872/1880/388 1018/1881/388 1017/1882/388
f 759/1883/386 845/1884/386 755/1885/386
f 755/1885/386 846/1886/386 756/1681/386
f 759/1883/386 848/1887/386 847/1888/386
f 1050/1660/388 1046/1889/416 1049/1890/388
f 757/1876/386 852/1891/386 761/1892/386
f 859/1893/381 924/1894/381 864/1895/381
f 848/1896/380 880/1897/380 847/1898/380
f 851/1692/384 877/1899/384 850/1693/384
f 852/1900/387 892/1901/387 886/1902/387
f 847/1903/381 881/1904/381 845/1905/381
f 885/1906/388 1014/1907/388 1021/1908/388
f 854/1909/379 894/1910/379 892/1911/379
f 889/1912/380 907/1913/380 879/1914/380
f 885/1906/387 914/1915/387 912/1916/387
f 891/1917/379 909/1918/379 914/1919/379
f 886/1920/417 1020/1921/417 1026/1922/417
f 882/1923/382 906/1924/382 883/1925/382
f 893/1926/390 910/1927/390 909/1918/390
f 889/1928/418 1017/1929/418 1023/1930/418
f 1039/1931/388 952/1932/388 1040/1933/388
f 845/1905/382 884/1934/382 846/1935/382
f 1040/1933/388 993/1936/388 1041/1937/388
f 849/1938/390 877/1939/390 894/1910/390
f 879/1940/381 905/1941/381 882/1923/381
f 878/1942/384 911/1943/384 910/1944/384
f 852/1900/388 1026/1945/388 1011/1946/388
f 883/1947/419 903/1948/420 868/1949/419
f 891/1950/421 899/1951/421 897/1952/421
f 858/1953/422 1012/1954/422 1027/1955/422
f 884/1956/423 870/1957/423 867/1958/423
f 877/1959/424 904/1960/425 866/1961/424
f 894/1962/426 898/1963/426 892/1964/426
f 999/1965/388 1047/1966/416 1000/1967/427
f 878/1968/428 903/1948/420 875/1969/420
f 880/1970/429 871/1971/429 902/1972/429
f 883/1973/384 911/1943/384 875/1974/384
f 868/1975/382 870/1976/382 869/1977/382
f 865/1978/390 896/1979/390 866/1980/390
f 895/1981/379 898/1982/379 896/1979/379
f 897/1983/387 900/1984/387 898/1985/387
f 901/1986/380 871/1987/380 872/1880/380
f 1048/1988/388 1046/1889/416 1047/1966/416
f 868/1989/384 904/1990/384 867/1991/384
f 869/1977/381 902/1992/381 901/1993/381
f 865/1994/384 904/1990/384 903/1995/384
f 893/1996/430 865/1997/431 878/1968/431
f 892/1964/432 900/1998/432 886/1920/432
f 884/1956/433 904/1960/425 876/1999/425
f 953/1665/388 993/1936/388 760/1666/388
f 879/2000/434 872/2001/434 889/1928/434
f 877/1959/435 896/2002/435 894/2003/435
f 879/2000/436 869/2004/436 901/2005/436
f 891/1950/437 895/2006/437 893/1996/437
f 881/2007/438 902/1972/438 870/2008/438
f 882/2009/439 868/1949/440 869/2004/439
f 855/2010/422 906/2011/422 905/2012/422
f 857/2013/422 905/2012/422 907/2014/422
f 857/2013/422 908/2015/422 858/1953/422
f 859/2016/422 910/2017/422 860/2018/422
f 860/2018/422 911/2019/422 861/2020/422
f 1030/2021/384 858/2022/384 1027/2023/384
f 864/2024/422 909/2025/422 859/2016/422
f 1040/1933/441 1033/1764/441 1039/1931/441
f 856/2026/422 911/2019/422 906/2011/422
f 864/2024/422 912/2027/422 914/2028/422
f 919/2029/422 921/2030/422 1032/2031/422
f 860/2032/391 919/2033/391 859/2034/391
f 856/2035/393 915/2036/393 916/2037/393
f 1035/2038/388 927/2039/388 1036/1742/388
f 861/2040/388 920/2041/388 860/2032/388
f 855/2042/379 917/2043/379 915/2044/379
f 856/2035/388 921/2045/388 861/2040/388
f 1035/2038/441 1040/1933/441 1041/1937/441
f 857/2046/392 918/2047/392 917/2043/392
f 864/1895/394 922/2048/394 862/2049/394
f 938/2050/384 764/1679/384 762/1691/384
f 979/2051/384 939/2052/384 937/2053/384
f 933/2054/390 931/2055/390 934/2056/390
f 763/1676/388 992/2057/388 1053/1658/388
f 939/2052/384 984/2058/384 942/2059/384
f 755/1675/381 945/2060/381 759/2061/381
f 942/2062/382 985/2063/382 943/1667/382
f 946/2064/380 990/2065/380 954/2066/380
f 948/2067/387 757/2068/387 761/2069/387
f 1042/2070/381 1062/2071/381 1057/2072/381
f 950/2073/442 933/2074/442 929/2075/442
f 949/2076/443 964/1779/443 930/2077/443
f 945/2078/444 928/2079/444 953/1665/444
f 941/1680/445 962/2080/445 944/2081/445
f 1002/1659/388 1045/2082/416 1050/1660/388
f 954/2083/446 956/2084/446 946/2085/446
f 935/2086/447 930/2087/447 934/2088/447
f 948/2067/388 951/2089/388 1039/1931/388
f 943/2090/448 960/2091/448 942/2092/448
f 938/2050/449 934/2093/449 931/2094/449
f 978/2095/390 937/2096/390 936/1683/390
f 934/2056/379 929/2097/379 933/2054/379
f 1039/1931/441 964/1779/441 948/2067/441
f 927/2039/380 955/2098/380 956/2099/380
f 932/2100/384 958/2101/384 931/2094/384
f 961/2102/382 959/2103/382 960/2104/382
f 960/2105/384 958/2101/384 957/2106/384
f 956/2107/381 962/2108/381 961/2102/381
f 928/2079/441 1041/1937/441 953/1665/441
f 930/2077/387 963/1778/387 929/2109/387
f 939/2110/450 960/2091/451 957/2111/450
f 939/2110/450 932/2112/452 937/2113/452
f 947/2114/453 929/2075/453 963/1794/453
f 940/2115/454 959/2116/455 941/1680/455
f 947/2117/388 1054/2118/456 991/2119/457
f 946/2085/458 961/2120/458 943/2090/458
f 936/2121/459 932/2112/459 933/2074/459
f 940/2115/454 931/2094/460 958/2101/454
f 944/2122/461 955/2123/461 945/2124/461
f 1055/2125/462 1062/2126/462 1056/2127/462
f 991/2119/387 950/2128/387 947/2117/387
f 986/2129/381 827/2130/381 987/2131/381
f 829/1827/384 983/2132/463 982/2133/464
f 980/2134/465 829/1827/384 982/2133/464
f 987/2135/380 831/1813/380 989/1815/380
f 821/2136/390 980/2137/390 977/2138/390
f 820/2139/379 977/2138/379 976/2140/379
f 983/2141/382 817/2142/382 986/2129/382
f 1054/2118/456 1001/2143/427 991/2119/457
f 774/2144/388 807/2145/388 784/2146/388
f 988/2147/466 1000/1967/466 990/2065/466
f 984/2058/467 995/2148/467 985/2149/467
f 982/2150/464 966/2151/468 967/2152/469
f 978/2095/470 974/2153/470 971/1661/470
f 986/2154/471 966/2151/471 983/2155/471
f 989/2156/472 997/2157/472 987/2158/472
f 992/2159/473 973/2160/473 1002/2161/473
f 985/2063/474 998/2162/474 988/1668/474
f 1042/2163/388 990/2065/457 1056/2127/456
f 981/2164/475 970/2165/476 968/2166/475
f 824/1678/387 976/2167/387 992/2057/387
f 997/2168/381 995/2169/381 996/2170/381
f 967/2171/469 965/2172/384 968/2166/384
f 967/2171/469 970/2165/384 969/2173/477
f 999/1965/380 998/2174/380 997/2175/380
f 972/1663/390 970/2176/390 971/1661/390
f 974/2177/387 1002/1659/387 973/2178/387
f 996/2170/382 965/2179/382 966/2180/382
f 1056/2127/456 1000/1967/427 1047/1966/416
f 1055/2125/478 1047/1966/416 1046/1889/416
f 1055/2125/478 1045/2082/416 1054/2118/456
f 976/2140/479 972/1663/479 973/1662/479
f 977/2181/480 969/2182/480 972/2183/480
f 981/2164/475 965/2172/481 984/2058/481
f 979/2051/482 971/2184/482 970/2165/482
f 794/2185/388 835/1844/388 836/1677/388
f 987/2131/483 996/2170/483 986/2129/483
f 975/2186/484 1001/2143/484 974/2177/484
f 982/2150/464 969/2182/477 980/2187/465
f 784/2146/388 804/2188/388 794/2185/388
f 810/1865/388 808/2189/388 774/2144/388
f 1031/2190/384 1027/2023/384 1028/1840/384
f 862/2191/422 1014/2192/422 912/2027/422
f 1029/2193/422 1013/2194/422 1014/2192/422
f 1027/1955/422 1013/2194/422 1028/2195/422
f 1009/2196/388 890/2197/388 848/1896/388
f 1010/2198/388 1024/2199/388 1009/2196/388
f 1011/1946/388 1025/2200/388 1010/2198/388
f 885/2201/418 1015/2202/418 899/1951/418
f 1021/2203/418 1016/2204/418 1015/2202/418
f 1023/1930/418 1016/2204/418 1022/2205/418
f 890/2206/417 1018/2207/417 871/1971/417
f 1024/2208/417 1019/2209/417 1018/2207/417
f 1026/1922/417 1019/2209/417 1025/2210/417
f 1023/2211/388 908/2212/388 889/1912/388
f 1022/2213/388 1012/2214/388 1023/2211/388
f 1021/1908/388 1013/2215/388 1022/2213/388
f 1015/2216/388 900/1984/388 899/2217/388
f 1016/2218/388 1020/2219/388 1015/2216/388
f 1016/2218/388 1018/1881/388 1019/2220/388
f 751/1700/385 926/2221/385 771/2222/385
f 1004/2223/385 925/2224/385 926/2221/385
f 994/1837/385 925/2224/385 1003/2225/385
f 1006/2226/397 809/2227/397 832/1857/397
f 1007/2228/397 808/2229/397 1006/2226/397
f 1007/2228/397 804/1821/397 807/2230/397
f 761/1892/386 1011/2231/386 951/2232/386
f 951/2232/386 1010/2233/386 952/2234/386
f 1010/2233/386 993/1812/386 952/2234/386
f 1042/2235/395 927/2236/395 954/2083/395
f 1043/2237/395 1036/2238/395 1042/2235/395
f 1043/2237/395 1038/1795/395 1037/2239/395
f 800/2240/384 863/2241/384 780/2242/384
f 825/2243/384 873/2244/384 863/2241/384
f 826/2245/384 874/1762/384 873/2244/384
f 780/2246/389 887/2247/389 790/1752/389
f 863/2248/389 888/2249/389 887/2247/389
f 874/1725/389 888/2249/389 873/2250/389
f 750/1801/388 1006/2251/388 832/1802/388
f 994/2252/388 1007/2253/388 1006/2251/388
f 1003/2254/388 1008/1719/388 1007/2253/388
f 790/1737/388 923/2255/388 770/1738/388
f 887/2256/388 925/2257/388 923/2255/388
f 888/2258/388 926/1705/388 925/2257/388
f 810/1865/383 1005/2259/383 831/1813/383
f 774/2144/383 753/2260/383 1005/2259/383
f 753/2260/383 794/2185/383 763/1676/383
f 1051/1814/378 999/1965/378 989/1815/378
f 1052/2261/378 1048/1988/378 1051/1814/378
f 1052/2261/378 1050/1660/378 1049/1890/378
f 1060/2262/388 1058/2263/388 1061/2264/388
f 1058/2263/388 1062/2126/388 1061/2264/388
f 1042/2235/485 1058/2265/485 1043/2237/485
f 1044/2266/379 1060/2267/379 1054/2268/379
f 1043/2237/485 1059/2269/485 1044/1793/485
f 1054/2118/462 1061/2264/462 1055/2125/462
f 1064/2270/388 1068/2271/388 1067/2272/388
f 1065/2273/388 1067/2272/388 1066/2274/388
f 763/1676/486 1064/2275/486 753/2260/486
f 1051/2276/381 1065/2277/381 1066/2278/381
f 1052/1864/408 1068/2279/408 1053/2280/408
f 753/2260/486 1065/2281/486 1005/2259/486
f 1053/1658/378 992/2057/378 1002/1659/378
f 971/1661/379 974/2153/379 973/1662/379
f 759/1664/380 945/2078/380 953/1665/380
f 943/1667/381 985/2063/381 988/1668/381
f 748/1670/379 747/1791/379 822/1671/379
f 756/1673/382 941/2282/382 944/1674/382
f 763/1676/383 794/2185/383 836/1677/383
f 764/1679/384 940/2115/384 941/1680/384
f 975/1682/379 978/2095/379 936/1683/379
f 812/1685/384 811/1828/384 814/1686/384
f 745/1688/385 765/1714/385 766/1689/385
f 762/1691/386 764/1679/386 851/1692/386
f 768/1694/387 771/1704/387 791/1695/387
f 752/1697/385 772/1708/385 773/1698/385
f 751/1700/385 771/2222/385 768/1701/385
f 913/1703/388 791/1695/388 771/1704/388
f 748/1702/385 768/1701/385 767/1706/385
f 752/1697/385 747/1707/385 767/1706/385
f 749/1709/385 746/1690/385 766/1689/385
f 922/1711/384 1032/1839/384 1029/1712/384
f 745/1688/385 754/1699/385 773/1698/385
f 750/1715/385 749/1709/385 769/1710/385
f 1004/1717/388 751/1806/388 823/1718/388
f 767/1720/379 768/2283/379 788/1721/379
f 781/1723/389 791/1755/389 913/1724/389
f 772/1726/390 767/1720/390 787/1722/390
f 766/1728/381 786/1740/381 789/1729/381
f 773/1731/384 793/1735/384 785/1732/384
f 772/1734/384 792/2284/384 793/1735/384
f 769/1736/380 789/2285/380 790/1737/380
f 765/1739/382 785/2286/382 786/1740/382
f 1034/1741/388 1035/2038/388 1036/1742/388
f 776/1744/389 786/1750/389 785/1745/389
f 778/1747/389 777/1756/389 787/1748/389
f 779/1749/389 789/2285/389 786/1750/389
f 779/1751/389 780/2246/389 790/1752/389
f 778/1754/389 788/2287/389 791/1755/389
f 777/1756/389 782/1758/389 792/1757/389
f 782/1758/389 783/1765/389 793/1759/389
f 853/1760/384 801/2288/384 781/1761/384
f 1034/1741/388 1037/1743/388 1038/1763/388
f 775/1746/389 785/1745/389 793/1759/389
f 825/2289/389 800/2290/389 799/2291/389
f 799/2291/389 796/2292/389 825/2289/389
f 796/2292/389 795/2293/389 803/2294/389
f 803/2294/389 802/2295/389 797/1766/389
f 796/2292/389 803/2294/389 826/2296/389
f 826/2296/389 825/2289/389 796/2292/389
f 798/1767/389 801/2297/389 853/1768/389
f 853/1768/389 826/2296/389 797/1766/389
f 803/2294/389 797/1766/389 826/2296/389
f 777/1756/391 797/2298/391 802/1769/391
f 779/1770/379 776/2299/379 796/1771/379
f 783/1765/388 803/1774/388 795/1773/388
f 782/1758/388 802/1769/388 803/1774/388
f 780/1775/392 779/1770/392 799/1772/392
f 776/1744/393 775/1746/393 795/1773/393
f 1033/1764/388 1038/1763/388 963/1778/388
f 781/1780/394 801/2300/394 798/1781/394
f 778/1782/381 798/1781/381 797/1783/381
f 754/1785/384 745/2301/384 833/1786/384
f 1053/1788/379 1068/2302/379 1063/1789/379
f 747/1791/390 752/2303/390 816/1792/390
f 1044/1793/395 947/2114/395 963/1794/395
f 816/1796/384 752/2304/384 754/1785/384
f 935/1797/390 938/2305/390 762/1798/390
f 828/1800/380 749/2306/380 750/1801/380
f 833/1803/382 745/2307/382 746/1804/382
f 751/1806/387 748/2308/387 819/1807/387
f 818/1805/381 746/1804/381 749/1808/381
f 1009/1810/386 848/1887/386 760/1811/386
f 831/1813/388 1005/2259/388 1051/1814/388
f 819/1816/396 822/1866/396 838/1817/396
f 1008/1819/397 823/1822/397 835/1820/397
f 823/1822/398 819/1816/398 839/1818/398
f 821/1823/399 820/1826/399 840/1824/399
f 820/1826/400 824/1678/400 836/1677/400
f 829/1827/401 814/1686/401 811/1828/402
f 817/1830/403 843/2309/403 841/1831/403
f 829/1827/401 815/1870/404 806/1833/404
f 949/1834/379 935/1797/379 758/1799/379
f 750/1715/385 770/1716/385 923/1836/385
f 805/1838/384 813/1687/384 814/1686/384
f 1032/1839/384 1031/2190/384 1028/1840/384
f 838/1841/390 805/2310/390 806/1842/390
f 840/1824/387 836/1677/387 835/1844/387
f 809/1846/380 810/1865/380 841/1831/380
f 842/1848/381 841/2311/381 843/1849/381
f 837/1843/379 840/2312/379 839/1851/379
f 844/1850/382 843/1849/382 811/1852/382
f 818/1854/405 844/1873/405 812/1855/405
f 832/1857/406 809/2227/406 842/1858/406
f 834/1829/407 811/1828/407 843/1860/407
f 1051/1862/408 1066/2313/408 1067/1863/408
f 827/1832/409 841/1831/409 810/1865/409
f 822/1866/410 816/1872/410 805/1867/410
f 830/1868/411 833/1856/412 812/1855/412
f 815/1870/413 821/2314/413 837/1871/413
f 830/1868/411 813/1869/411 805/1867/414
f 828/1859/415 842/1858/415 844/1873/415
f 851/1692/384 846/1886/384 884/1874/384
f 757/1876/386 758/1879/386 849/1877/386
f 756/1681/386 846/1886/386 851/1692/386
f 758/1879/386 762/1691/386 850/1693/386
f 872/1880/388 871/1987/388 1018/1881/388
f 759/1883/386 847/1888/386 845/1884/386
f 755/1885/386 845/1884/386 846/1886/386
f 759/1883/386 760/1811/386 848/1887/386
f 1050/1660/388 1045/2082/416 1046/1889/416
f 757/1876/386 854/1878/386 852/1891/386
f 859/1893/381 919/2315/381 924/1894/381
f 848/1896/380 890/2197/380 880/1897/380
f 851/1692/384 876/1875/384 877/1899/384
f 852/1900/387 854/2316/387 892/1901/387
f 847/1903/381 880/2317/381 881/1904/381
f 885/1906/388 912/1916/388 1014/1907/388
f 854/1909/379 849/1938/379 894/1910/379
f 889/1912/380 908/2212/380 907/1913/380
f 885/1906/387 891/2318/387 914/1915/387
f 891/1917/379 893/1926/379 909/1918/379
f 886/1920/417 900/1998/417 1020/1921/417
f 882/1923/382 905/1941/382 906/1924/382
f 893/1926/390 878/2319/390 910/1927/390
f 889/1928/418 872/2001/418 1017/1929/418
f 1039/1931/388 951/2089/388 952/1932/388
f 845/1905/382 881/1904/382 884/1934/382
f 1040/1933/388 952/1932/388 993/1936/388
f 849/1938/390 850/2320/390 877/1939/390
f 879/1940/381 907/2321/381 905/1941/381
f 878/1942/384 875/1974/384 911/1943/384
f 852/1900/388 886/1902/388 1026/1945/388
f 883/1947/419 875/1969/420 903/1948/420
f 891/1950/421 885/2201/421 899/1951/421
f 858/1953/422 908/2015/422 1012/1954/422
f 884/1956/423 881/2322/423 870/1957/423
f 877/1959/424 876/1999/425 904/1960/425
f 894/1962/426 896/2323/426 898/1963/426
f 999/1965/388 1048/1988/388 1047/1966/416
f 878/1968/428 865/1997/428 903/1948/420
f 880/1970/429 890/2206/429 871/1971/429
f 883/1973/384 906/2324/384 911/1943/384
f 868/1975/382 867/2325/382 870/1976/382
f 865/1978/390 895/1981/390 896/1979/390
f 895/1981/379 897/2326/379 898/1982/379
f 897/1983/387 899/2217/387 900/1984/387
f 901/1986/380 902/2327/380 871/1987/380
f 1048/1988/388 1049/1890/388 1046/1889/416
f 868/1989/384 903/1995/384 904/1990/384
f 869/1977/381 870/1976/381 902/1992/381
f 865/1994/384 866/2328/384 904/1990/384
f 893/1996/430 895/2006/430 865/1997/431
f 892/1964/432 898/1963/432 900/1998/432
f 884/1956/433 867/1958/433 904/1960/425
f 953/1665/388 1041/1937/388 993/1936/388
f 879/2000/434 901/2005/434 872/2001/434
f 877/1959/435 866/1961/435 896/2002/435
f 879/2000/436 882/2009/436 869/2004/436
f 891/1950/437 897/1952/437 895/2006/437
f 881/2007/438 880/1970/438 902/1972/438
f 882/2009/439 883/1947/440 868/1949/440
f 855/2010/422 856/2026/422 906/2011/422
f 857/2013/422 855/2010/422 905/2012/422
f 857/2013/422 907/2014/422 908/2015/422
f 859/2016/422 909/2025/422 910/2017/422
f 860/2018/422 910/2017/422 911/2019/422
f 1030/2021/384 918/2329/384 858/2022/384
f 864/2024/422 914/2028/422 909/2025/422
f 1040/1933/441 1034/1741/441 1033/1764/441
f 856/2026/422 861/2020/422 911/2019/422
f 864/2024/422 862/2191/422 912/2027/422
f 921/2030/422 916/2330/422 915/2331/422
f 915/2331/422 917/2332/422 1030/2333/422
f 917/2332/422 918/2334/422 1030/2333/422
f 1030/2333/422 1031/2335/422 921/2030/422
f 1031/2335/422 1032/2031/422 921/2030/422
f 1030/2333/422 921/2030/422 915/2331/422
f 920/2336/422 921/2030/422 919/2029/422
f 919/2029/422 1032/2031/422 924/2337/422
f 1032/2031/422 922/2338/422 924/2337/422
f 860/2032/391 920/2041/391 919/2033/391
f 856/2035/393 855/2339/393 915/2036/393
f 1035/2038/388 928/2079/388 927/2039/388
f 861/2040/388 921/2045/388 920/2041/388
f 855/2042/379 857/2046/379 917/2043/379
f 856/2035/388 916/2037/388 921/2045/388
f 1035/2038/441 1034/1741/441 1040/1933/441
f 857/2046/392 858/2340/392 918/2047/392
f 864/1895/394 924/1894/394 922/2048/394
f 938/2050/384 940/2115/384 764/1679/384
f 979/2051/384 981/2164/384 939/2052/384
f 933/2054/390 932/2341/390 931/2055/390
f 763/1676/388 824/1678/388 992/2057/388
f 939/2052/384 981/2164/384 984/2058/384
f 755/1675/381 944/1674/381 945/2060/381
f 942/2062/382 984/2342/382 985/2063/382
f 946/2064/380 988/2147/380 990/2065/380
f 948/2067/387 949/2076/387 757/2068/387
f 1042/2070/381 1056/2343/381 1062/2071/381
f 950/2073/442 936/2121/442 933/2074/442
f 949/2076/443 948/2067/443 964/1779/443
f 945/2078/444 955/2098/444 928/2079/444
f 941/1680/445 959/2116/445 962/2080/445
f 1002/1659/388 1001/2143/427 1045/2082/416
f 954/2083/446 927/2236/446 956/2084/446
f 935/2086/447 949/2344/447 930/2087/447
f 948/2067/388 761/2069/388 951/2089/388
f 943/2090/448 961/2120/448 960/2091/448
f 938/2050/449 935/2345/449 934/2093/449
f 978/2095/390 979/2346/390 937/2096/390
f 934/2056/379 930/2347/379 929/2097/379
f 1039/1931/441 1033/1764/441 964/1779/441
f 927/2039/380 928/2079/380 955/2098/380
f 932/2100/384 957/2106/384 958/2101/384
f 961/2102/382 962/2108/382 959/2103/382
f 960/2105/384 959/2116/384 958/2101/384
f 956/2107/381 955/2348/381 962/2108/381
f 928/2079/441 1035/2038/441 1041/1937/441
f 930/2077/387 964/1779/387 963/1778/387
f 939/2110/450 942/2092/451 960/2091/451
f 939/2110/450 957/2111/450 932/2112/452
f 947/2114/453 950/2073/453 929/2075/453
f 940/2115/454 958/2101/454 959/2116/455
f 947/2117/388 1044/2349/388 1054/2118/456
f 946/2085/458 956/2084/458 961/2120/458
f 936/2121/459 937/2113/459 932/2112/459
f 940/2115/454 938/2050/460 931/2094/460
f 944/2122/461 962/2350/461 955/2123/461
f 1055/2125/462 1061/2264/462 1062/2126/462
f 991/2119/387 975/2186/387 950/2128/387
f 986/2129/381 817/2142/381 827/2130/381
f 829/1827/384 834/1829/384 983/2132/463
f 980/2134/465 815/1870/384 829/1827/384
f 987/2135/380 827/1832/380 831/1813/380
f 821/2136/390 815/2351/390 980/2137/390
f 820/2139/379 821/2136/379 977/2138/379
f 983/2141/382 834/2352/382 817/2142/382
f 1054/2118/456 1045/2082/416 1001/2143/427
f 774/2144/388 808/2189/388 807/2145/388
f 988/2147/466 998/2174/466 1000/1967/466
f 984/2058/467 965/2172/467 995/2148/467
f 982/2150/464 983/2155/463 966/2151/468
f 978/2095/470 975/1682/470 974/2153/470
f 986/2154/471 996/2353/471 966/2151/471
f 989/2156/472 999/2354/472 997/2157/472
f 992/2159/473 976/2355/473 973/2160/473
f 985/2063/474 995/2169/474 998/2162/474
f 1042/2163/388 954/2066/388 990/2065/457
f 981/2164/475 979/2051/476 970/2165/476
f 824/1678/387 820/1826/387 976/2167/387
f 997/2168/381 998/2162/381 995/2169/381
f 967/2171/469 966/2356/468 965/2172/384
f 967/2171/469 968/2166/384 970/2165/384
f 999/1965/380 1000/1967/380 998/2174/380
f 972/1663/390 969/2357/390 970/2176/390
f 974/2177/387 1001/2143/387 1002/1659/387
f 996/2170/382 995/2169/382 965/2179/382
f 1056/2127/456 990/2065/457 1000/1967/427
f 1055/2125/478 1056/2127/456 1047/1966/416
f 1055/2125/478 1046/1889/416 1045/2082/416
f 976/2140/479 977/2138/479 972/1663/479
f 977/2181/480 980/2187/480 969/2182/480
f 981/2164/475 968/2166/475 965/2172/481
f 979/2051/482 978/2358/482 971/2184/482
f 794/2185/388 804/2188/388 835/1844/388
f 987/2131/483 997/2168/483 996/2170/483
f 975/2186/484 991/2119/484 1001/2143/484
f 982/2150/464 967/2152/469 969/2182/477
f 784/2146/388 807/2145/388 804/2188/388
f 810/1865/388 809/1846/388 808/2189/388
f 1031/2190/384 1030/2021/384 1027/2023/384
f 862/2191/422 1029/2193/422 1014/2192/422
f 1029/2193/422 1028/2195/422 1013/2194/422
f 1027/1955/422 1012/1954/422 1013/2194/422
f 1009/2196/388 1024/2199/388 890/2197/388
f 1010/2198/388 1025/2200/388 1024/2199/388
f 1011/1946/388 1026/1945/388 1025/2200/388
f 885/2201/418 1021/2203/418 1015/2202/418
f 1021/2203/418 1022/2205/418 1016/2204/418
f 1023/1930/418 1017/1929/418 1016/2204/418
f 890/2206/417 1024/2208/417 1018/2207/417
f 1024/2208/417 1025/2210/417 1019/2209/417
f 1026/1922/417 1020/1921/417 1019/2209/417
f 1023/2211/388 1012/2214/388 908/2212/388
f 1022/2213/388 1013/2215/388 1012/2214/388
f 1021/1908/388 1014/1907/388 1013/2215/388
f 1015/2216/388 1020/2219/388 900/1984/388
f 1016/2218/388 1019/2220/388 1020/2219/388
f 1016/2218/388 1017/1882/388 1018/1881/388
f 751/1700/385 1004/2223/385 926/2221/385
f 1004/2223/385 1003/2225/385 925/2224/385
f 994/1837/385 923/1836/385 925/2224/385
f 1006/2226/397 808/2229/397 809/2227/397
f 1007/2228/397 807/2230/397 808/2229/397
f 1007/2228/397 1008/1819/397 804/1821/397
f 761/1892/386 852/1891/386 1011/2231/386
f 951/2232/386 1011/2231/386 1010/2233/386
f 1010/2233/386 1009/1810/386 993/1812/386
f 1042/2235/395 1036/2238/395 927/2236/395
f 1043/2237/395 1037/2239/395 1036/2238/395
f 1043/2237/395 1044/1793/395 1038/1795/395
f 800/2240/384 825/2243/384 863/2241/384
f 825/2243/384 826/2245/384 873/2244/384
f 826/2245/384 853/1760/384 874/1762/384
f 780/2246/389 863/2248/389 887/2247/389
f 863/2248/389 873/2250/389 888/2249/389
f 874/1725/389 913/1724/389 888/2249/389
f 750/1801/388 994/2252/388 1006/2251/388
f 994/2252/388 1003/2254/388 1007/2253/388
f 1003/2254/388 1004/1717/388 1008/1719/388
f 790/1737/388 887/2256/388 923/2255/388
f 887/2256/388 888/2258/388 925/2257/388
f 888/2258/388 913/1703/388 926/1705/388
f 810/1865/383 774/2144/383 1005/2259/383
f 774/2144/383 784/2146/383 753/2260/383
f 753/2260/383 784/2146/383 794/2185/383
f 1051/1814/378 1048/1988/378 999/1965/378
f 1052/2261/378 1049/1890/378 1048/1988/378
f 1052/2261/378 1053/1658/378 1050/1660/378
f 1060/2262/388 1059/2359/388 1058/2263/388
f 1058/2263/388 1057/2360/388 1062/2126/388
f 1042/2235/485 1057/2361/485 1058/2265/485
f 1044/2266/379 1059/2362/379 1060/2267/379
f 1043/2237/485 1058/2265/485 1059/2269/485
f 1054/2118/462 1060/2262/462 1061/2264/462
f 1064/2270/388 1063/2363/388 1068/2271/388
f 1065/2273/388 1064/2270/388 1067/2272/388
f 763/1676/486 1063/2364/486 1064/2275/486
f 1051/2276/381 1005/2365/381 1065/2277/381
f 1052/1864/408 1067/1863/408 1068/2279/408
f 753/2260/486 1064/2275/486 1065/2281/486
o Cube.065_Cube.070
v 0.064288 -0.073290 -2.108205
v -0.064288 -0.073290 -2.108205
v -0.064288 -0.083124 -2.106081
v -0.052393 -0.103199 -1.064175
v 0.064288 -0.083124 -2.106081
v 0.052393 -0.103199 -1.064175
v 0.041515 -0.103199 -1.070770
v -0.041515 -0.103199 -1.070770
v 0.052393 -0.045420 -1.064175
v -0.052393 -0.045420 -1.064175
v 0.041515 -0.045420 -1.070770
v 0.064288 -0.092288 -2.099855
v 0.023171 -0.063764 -1.081892
v -0.041515 -0.045420 -1.070770
v 0.023171 -0.068547 -1.081892
v -0.064288 -0.092288 -2.099855
v 0.023171 -0.084855 -1.081892
v 0.064288 -0.100158 -2.089951
v -0.023171 -0.063764 -1.081892
v 0.023171 -0.080072 -1.081892
v 0.089903 0.002896 -2.336989
v 0.052393 -0.103199 -1.227421
v 0.041515 -0.103199 -1.220826
v 0.064288 -0.106196 -2.077043
v 0.089903 0.002896 -0.769787
v 0.052393 -0.045420 -1.227421
v 0.041515 -0.045420 -1.220826
v 0.028646 0.072660 -0.932938
v 0.023171 -0.063764 -1.209704
v 0.064288 -0.109992 -2.062011
v 0.032192 0.072660 -2.315209
v 0.023171 -0.068547 -1.209704
v 0.047870 0.050767 -0.876274
v 0.023171 -0.084855 -1.209704
v 0.023171 -0.080072 -1.209704
v 0.064288 -0.109992 -1.054657
v 0.012164 -0.068547 -1.203031
v 0.028476 0.085105 -0.797985
v 0.012164 -0.080072 -1.203031
v 0.028646 0.072660 -0.826357
v 0.064288 -0.106196 -1.039626
v 0.028646 0.072660 -0.793716
v 0.023171 -0.063764 -1.145798
v 0.064288 -0.100158 -1.026718
v 0.089903 -0.154819 -0.715692
v 0.041515 -0.103199 -1.145798
v 0.089903 -0.154819 -2.389251
v 0.023171 -0.068547 -1.145798
v 0.064288 -0.092288 -1.016814
v 0.012164 -0.068547 -1.145798
v 0.073364 -0.189453 -2.400728
v 0.023171 -0.080072 -1.145798
v 0.074529 -0.187012 -0.704650
v 0.012164 -0.080072 -1.145798
v 0.064288 -0.083124 -1.010588
v 0.023171 -0.084855 -1.145798
v 0.044154 -0.250622 -0.735588
v 0.041515 -0.045420 -1.145798
v 0.044154 -0.250622 -2.373719
v 0.012164 -0.068547 -1.088565
v 0.012164 -0.080072 -1.088565
v -0.023171 -0.068547 -1.081892
v 0.064288 -0.073290 -1.008464
v -0.023171 -0.084855 -1.081892
v -0.064288 -0.100158 -2.089951
v 0.064288 -0.063455 -1.010588
v 0.052393 -0.103199 -1.472291
v -0.023171 -0.080072 -1.081892
v 0.041515 -0.103199 -1.478887
v 0.064288 -0.054291 -1.016814
v 0.052393 -0.045420 -1.472291
v -0.089903 0.002896 -2.336989
v 0.041515 -0.045420 -1.478887
v -0.052393 -0.103199 -1.227421
v 0.023171 -0.063764 -1.490009
v 0.064288 -0.046422 -1.026718
v 0.000000 0.072660 -0.932938
v 0.023171 -0.068547 -1.490009
v 0.000000 0.072660 -2.315209
v 0.023171 -0.084855 -1.490009
v 0.064288 -0.040383 -1.039626
v 0.023171 -0.080072 -1.490009
v 0.000000 0.050767 -0.876274
v 0.052393 -0.103199 -1.635538
v 0.000000 0.085105 -0.797985
v 0.041515 -0.103199 -1.628943
v 0.052393 -0.045420 -1.635538
v 0.064288 -0.036587 -1.054657
v 0.000000 -0.250622 -2.373719
v 0.041515 -0.045420 -1.628943
v 0.023171 -0.063764 -1.617821
v 0.000000 -0.187012 -0.704650
v 0.000000 -0.189453 -2.400728
v 0.023171 -0.068547 -1.617821
v 0.023171 -0.084855 -1.617821
v 0.064288 -0.036587 -2.062011
v 0.023171 -0.080072 -1.617821
v 0.000000 -0.250622 -0.735588
v 0.064288 -0.040383 -2.077043
v 0.012164 -0.068547 -1.611148
v 0.012164 -0.080072 -1.611148
v 0.064288 -0.046422 -2.089951
v 0.064288 -0.054291 -2.099855
v 0.064288 -0.063455 -2.106081
v 0.023171 -0.063764 -1.553915
v 0.089903 -0.083124 -1.010588
v 0.041515 -0.103199 -1.553915
v 0.089903 -0.073290 -1.008464
v 0.023171 -0.068547 -1.553915
v 0.089903 -0.092288 -1.016814
v 0.012164 -0.068547 -1.553915
v 0.089903 -0.054291 -1.016814
v 0.089903 -0.063455 -1.010588
v 0.023171 -0.080072 -1.553915
v 0.089903 -0.106196 -1.039626
v 0.012164 -0.080072 -1.553915
v 0.089903 -0.040383 -1.039626
v 0.023171 -0.084855 -1.553915
v 0.089903 -0.109992 -1.054657
v 0.041515 -0.045420 -1.553915
v 0.089903 -0.036587 -1.054657
v 0.012164 -0.068547 -1.496682
v 0.089903 -0.100158 -1.026718
v 0.012164 -0.080072 -1.496682
v 0.089903 -0.046422 -1.026718
v 0.089903 -0.109992 -2.062011
v 0.089903 -0.036587 -2.062011
v 0.089903 -0.106196 -2.077043
v 0.089903 -0.040383 -2.077043
v 0.052393 -0.103199 -1.880408
v 0.041515 -0.103199 -1.887004
v 0.089903 -0.092288 -2.099855
v 0.089903 -0.054291 -2.099855
v 0.052393 -0.045420 -1.880408
v 0.089903 -0.073290 -2.108205
v 0.041515 -0.045420 -1.887004
v 0.023171 -0.063764 -1.898126
v 0.089903 -0.083124 -2.106081
v 0.089903 -0.063455 -2.106081
v 0.023171 -0.068547 -1.898126
v 0.089903 -0.046422 -2.089951
v 0.023171 -0.084855 -1.898126
v 0.023171 -0.080072 -1.898126
v 0.089903 -0.100158 -2.089951
v 0.052393 -0.103199 -2.043655
v -0.041515 -0.103199 -1.220826
v -0.064288 -0.106196 -2.077043
v 0.041515 -0.103199 -2.037059
v -0.089903 0.002896 -0.769787
v 0.052393 -0.045420 -2.043655
v 0.041515 -0.045420 -2.037059
v -0.052393 -0.045420 -1.227421
v 0.023171 -0.063764 -2.025938
v -0.041515 -0.045420 -1.220826
v -0.028646 0.072660 -0.932938
v 0.023171 -0.068547 -2.025938
v -0.023171 -0.063764 -1.209704
v 0.023171 -0.084855 -2.025938
v -0.064288 -0.109992 -2.062011
v 0.023171 -0.080072 -2.025938
v -0.032192 0.072660 -2.315209
v 0.012164 -0.068547 -2.019264
v -0.023171 -0.068547 -1.209704
v 0.012164 -0.080072 -2.019264
v -0.047870 0.050767 -0.876274
v -0.023171 -0.084855 -1.209704
v -0.023171 -0.080072 -1.209704
v 0.023171 -0.063764 -1.962032
v -0.064288 -0.109992 -1.054657
v 0.041515 -0.103199 -1.962032
v 0.023171 -0.068547 -1.962032
v -0.012164 -0.068547 -1.203031
v 0.012164 -0.068547 -1.962032
v -0.028476 0.085105 -0.797985
v 0.023171 -0.080072 -1.962032
v -0.012164 -0.080072 -1.203031
v 0.012164 -0.080072 -1.962032
v -0.028646 0.072660 -0.826357
v 0.023171 -0.084855 -1.962032
v -0.064288 -0.106196 -1.039626
v -0.028646 0.072660 -0.793716
v 0.041515 -0.045420 -1.962032
v 0.012164 -0.068547 -1.904799
v -0.023171 -0.063764 -1.145798
v -0.064288 -0.100158 -1.026718
v 0.012164 -0.080072 -1.904799
v -0.089903 -0.154819 -0.715692
v -0.041515 -0.103199 -1.145798
v -0.089903 -0.154819 -2.389251
v -0.023171 -0.068547 -1.145798
v -0.064288 -0.092288 -1.016814
v -0.012164 -0.068547 -1.145798
v -0.073364 -0.189453 -2.400728
v -0.023171 -0.080072 -1.145798
v -0.074529 -0.187012 -0.704650
v -0.012164 -0.080072 -1.145798
v -0.064288 -0.083124 -1.010588
v -0.023171 -0.084855 -1.145798
v -0.044154 -0.250622 -0.735588
v -0.041515 -0.045420 -1.145798
v -0.044154 -0.250622 -2.373719
v -0.012164 -0.068547 -1.088565
v -0.012164 -0.080072 -1.088565
v -0.064288 -0.073290 -1.008464
v -0.064288 -0.063455 -1.010588
v -0.052393 -0.103199 -1.472291
v -0.041515 -0.103199 -1.478887
v -0.064288 -0.054291 -1.016814
v 0.064288 -0.103199 -1.145798
v 0.064288 -0.103199 -1.064175
v 0.064288 -0.103199 -1.472291
v 0.064288 -0.103199 -1.227421
v 0.064288 -0.103199 -1.553915
v 0.064288 -0.045420 -1.064175
v 0.064288 -0.045420 -1.145798
v 0.064288 -0.103199 -1.635538
v 0.064288 -0.103199 -1.962032
v 0.064288 -0.103199 -1.880408
v 0.064288 -0.103199 -2.043655
v 0.064288 -0.045420 -1.553915
v 0.064288 -0.045420 -1.472291
v 0.064288 -0.045420 -1.227421
v 0.064288 -0.045420 -1.635538
v 0.064288 -0.045420 -1.880408
v 0.064288 -0.045420 -2.043655
v 0.064288 -0.045420 -1.962032
v 0.064288 -0.084622 -1.227421
v 0.064288 -0.084622 -1.472291
v -0.052393 -0.045420 -1.472291
v -0.041515 -0.045420 -1.478887
v -0.023171 -0.063764 -1.490009
v -0.064288 -0.046422 -1.026718
v -0.023171 -0.068547 -1.490009
v -0.023171 -0.084855 -1.490009
v -0.064288 -0.040383 -1.039626
v -0.023171 -0.080072 -1.490009
v -0.052393 -0.103199 -1.635538
v -0.041515 -0.103199 -1.628943
v -0.052393 -0.045420 -1.635538
v -0.064288 -0.036587 -1.054657
v -0.041515 -0.045420 -1.628943
v -0.023171 -0.063764 -1.617821
v -0.023171 -0.068547 -1.617821
v -0.023171 -0.084855 -1.617821
v -0.064288 -0.036587 -2.062011
v -0.023171 -0.080072 -1.617821
v -0.064288 -0.040383 -2.077043
v -0.012164 -0.068547 -1.611148
v -0.012164 -0.080072 -1.611148
v -0.064288 -0.046422 -2.089951
v -0.064288 -0.054291 -2.099855
v -0.064288 -0.063455 -2.106081
v -0.023171 -0.063764 -1.553915
v -0.089903 -0.083124 -1.010588
v -0.041515 -0.103199 -1.553915
v -0.089903 -0.073290 -1.008464
v -0.023171 -0.068547 -1.553915
v -0.089903 -0.092288 -1.016814
v -0.012164 -0.068547 -1.553915
v -0.089903 -0.054291 -1.016814
v -0.089903 -0.063455 -1.010588
v -0.023171 -0.080072 -1.553915
v -0.089903 -0.106196 -1.039626
v -0.012164 -0.080072 -1.553915
v -0.089903 -0.040383 -1.039626
v -0.023171 -0.084855 -1.553915
v -0.089903 -0.109992 -1.054657
v -0.041515 -0.045420 -1.553915
v -0.089903 -0.036587 -1.054657
v -0.012164 -0.068547 -1.496682
v -0.089903 -0.100158 -1.026718
v -0.012164 -0.080072 -1.496682
v -0.089903 -0.046422 -1.026718
v -0.089903 -0.109992 -2.062011
v -0.089903 -0.036587 -2.062011
v -0.089903 -0.106196 -2.077043
v -0.089903 -0.040383 -2.077043
v -0.052393 -0.103199 -1.880408
v -0.041515 -0.103199 -1.887004
v -0.089903 -0.092288 -2.099855
v -0.089903 -0.054291 -2.099855
v -0.052393 -0.045420 -1.880408
v -0.089903 -0.073290 -2.108205
v -0.041515 -0.045420 -1.887004
v -0.023171 -0.063764 -1.898126
v -0.089903 -0.083124 -2.106081
v -0.089903 -0.063455 -2.106081
v -0.023171 -0.068547 -1.898126
v -0.089903 -0.046422 -2.089951
v -0.023171 -0.084855 -1.898126
v -0.023171 -0.080072 -1.898126
v -0.089903 -0.100158 -2.089951
v -0.052393 -0.103199 -2.043655
v -0.041515 -0.103199 -2.037059
v -0.052393 -0.045420 -2.043655
v -0.041515 -0.045420 -2.037059
v -0.023171 -0.063764 -2.025938
v -0.023171 -0.068547 -2.025938
v -0.023171 -0.084855 -2.025938
v -0.023171 -0.080072 -2.025938
v -0.012164 -0.068547 -2.019264
v -0.012164 -0.080072 -2.019264
v -0.023171 -0.063764 -1.962032
v -0.041515 -0.103199 -1.962032
v -0.023171 -0.068547 -1.962032
v -0.012164 -0.068547 -1.962032
v -0.023171 -0.080072 -1.962032
v -0.012164 -0.080072 -1.962032
v -0.023171 -0.084855 -1.962032
v -0.041515 -0.045420 -1.962032
v -0.012164 -0.068547 -1.904799
v -0.012164 -0.080072 -1.904799
v -0.064288 -0.103199 -1.145798
v -0.064288 -0.103199 -1.064175
v -0.064288 -0.103199 -1.472291
v -0.064288 -0.103199 -1.227421
v -0.064288 -0.103199 -1.553915
v -0.064288 -0.045420 -1.064175
v -0.064288 -0.045420 -1.145798
v -0.064288 -0.103199 -1.635538
v -0.064288 -0.103199 -1.962032
v -0.064288 -0.103199 -1.880408
v -0.064288 -0.103199 -2.043655
v -0.064288 -0.045420 -1.553915
v -0.064288 -0.045420 -1.472291
v -0.064288 -0.045420 -1.227421
v -0.064288 -0.045420 -1.635538
v -0.064288 -0.045420 -1.880408
v -0.064288 -0.045420 -2.043655
v -0.064288 -0.045420 -1.962032
v -0.064288 -0.084622 -1.227421
v -0.064288 -0.084622 -1.472291
vt 0.210582 0.140856
vt 0.228263 0.005578
vt 0.228263 0.673481
vt 0.181631 0.140856
vt 0.181631 0.542883
vt 0.166058 0.652624
vt 0.471804 0.575418
vt 0.460372 0.552823
vt 0.471804 0.552823
vt 0.700127 0.371101
vt 0.677095 0.398856
vt 0.664247 0.398856
vt 0.049336 0.538377
vt 0.033580 0.652066
vt 0.033580 0.026608
vt 0.096515 0.005751
vt 0.110442 0.001171
vt 0.135038 0.011950
vt 0.681869 0.270074
vt 0.664247 0.294591
vt 0.664247 0.270074
vt 0.652815 0.262787
vt 0.628368 0.235062
vt 0.664247 0.267732
vt 0.149740 0.069664
vt 0.142278 0.092279
vt 0.142278 0.049743
vt 0.137380 0.038420
vt 0.142278 0.036716
vt 0.268837 0.013518
vt 0.584012 0.439221
vt 0.580087 0.440068
vt 0.576163 0.439221
vt 0.415115 0.654936
vt 0.432737 0.001171
vt 0.432737 0.654936
vt 0.483237 0.552823
vt 0.628368 0.371101
vt 0.628368 0.308367
vt 0.014748 0.609568
vt 0.006136 0.629489
vt 0.450358 0.654936
vt 0.681869 0.134057
vt 0.664247 0.159590
vt 0.664247 0.134057
vt 0.646626 0.270074
vt 0.634968 0.294591
vt 0.006136 0.642516
vt 0.001171 0.640813
vt 0.675680 0.262787
vt 0.675612 0.267732
vt 0.460372 0.595358
vt 0.452700 0.575418
vt 0.646626 0.134057
vt 0.634503 0.159590
vt 0.883914 0.011788
vt 0.894136 0.007836
vt 0.894136 0.011788
vt 0.471804 0.001171
vt 0.465656 0.936027
vt 0.475878 0.939941
vt 0.465656 0.939941
vt 0.465656 0.932400
vt 0.475878 0.936027
vt 0.896478 0.436121
vt 0.906700 0.440067
vt 0.896478 0.440067
vt 0.896478 0.430975
vt 0.906700 0.436121
vt 0.896478 0.424979
vt 0.906700 0.430975
vt 0.896478 0.016951
vt 0.906700 0.022953
vt 0.896478 0.022953
vt 0.896478 0.011795
vt 0.906700 0.016951
vt 0.896478 0.007836
vt 0.906700 0.011795
vt 0.880275 0.810983
vt 0.870052 0.807351
vt 0.880275 0.807351
vt 0.880275 0.814900
vt 0.870052 0.810983
vt 0.880275 0.818833
vt 0.870052 0.814900
vt 0.880275 0.822514
vt 0.870052 0.818833
vt 0.871350 0.436116
vt 0.881572 0.440068
vt 0.871350 0.440068
vt 0.871350 0.430964
vt 0.881572 0.436116
vt 0.871350 0.424965
vt 0.881572 0.430964
vt 0.906700 0.424979
vt 0.871350 0.016940
vt 0.881572 0.022938
vt 0.871350 0.022938
vt 0.871350 0.011788
vt 0.881572 0.016940
vt 0.871350 0.007836
vt 0.881572 0.011788
vt 0.465656 0.943876
vt 0.475878 0.947563
vt 0.465656 0.947563
vt 0.475878 0.943876
vt 0.598572 0.013607
vt 0.600954 0.008456
vt 0.622147 0.008456
vt 0.626026 0.421633
vt 0.622542 0.385259
vt 0.622542 0.352684
vt 0.598572 0.427632
vt 0.597075 0.421633
vt 0.599754 0.417835
vt 0.607081 0.254959
vt 0.622542 0.254959
vt 0.881572 0.424965
vt 0.078627 0.538377
vt 0.078627 0.136350
vt 0.883914 0.436116
vt 0.894136 0.430964
vt 0.894136 0.436116
vt 0.883914 0.430964
vt 0.894136 0.424965
vt 0.591208 0.088555
vt 0.591208 0.055980
vt 0.594733 0.019606
vt 0.950867 0.168805
vt 0.961089 0.164871
vt 0.961089 0.168805
vt 0.894136 0.888465
vt 0.883914 0.892147
vt 0.883914 0.888465
vt 0.883914 0.870696
vt 0.894136 0.865549
vt 0.894136 0.870696
vt 0.883914 0.457528
vt 0.894136 0.451526
vt 0.894136 0.457528
vt 0.883914 0.451526
vt 0.894136 0.446369
vt 0.950867 0.164871
vt 0.961089 0.160956
vt 0.484651 0.001171
vt 0.883914 0.874642
vt 0.894136 0.874642
vt 0.950867 0.160956
vt 0.961089 0.157329
vt 0.883914 0.446369
vt 0.894136 0.442410
vt 0.894136 0.876983
vt 0.883914 0.880616
vt 0.883914 0.876983
vt 0.883914 0.865549
vt 0.894136 0.859554
vt 0.894136 0.880616
vt 0.883914 0.884532
vt 0.883914 0.440068
vt 0.894136 0.440068
vt 0.950867 0.172492
vt 0.961089 0.172492
vt 0.883914 0.016940
vt 0.894136 0.016940
vt 0.883914 0.859554
vt 0.883914 0.022938
vt 0.894136 0.022938
vt 0.490909 0.575418
vt 0.483237 0.595358
vt 0.894136 0.884532
vt 0.990291 0.309085
vt 0.994837 0.286244
vt 0.994837 0.309085
vt 0.986140 0.878937
vt 0.990481 0.876305
vt 0.995229 0.876305
vt 0.986140 0.938823
vt 0.986140 0.908880
vt 0.995229 0.908880
vt 0.974943 0.474985
vt 0.967623 0.500474
vt 0.967623 0.474970
vt 0.635291 0.614837
vt 0.633405 0.640341
vt 0.633405 0.614837
vt 0.177192 0.899294
vt 0.181585 0.922135
vt 0.177192 0.922135
vt 0.794868 0.680873
vt 0.790475 0.658031
vt 0.794868 0.655368
vt 0.633405 0.589333
vt 0.940111 0.315861
vt 0.951774 0.325005
vt 0.951774 0.329604
vt 0.085655 0.970873
vt 0.097318 0.984771
vt 0.085655 0.975472
vt 0.790475 0.703714
vt 0.790475 0.680873
vt 0.974943 0.445042
vt 0.984032 0.442410
vt 0.984032 0.474985
vt 0.940111 0.338918
vt 0.935364 0.338918
vt 0.935364 0.331505
vt 0.097318 0.961713
vt 0.102065 0.984771
vt 0.177192 0.944976
vt 0.181585 0.947640
vt 0.990291 0.263403
vt 0.994837 0.263403
vt 0.977067 0.063283
vt 0.978954 0.037779
vt 0.978954 0.063283
vt 0.987307 0.037779
vt 0.987307 0.067722
vt 0.978954 0.012274
vt 0.987307 0.007836
vt 0.977067 0.012274
vt 0.974943 0.504928
vt 0.984032 0.507560
vt 0.967623 0.449465
vt 0.994840 0.086530
vt 0.990295 0.109371
vt 0.990295 0.086530
vt 0.172496 0.831771
vt 0.176837 0.829139
vt 0.181585 0.829139
vt 0.172496 0.891657
vt 0.172496 0.861714
vt 0.181585 0.861714
vt 0.736153 0.923019
vt 0.728832 0.948508
vt 0.728832 0.923004
vt 0.412751 0.599630
vt 0.410865 0.625134
vt 0.410865 0.599630
vt 0.222907 0.912256
vt 0.227299 0.935097
vt 0.222907 0.935097
vt 0.490644 0.682781
vt 0.486251 0.659940
vt 0.490644 0.657277
vt 0.410865 0.574125
vt 0.799477 0.956875
vt 0.811139 0.966019
vt 0.811139 0.970618
vt 0.728832 0.967121
vt 0.740494 0.981020
vt 0.728832 0.971721
vt 0.486251 0.705623
vt 0.486251 0.682781
vt 0.736153 0.893076
vt 0.745242 0.890444
vt 0.745242 0.923019
vt 0.794729 0.979933
vt 0.794729 0.956875
vt 0.740494 0.957962
vt 0.745242 0.957962
vt 0.745242 0.973606
vt 0.222907 0.957938
vt 0.227299 0.960601
vt 0.994840 0.132212
vt 0.990295 0.132212
vt 0.066332 0.983071
vt 0.068219 0.957567
vt 0.068219 0.983071
vt 0.076572 0.957567
vt 0.076572 0.987510
vt 0.068219 0.932062
vt 0.076572 0.927624
vt 0.066332 0.932062
vt 0.736153 0.952962
vt 0.745242 0.955594
vt 0.728832 0.897499
vt 0.181738 0.949981
vt 0.177192 0.972822
vt 0.177192 0.949981
vt 0.985611 0.343892
vt 0.989953 0.341260
vt 0.994700 0.341260
vt 0.985611 0.403778
vt 0.985611 0.373835
vt 0.994700 0.373835
vt 0.978498 0.564503
vt 0.985819 0.539015
vt 0.985819 0.564519
vt 0.562862 0.605640
vt 0.560975 0.631144
vt 0.560975 0.605640
vt 0.989649 0.010499
vt 0.994042 0.033340
vt 0.989649 0.033340
vt 0.490644 0.736132
vt 0.486251 0.713291
vt 0.490644 0.710628
vt 0.560975 0.580135
vt 0.782035 0.105518
vt 0.793698 0.114662
vt 0.793698 0.119261
vt 0.005563 0.970299
vt 0.017226 0.984197
vt 0.005563 0.974898
vt 0.486251 0.758973
vt 0.486251 0.736132
vt 0.978498 0.594446
vt 0.969409 0.597078
vt 0.969409 0.564503
vt 0.777288 0.128576
vt 0.777288 0.105518
vt 0.017226 0.961139
vt 0.021973 0.984197
vt 0.989649 0.056181
vt 0.994042 0.058844
vt 0.181738 0.995663
vt 0.177192 0.995663
vt 0.977709 0.318850
vt 0.979596 0.293346
vt 0.979596 0.318850
vt 0.987949 0.293346
vt 0.987949 0.323289
vt 0.979596 0.267842
vt 0.987949 0.263403
vt 0.977709 0.267842
vt 0.978498 0.534560
vt 0.969409 0.531928
vt 0.985819 0.590023
vt 0.590809 0.008456
vt 0.591208 0.023404
vt 0.569366 0.008456
vt 0.575565 0.186280
vt 0.591208 0.186280
vt 0.883914 0.424965
vt 0.409578 0.896639
vt 0.404979 0.873798
vt 0.409578 0.873798
vt 0.995706 0.664571
vt 0.990959 0.664571
vt 0.986618 0.661938
vt 0.995706 0.631995
vt 0.986618 0.631995
vt 0.986618 0.602052
vt 0.983270 0.399324
vt 0.975949 0.373835
vt 0.983270 0.373820
vt 0.410865 0.467425
vt 0.412773 0.492929
vt 0.410865 0.492929
vt 0.268407 0.903257
vt 0.264014 0.926099
vt 0.264014 0.900594
vt 0.794868 0.787573
vt 0.790475 0.810414
vt 0.790475 0.787573
vt 0.410865 0.518433
vt 0.861581 0.669145
vt 0.861581 0.664546
vt 0.873243 0.655402
vt 0.675860 0.973198
vt 0.668539 0.982471
vt 0.664198 0.982497
vt 0.790475 0.764732
vt 0.794868 0.762069
vt 0.966860 0.341260
vt 0.971607 0.341260
vt 0.975949 0.343892
vt 0.877991 0.671046
vt 0.873243 0.678460
vt 0.659450 0.982497
vt 0.664198 0.959439
vt 0.268407 0.948940
vt 0.268407 0.926099
vt 0.404979 0.919480
vt 0.409578 0.919480
vt 0.987945 0.183965
vt 0.986036 0.158460
vt 0.987945 0.158460
vt 0.995383 0.183965
vt 0.995383 0.154022
vt 0.987945 0.209469
vt 0.995383 0.213908
vt 0.986036 0.209469
vt 0.966860 0.373835
vt 0.975949 0.403778
vt 0.983270 0.348315
vt 0.876532 0.905929
vt 0.881131 0.928770
vt 0.876532 0.928770
vt 0.859885 0.277807
vt 0.864633 0.277807
vt 0.868974 0.280439
vt 0.859885 0.310383
vt 0.868974 0.310383
vt 0.868974 0.340325
vt 0.975368 0.321467
vt 0.968047 0.295978
vt 0.975368 0.295963
vt 0.410865 0.414074
vt 0.412773 0.439579
vt 0.410865 0.439579
vt 0.078557 0.821274
vt 0.082950 0.798432
vt 0.082950 0.823937
vt 0.794868 0.734223
vt 0.790475 0.757064
vt 0.790475 0.734223
vt 0.410865 0.465083
vt 0.804825 0.119261
vt 0.804825 0.114662
vt 0.816487 0.105518
vt 0.652716 0.973198
vt 0.645395 0.982471
vt 0.641054 0.982497
vt 0.790475 0.711382
vt 0.794868 0.708719
vt 0.958958 0.263403
vt 0.963705 0.263403
vt 0.968047 0.266035
vt 0.821234 0.128576
vt 0.821234 0.105518
vt 0.636306 0.975084
vt 0.636306 0.959439
vt 0.641054 0.959439
vt 0.078557 0.775591
vt 0.078557 0.798432
vt 0.881131 0.883088
vt 0.876532 0.883088
vt 0.990069 0.561871
vt 0.988161 0.536367
vt 0.990069 0.536367
vt 0.997507 0.561871
vt 0.997507 0.531928
vt 0.990069 0.587376
vt 0.997507 0.591814
vt 0.988161 0.587376
vt 0.958958 0.295978
vt 0.968047 0.325921
vt 0.975368 0.270458
vt 0.986140 0.966638
vt 0.990739 0.989480
vt 0.986140 0.989480
vt 0.995463 0.507560
vt 0.990715 0.507560
vt 0.986374 0.504928
vt 0.995463 0.474985
vt 0.986374 0.474985
vt 0.986374 0.445042
vt 0.971544 0.093616
vt 0.978864 0.119105
vt 0.971544 0.119120
vt 0.410865 0.520775
vt 0.412773 0.546279
vt 0.410865 0.546279
vt 0.788718 0.938961
vt 0.784325 0.961802
vt 0.784325 0.936298
vt 0.490644 0.789482
vt 0.486251 0.812323
vt 0.486251 0.789482
vt 0.410865 0.571783
vt 0.913435 0.428146
vt 0.913435 0.423547
vt 0.925097 0.414403
vt 0.369720 0.977567
vt 0.362399 0.986840
vt 0.358057 0.986866
vt 0.486251 0.766641
vt 0.490644 0.763978
vt 0.987953 0.151680
vt 0.983206 0.151680
vt 0.978864 0.149048
vt 0.929844 0.437461
vt 0.929844 0.414403
vt 0.353310 0.986866
vt 0.358057 0.963808
vt 0.788718 0.984644
vt 0.788718 0.961802
vt 0.990739 0.943797
vt 0.986140 0.943797
vt 0.991391 0.714217
vt 0.989483 0.688713
vt 0.991391 0.688713
vt 0.998829 0.714217
vt 0.998829 0.684274
vt 0.991391 0.739721
vt 0.998829 0.744160
vt 0.989483 0.739721
vt 0.987953 0.119105
vt 0.978864 0.089162
vt 0.971544 0.144624
vt 0.196107 0.122421
vt 0.192228 0.123268
vt 0.166058 0.027167
vt 0.199986 0.560470
vt 0.192228 0.560470
vt 0.196107 0.561318
vt 0.199986 0.123268
vt 0.203600 0.557986
vt 0.203600 0.125753
vt 0.206704 0.129706
vt 0.206704 0.554033
vt 0.209085 0.548881
vt 0.209085 0.134857
vt 0.210582 0.542883
vt 0.188614 0.557986
vt 0.188614 0.125753
vt 0.185510 0.129706
vt 0.185510 0.554033
vt 0.183128 0.548881
vt 0.183128 0.134857
vt 0.693526 0.294591
vt 0.700127 0.308367
vt 0.056401 0.553480
vt 0.060057 0.555964
vt 0.060057 0.118762
vt 0.056401 0.121247
vt 0.053260 0.125200
vt 0.053260 0.549527
vt 0.050851 0.544375
vt 0.050851 0.130351
vt 0.049336 0.136350
vt 0.135038 0.665715
vt 0.109460 0.678062
vt 0.096515 0.673655
vt 0.628368 0.172384
vt 0.652883 0.267732
vt 0.142062 0.643932
vt 0.241897 0.001171
vt 0.268837 0.667283
vt 0.242931 0.678062
vt 0.572506 0.436736
vt 0.587669 0.436736
vt 0.569366 0.432783
vt 0.566957 0.427632
vt 0.593218 0.427632
vt 0.568152 0.414307
vt 0.591208 0.414307
vt 0.590809 0.432783
vt 0.415115 0.001171
vt 0.651400 0.398856
vt 0.006136 0.586954
vt 0.006113 0.035301
vt 0.450358 0.001171
vt 0.693991 0.159590
vt 0.700127 0.235062
vt 0.700127 0.172384
vt 0.471804 0.606692
vt 0.460440 0.606692
vt 0.883914 0.007836
vt 0.458957 0.001171
vt 0.475878 0.932400
vt 0.906700 0.007836
vt 0.870052 0.822514
vt 0.881572 0.007836
vt 0.604057 0.004503
vt 0.607672 0.002018
vt 0.619044 0.004503
vt 0.611550 0.001171
vt 0.615429 0.002018
vt 0.624529 0.013607
vt 0.622542 0.026932
vt 0.599754 0.026932
vt 0.599754 0.385259
vt 0.597075 0.019606
vt 0.599754 0.222383
vt 0.599754 0.254959
vt 0.599754 0.059507
vt 0.599754 0.092083
vt 0.599754 0.352684
vt 0.607081 0.352684
vt 0.599754 0.189808
vt 0.622542 0.222383
vt 0.622542 0.189808
vt 0.626026 0.019606
vt 0.622542 0.092083
vt 0.622542 0.059507
vt 0.622542 0.417835
vt 0.624529 0.427632
vt 0.600954 0.432783
vt 0.622147 0.432783
vt 0.619044 0.436736
vt 0.615429 0.439221
vt 0.604057 0.436736
vt 0.611550 0.440068
vt 0.607672 0.439221
vt 0.063982 0.556812
vt 0.067906 0.555964
vt 0.063982 0.117914
vt 0.067906 0.118762
vt 0.071563 0.553480
vt 0.071563 0.121247
vt 0.074703 0.549527
vt 0.077113 0.544375
vt 0.074703 0.125200
vt 0.077113 0.130351
vt 0.565442 0.019606
vt 0.568152 0.023404
vt 0.568152 0.055980
vt 0.568152 0.088555
vt 0.575565 0.088555
vt 0.565442 0.421633
vt 0.568152 0.218856
vt 0.568152 0.186280
vt 0.568152 0.381732
vt 0.568152 0.349156
vt 0.568152 0.251431
vt 0.591208 0.251431
vt 0.591208 0.218856
vt 0.594733 0.421633
vt 0.591208 0.381732
vt 0.591208 0.349156
vt 0.894136 0.892147
vt 0.950867 0.157329
vt 0.883914 0.442410
vt 0.483169 0.606692
vt 0.990291 0.286244
vt 0.995229 0.941456
vt 0.990481 0.941456
vt 0.635291 0.640341
vt 0.181585 0.896631
vt 0.635291 0.589333
vt 0.944453 0.338887
vt 0.944453 0.315829
vt 0.951774 0.323096
vt 0.956166 0.324973
vt 0.956166 0.329572
vt 0.951774 0.331513
vt 0.085655 0.968964
vt 0.092976 0.961687
vt 0.092976 0.984745
vt 0.085655 0.977381
vt 0.081263 0.975446
vt 0.081263 0.970846
vt 0.794868 0.706377
vt 0.979285 0.442410
vt 0.935364 0.315861
vt 0.102065 0.961713
vt 0.977067 0.037779
vt 0.979285 0.507560
vt 0.994840 0.109371
vt 0.181585 0.894289
vt 0.176837 0.894289
vt 0.412751 0.625134
vt 0.227299 0.909592
vt 0.412751 0.574125
vt 0.803818 0.979901
vt 0.799477 0.979933
vt 0.803818 0.956843
vt 0.811139 0.964110
vt 0.815531 0.965987
vt 0.815531 0.970586
vt 0.811139 0.972527
vt 0.728832 0.965213
vt 0.736153 0.957936
vt 0.736153 0.980994
vt 0.728832 0.973629
vt 0.724439 0.971694
vt 0.724439 0.967095
vt 0.490644 0.708286
vt 0.740494 0.890444
vt 0.745242 0.981020
vt 0.066332 0.957567
vt 0.740494 0.955594
vt 0.181738 0.972822
vt 0.994700 0.406411
vt 0.989953 0.406411
vt 0.562862 0.631144
vt 0.994042 0.007836
vt 0.562862 0.580135
vt 0.786377 0.128544
vt 0.782035 0.128576
vt 0.786377 0.105486
vt 0.793698 0.112753
vt 0.798090 0.114630
vt 0.798090 0.119229
vt 0.793698 0.121170
vt 0.005563 0.968390
vt 0.012884 0.961113
vt 0.012884 0.984171
vt 0.005563 0.976807
vt 0.001171 0.974872
vt 0.001171 0.970273
vt 0.490644 0.761636
vt 0.974157 0.597078
vt 0.021973 0.961139
vt 0.977709 0.293346
vt 0.974157 0.531928
vt 0.593218 0.013607
vt 0.566957 0.013607
vt 0.572506 0.004503
vt 0.576163 0.002018
vt 0.587669 0.004503
vt 0.580087 0.001171
vt 0.584012 0.002018
vt 0.404979 0.896639
vt 0.990959 0.599420
vt 0.995706 0.599420
vt 0.412773 0.467425
vt 0.794868 0.813078
vt 0.412773 0.518433
vt 0.868902 0.678428
vt 0.861581 0.671054
vt 0.857188 0.669113
vt 0.857188 0.664514
vt 0.861581 0.662637
vt 0.868902 0.655370
vt 0.675860 0.968599
vt 0.680253 0.968572
vt 0.680253 0.973172
vt 0.675860 0.975107
vt 0.668539 0.959413
vt 0.675860 0.966690
vt 0.877991 0.655402
vt 0.877991 0.678460
vt 0.659450 0.959439
vt 0.264014 0.951603
vt 0.986036 0.183965
vt 0.971607 0.406410
vt 0.966860 0.406410
vt 0.881131 0.905929
vt 0.864633 0.342958
vt 0.859885 0.342958
vt 0.412773 0.414074
vt 0.794868 0.759727
vt 0.412773 0.465083
vt 0.816487 0.128576
vt 0.812145 0.128544
vt 0.804825 0.121170
vt 0.800432 0.119229
vt 0.800432 0.114630
vt 0.804825 0.112753
vt 0.812145 0.105486
vt 0.652716 0.968599
vt 0.657109 0.968572
vt 0.657109 0.973172
vt 0.652716 0.975107
vt 0.645395 0.959413
vt 0.652716 0.966690
vt 0.636306 0.982497
vt 0.082950 0.772928
vt 0.988161 0.561871
vt 0.963705 0.328553
vt 0.958958 0.328553
vt 0.990739 0.966638
vt 0.990715 0.442410
vt 0.995463 0.442410
vt 0.412773 0.520775
vt 0.490644 0.814987
vt 0.412773 0.571783
vt 0.925097 0.437461
vt 0.920755 0.437429
vt 0.913435 0.430055
vt 0.909042 0.428114
vt 0.909042 0.423515
vt 0.913435 0.421638
vt 0.920755 0.414372
vt 0.369720 0.972967
vt 0.374112 0.972941
vt 0.374112 0.977540
vt 0.369720 0.979475
vt 0.362399 0.963782
vt 0.369720 0.971059
vt 0.353310 0.963808
vt 0.784325 0.987307
vt 0.989483 0.714217
vt 0.983206 0.086530
vt 0.987953 0.086530
vn 1.0000 -0.0000 0.0000
vn 0.0000 0.9328 0.3604
vn 0.0000 0.9799 0.1994
vn 0.0000 0.9831 0.1833
vn -0.0077 0.3098 -0.9508
vn 0.0000 0.2980 -0.9546
vn -0.0000 0.3049 -0.9524
vn -1.0000 0.0000 0.0000
vn -0.9024 -0.4309 0.0000
vn 0.0000 -0.4039 -0.9148
vn -0.0000 0.3244 0.9459
vn 0.7514 0.6598 0.0000
vn 0.7699 0.6382 0.0019
vn 0.7519 0.6593 0.0000
vn 0.9999 0.0137 0.0000
vn 0.9024 -0.4309 0.0000
vn 0.0000 -1.0000 0.0000
vn 0.0077 0.3098 -0.9508
vn 0.0000 0.3146 -0.9492
vn -0.0000 0.3134 -0.9496
vn -0.7514 0.6598 0.0000
vn 0.0000 -0.4374 0.8993
vn -0.9999 0.0137 0.0000
vn -0.0000 0.9158 -0.4017
vn 0.0000 -0.8502 0.5265
vn 0.0000 -0.6802 0.7330
vn 0.0000 1.0000 0.0000
vn 0.0000 0.3938 0.9192
vn 0.0000 0.0000 1.0000
vn 0.0000 0.6802 0.7330
vn 0.0000 0.8502 0.5265
vn 0.0000 0.9419 0.3358
vn 0.0000 0.9924 0.1234
vn 0.0000 0.9419 -0.3358
vn 0.0000 0.9924 -0.1234
vn 0.0000 0.8502 -0.5265
vn 0.0000 0.6802 -0.7330
vn 0.0000 0.3938 -0.9192
vn 0.0000 0.0000 -1.0000
vn 0.0000 -0.3938 -0.9192
vn 0.0000 -0.6802 -0.7330
vn 0.0000 -0.8502 -0.5265
vn 0.0000 -0.9419 -0.3358
vn 0.0000 -0.9924 -0.1234
vn 0.0000 -0.9419 0.3358
vn 0.0000 -0.9924 0.1234
vn 0.0000 -0.3938 0.9192
vn 0.7071 0.7071 0.0000
vn 0.5184 0.0000 0.8551
vn 0.5185 0.0000 0.8551
vn 0.5185 0.0000 -0.8551
vn 0.5184 -0.0000 -0.8551
vn 0.7071 -0.7071 0.0000
vn -0.7071 0.7071 0.0000
vn -0.5185 0.0000 0.8551
vn -0.5184 0.0000 0.8551
vn -0.5185 0.0000 -0.8551
vn -0.5184 -0.0000 -0.8551
vn -0.7071 -0.7071 0.0000
vn 0.7708 0.6370 0.0020
vn -0.7519 0.6593 0.0000
vn -0.7699 0.6382 0.0019
vn -0.7708 0.6370 0.0020
usemtl Metal.001
s 1
f 1187/2366/487 1113/2367/487 1115/2368/487
f 1189/2369/487 1195/2370/487 1089/2371/487
f 1151/2372/488 1096/2373/489 1145/2374/490
f 1140/2375/491 1229/2376/492 1147/2377/493
f 1337/2378/494 1217/2379/494 1140/2380/494
f 1257/2381/495 1261/2382/495 1269/2383/495
f 1269/2384/496 1161/2385/496 1157/2386/496
f 1249/2387/497 1217/2388/497 1153/2389/497
f 1101/2390/498 1089/2371/499 1096/2391/500
f 1108/2392/501 1106/2393/501 1110/2394/501
f 1115/2368/502 1113/2367/502 1125/2395/502
f 1320/2396/494 1070/2397/494 1071/2398/494
f 1267/2399/503 1157/2400/503 1166/2401/503
f 1223/2402/489 1151/2372/488 1145/2374/490
f 1089/2403/504 1115/2404/505 1161/2385/506
f 1233/2405/507 1217/2379/507 1246/2406/507
f 1157/2400/503 1125/2407/503 1166/2401/503
f 1125/2408/508 1160/2409/508 1166/2410/508
f 1127/2411/496 1161/2385/496 1119/2412/496
f 1246/2406/509 1249/2413/509 1242/2414/509
f 1110/2415/497 1106/2416/497 1153/2389/497
f 1108/2417/510 1101/2418/510 1151/2372/510
f 1267/2419/508 1160/2409/508 1263/2420/508
f 1357/2421/511 1319/2422/512 1318/2423/511
f 1096/2373/489 1147/2424/513 1145/2374/490
f 1073/2425/514 1203/2426/515 1069/2427/515
f 1080/2428/516 1206/2429/514 1073/2425/514
f 1086/2430/517 1200/2431/516 1080/2432/516
f 1092/2433/518 1212/2434/517 1086/2430/517
f 1098/2435/519 1196/2436/518 1092/2433/518
f 1109/2437/520 1187/2438/521 1104/2439/521
f 1112/2440/522 1183/2441/520 1109/2437/520
f 1117/2442/523 1191/2443/522 1112/2440/522
f 1123/2444/524 1178/2445/523 1117/2446/523
f 1131/2447/525 1174/2448/524 1123/2444/524
f 1134/2449/526 1176/2450/525 1131/2447/525
f 1138/2451/527 1181/2452/526 1134/2449/526
f 1144/2453/528 1180/2454/527 1138/2455/527
f 1149/2456/529 1193/2457/528 1144/2453/528
f 1156/2458/530 1185/2459/529 1149/2456/529
f 1098/2435/519 1187/2438/521 1194/2460/519
f 1167/2461/531 1195/2462/532 1164/2463/532
f 1170/2464/511 1197/2465/531 1167/2461/531
f 1171/2466/512 1209/2467/511 1170/2464/511
f 1172/2468/533 1201/2469/512 1171/2470/512
f 1069/2427/515 1207/2471/533 1172/2468/533
f 1092/2472/487 1086/2473/487 1170/2474/487
f 1156/2475/487 1283/2476/487 1290/2477/487
f 1109/2478/487 1104/2479/487 1278/2480/487
f 1290/2477/487 1296/2481/487 1289/2482/487
f 1156/2458/530 1195/2462/532 1189/2483/530
f 1335/2484/494 1342/2485/494 1257/2381/494
f 1341/2486/528 1303/2487/529 1300/2488/528
f 1333/2489/529 1308/2490/530 1303/2487/529
f 1394/2491/494 1387/2492/494 1308/2493/494
f 1355/2494/533 1070/2495/515 1320/2496/533
f 1329/2497/526 1276/2498/527 1273/2499/526
f 1360/2500/517 1215/2501/518 1133/2502/517
f 1335/2503/521 1248/2504/520 1237/2505/521
f 1331/2506/520 1253/2507/522 1248/2504/520
f 1351/2508/515 1071/2509/514 1070/2495/515
f 1223/2402/489 1147/2424/513 1229/2510/513
f 1348/2511/516 1133/2502/517 1084/2512/516
f 1354/2513/514 1084/2514/516 1071/2509/514
f 1339/2515/522 1259/2516/523 1253/2507/522
f 1326/2517/523 1265/2518/524 1259/2519/523
f 1344/2520/518 1227/2521/519 1215/2501/518
f 1322/2522/524 1272/2523/525 1265/2518/524
f 1328/2524/527 1300/2488/528 1276/2525/527
f 1349/2526/512 1320/2496/533 1319/2527/512
f 1345/2528/531 1318/2423/511 1315/2529/531
f 1335/2503/521 1227/2521/519 1342/2530/519
f 1343/2531/532 1315/2529/531 1313/2532/532
f 1151/2372/510 1233/2533/510 1246/2534/510
f 1324/2535/525 1273/2499/526 1272/2523/525
f 1129/2536/487 1118/2537/487 1128/2538/487
f 1095/2539/503 1094/2540/503 1290/2541/503
f 1079/2542/503 1126/2543/503 1283/2544/503
f 1114/2545/534 1102/2546/534 1124/2547/534
f 1124/2548/487 1103/2549/487 1120/2550/487
f 1129/2551/513 1120/2552/513 1122/2553/513
f 1116/2554/503 1105/2555/503 1100/2556/503
f 1088/2557/487 1124/2548/487 1120/2550/487
f 1094/2558/535 1100/2559/535 1103/2560/536
f 1083/2561/537 1074/2562/538 1088/2563/537
f 1116/2554/503 1128/2564/503 1118/2565/503
f 1075/2566/513 1278/2567/513 1277/2568/513
f 1090/2569/515 1280/2570/515 1295/2571/515
f 1077/2572/525 1278/2573/525 1074/2562/525
f 1107/2574/513 1120/2552/513 1103/2575/513
f 1118/2537/487 1107/2576/487 1105/2577/487
f 1083/2578/487 1111/2579/487 1081/2580/487
f 1081/2580/539 1126/2581/539 1079/2582/539
f 1126/2581/539 1097/2583/539 1095/2584/539
f 1111/2579/487 1100/2585/487 1097/2583/487
f 1091/2586/513 1277/2568/513 1280/2587/513
f 1085/2588/534 1114/2545/534 1124/2547/534
f 1192/2589/487 1179/2590/487 1190/2591/487
f 1158/2592/503 1155/2593/503 1291/2594/503
f 1141/2595/503 1188/2596/503 1288/2597/503
f 1175/2598/534 1163/2599/534 1186/2600/534
f 1186/2601/487 1165/2602/487 1182/2603/487
f 1192/2604/513 1182/2605/513 1184/2606/513
f 1177/2607/503 1168/2608/503 1162/2609/503
f 1150/2610/487 1186/2601/487 1182/2603/487
f 1155/2611/535 1162/2612/535 1165/2613/535
f 1146/2614/537 1135/2615/538 1150/2616/538
f 1177/2607/503 1190/2617/503 1179/2618/503
f 1137/2619/513 1279/2620/513 1281/2621/513
f 1155/2611/515 1284/2622/515 1291/2623/515
f 1139/2624/525 1289/2625/525 1296/2626/525
f 1169/2627/513 1182/2605/513 1165/2628/513
f 1179/2590/487 1169/2629/487 1168/2630/487
f 1146/2631/487 1173/2632/487 1143/2633/487
f 1143/2633/539 1188/2634/539 1141/2635/539
f 1188/2634/539 1159/2636/539 1158/2637/539
f 1173/2632/487 1162/2638/487 1159/2636/487
f 1154/2639/513 1281/2621/513 1284/2640/513
f 1148/2641/534 1175/2598/534 1186/2600/534
f 1254/2642/487 1241/2643/487 1251/2644/487
f 1219/2645/503 1218/2646/503 1293/2647/503
f 1204/2648/503 1250/2649/503 1294/2650/503
f 1238/2651/534 1226/2652/534 1247/2653/534
f 1247/2654/487 1228/2655/487 1243/2656/487
f 1254/2657/513 1243/2658/513 1245/2659/513
f 1239/2660/503 1230/2661/503 1224/2662/503
f 1211/2663/487 1247/2654/487 1243/2656/487
f 1218/2664/536 1224/2665/536 1228/2666/535
f 1208/2667/537 1198/2668/537 1211/2669/538
f 1239/2660/503 1251/2670/503 1241/2671/503
f 1199/2672/513 1286/2673/513 1285/2674/513
f 1218/2664/515 1287/2675/515 1293/2676/515
f 1202/2677/525 1286/2678/525 1198/2668/525
f 1232/2679/513 1243/2658/513 1228/2680/513
f 1241/2643/487 1232/2681/487 1230/2682/487
f 1208/2683/487 1236/2684/487 1205/2685/487
f 1205/2685/539 1250/2686/539 1204/2687/539
f 1250/2686/539 1221/2688/539 1219/2689/539
f 1236/2684/487 1224/2690/487 1221/2688/487
f 1216/2691/513 1285/2674/513 1287/2692/513
f 1210/2693/534 1238/2651/534 1247/2653/534
f 1300/2694/494 1386/2695/494 1253/2696/494
f 1400/2697/494 1394/2491/494 1393/2698/494
f 1343/2531/532 1308/2490/530 1337/2699/530
f 1260/2700/494 1271/2701/494 1270/2702/494
f 1394/2703/503 1220/2704/503 1222/2705/503
f 1387/2706/503 1268/2707/503 1082/2708/503
f 1234/2709/540 1256/2710/540 1266/2711/540
f 1235/2712/494 1266/2713/494 1262/2714/494
f 1271/2715/513 1262/2716/513 1136/2717/513
f 1258/2718/503 1240/2719/503 1260/2720/503
f 1266/2713/494 1136/2721/494 1262/2714/494
f 1235/2722/541 1231/2723/541 1220/2724/542
f 1136/2725/543 1076/2726/544 1072/2727/544
f 1258/2718/503 1270/2728/503 1130/2729/503
f 1382/2730/513 1072/2731/513 1076/2732/513
f 1399/2733/515 1142/2734/515 1220/2724/515
f 1382/2735/525 1078/2736/525 1072/2727/525
f 1244/2737/513 1262/2716/513 1264/2738/513
f 1244/2739/494 1260/2700/494 1240/2740/494
f 1252/2741/494 1130/2742/494 1087/2743/494
f 1268/2744/545 1087/2743/545 1082/2745/545
f 1225/2746/545 1268/2744/545 1222/2747/545
f 1231/2748/494 1252/2741/494 1225/2746/494
f 1381/2749/513 1256/2710/513 1214/2750/513
f 1256/2710/540 1132/2751/540 1266/2711/540
f 1327/2752/494 1340/2753/494 1338/2754/494
f 1395/2755/503 1307/2756/503 1309/2757/503
f 1392/2758/503 1336/2759/503 1298/2760/503
f 1312/2761/540 1323/2762/540 1334/2763/540
f 1314/2764/494 1334/2765/494 1330/2766/494
f 1340/2767/513 1330/2768/513 1304/2769/513
f 1325/2770/503 1316/2771/503 1327/2772/503
f 1334/2765/494 1304/2773/494 1330/2766/494
f 1314/2774/541 1311/2775/542 1307/2776/542
f 1304/2777/543 1275/2778/543 1274/2779/544
f 1325/2770/503 1338/2780/503 1301/2781/503
f 1383/2782/513 1274/2783/513 1275/2784/513
f 1388/2785/515 1307/2776/515 1395/2786/515
f 1400/2787/525 1393/2788/525 1297/2789/525
f 1317/2790/513 1330/2768/513 1332/2791/513
f 1317/2792/494 1327/2752/494 1316/2793/494
f 1321/2794/494 1301/2795/494 1299/2796/494
f 1336/2797/545 1299/2796/545 1298/2798/545
f 1310/2799/545 1336/2797/545 1309/2800/545
f 1311/2801/494 1321/2794/494 1310/2799/494
f 1385/2802/513 1323/2762/513 1306/2803/513
f 1323/2762/540 1302/2804/540 1334/2763/540
f 1374/2805/494 1380/2806/494 1379/2807/494
f 1397/2808/503 1363/2809/503 1364/2810/503
f 1398/2811/503 1378/2812/503 1352/2813/503
f 1367/2814/540 1372/2815/540 1377/2816/540
f 1368/2817/494 1377/2818/494 1375/2819/494
f 1380/2820/513 1375/2821/513 1359/2822/513
f 1373/2823/503 1369/2824/503 1374/2825/503
f 1377/2818/494 1359/2826/494 1375/2819/494
f 1368/2827/542 1366/2828/542 1363/2829/541
f 1359/2830/544 1347/2831/543 1346/2832/543
f 1373/2823/503 1379/2833/503 1356/2834/503
f 1390/2835/513 1346/2836/513 1347/2837/513
f 1391/2838/515 1363/2829/515 1397/2839/515
f 1390/2840/525 1350/2841/525 1346/2832/525
f 1370/2842/513 1375/2821/513 1376/2843/513
f 1370/2844/494 1374/2805/494 1369/2845/494
f 1371/2846/494 1356/2847/494 1353/2848/494
f 1378/2849/545 1353/2848/545 1352/2850/545
f 1365/2851/545 1378/2849/545 1364/2852/545
f 1366/2853/494 1371/2846/494 1365/2851/494
f 1389/2854/513 1372/2815/513 1362/2855/513
f 1372/2815/540 1358/2856/540 1377/2816/540
f 1176/2857/487 1181/2858/487 1093/2859/487
f 1115/2368/487 1089/2371/487 1206/2860/487
f 1089/2371/487 1207/2861/487 1203/2862/487
f 1089/2371/487 1203/2862/487 1206/2860/487
f 1176/2857/487 1093/2859/487 1174/2863/487
f 1093/2859/487 1113/2367/487 1174/2863/487
f 1115/2368/487 1206/2860/487 1200/2864/487
f 1178/2865/487 1174/2863/487 1113/2367/487
f 1191/2866/487 1178/2865/487 1113/2367/487
f 1115/2368/487 1200/2864/487 1212/2867/487
f 1115/2368/487 1212/2867/487 1196/2868/487
f 1183/2869/487 1191/2866/487 1113/2367/487
f 1187/2366/487 1183/2869/487 1113/2367/487
f 1115/2368/487 1196/2868/487 1194/2870/487
f 1194/2870/487 1187/2366/487 1115/2368/487
f 1201/2871/487 1207/2861/487 1089/2371/487
f 1093/2859/487 1181/2858/487 1180/2872/487
f 1093/2859/487 1180/2872/487 1193/2873/487
f 1209/2874/487 1201/2871/487 1089/2371/487
f 1197/2875/487 1209/2874/487 1089/2371/487
f 1093/2859/487 1193/2873/487 1185/2876/487
f 1093/2859/487 1185/2876/487 1189/2369/487
f 1195/2370/487 1197/2875/487 1089/2371/487
f 1093/2859/487 1189/2369/487 1089/2371/487
f 1151/2372/488 1101/2418/488 1096/2373/489
f 1147/2377/493 1161/2385/506 1140/2375/491
f 1161/2385/506 1261/2877/505 1257/2878/505
f 1140/2375/491 1161/2385/506 1257/2878/505
f 1328/2879/494 1329/2880/494 1217/2379/494
f 1140/2380/494 1355/2881/494 1349/2882/494
f 1140/2380/494 1349/2882/494 1357/2883/494
f 1341/2884/494 1328/2879/494 1217/2379/494
f 1333/2885/494 1341/2884/494 1217/2379/494
f 1140/2380/494 1357/2883/494 1345/2886/494
f 1140/2380/494 1345/2886/494 1343/2887/494
f 1337/2378/494 1333/2885/494 1217/2379/494
f 1140/2380/494 1343/2887/494 1337/2378/494
f 1269/2383/495 1267/2888/495 1257/2381/495
f 1267/2888/495 1263/2889/495 1255/2890/495
f 1257/2381/495 1267/2888/495 1255/2890/495
f 1269/2384/496 1261/2877/496 1161/2385/496
f 1263/2420/497 1160/2409/497 1255/2891/497
f 1160/2409/497 1153/2389/497 1217/2388/497
f 1255/2891/497 1160/2409/497 1217/2388/497
f 1153/2389/497 1242/2892/497 1249/2387/497
f 1101/2390/498 1108/2392/498 1093/2859/498
f 1108/2392/498 1110/2394/498 1093/2859/498
f 1093/2859/498 1089/2371/499 1101/2390/498
f 1089/2371/499 1099/2893/546 1096/2391/500
f 1121/2894/502 1125/2395/502 1113/2367/502
f 1125/2395/502 1127/2895/502 1115/2368/502
f 1127/2895/502 1119/2896/502 1115/2368/502
f 1071/2398/494 1084/2897/494 1319/2898/494
f 1084/2897/494 1133/2899/494 1319/2898/494
f 1133/2899/494 1215/2900/494 1315/2901/494
f 1215/2900/494 1391/2902/494 1397/2903/494
f 1315/2901/494 1215/2900/494 1397/2903/494
f 1315/2901/494 1318/2904/494 1133/2899/494
f 1318/2904/494 1319/2898/494 1133/2899/494
f 1319/2898/494 1320/2396/494 1071/2398/494
f 1267/2399/503 1269/2905/503 1157/2400/503
f 1223/2402/489 1233/2533/488 1151/2372/488
f 1119/2412/505 1161/2385/506 1115/2404/505
f 1161/2385/506 1147/2377/493 1089/2403/504
f 1147/2377/493 1099/2906/492 1089/2403/504
f 1233/2405/507 1223/2907/547 1140/2380/548
f 1223/2907/547 1229/2908/549 1140/2380/548
f 1140/2380/548 1217/2379/507 1233/2405/507
f 1217/2379/507 1249/2413/507 1246/2406/507
f 1157/2400/503 1127/2909/503 1125/2407/503
f 1125/2408/508 1121/2910/508 1160/2409/508
f 1127/2411/496 1157/2386/496 1161/2385/496
f 1153/2389/497 1160/2409/497 1093/2911/497
f 1160/2409/497 1121/2910/497 1113/2912/497
f 1153/2389/497 1093/2911/497 1110/2415/497
f 1113/2912/497 1093/2911/497 1160/2409/497
f 1151/2372/510 1153/2913/510 1108/2417/510
f 1153/2913/510 1106/2914/510 1108/2417/510
f 1267/2419/508 1166/2410/508 1160/2409/508
f 1357/2421/511 1349/2915/512 1319/2422/512
f 1096/2373/489 1099/2916/513 1147/2424/513
f 1073/2425/514 1206/2429/514 1203/2426/515
f 1080/2428/516 1200/2917/516 1206/2429/514
f 1086/2430/517 1212/2434/517 1200/2431/516
f 1092/2433/518 1196/2436/518 1212/2434/517
f 1098/2435/519 1194/2460/519 1196/2436/518
f 1109/2437/520 1183/2441/520 1187/2438/521
f 1112/2440/522 1191/2443/522 1183/2441/520
f 1117/2442/523 1178/2918/523 1191/2443/522
f 1123/2444/524 1174/2448/524 1178/2445/523
f 1131/2447/525 1176/2450/525 1174/2448/524
f 1134/2449/526 1181/2452/526 1176/2450/525
f 1138/2451/527 1180/2919/527 1181/2452/526
f 1144/2453/528 1193/2457/528 1180/2454/527
f 1149/2456/529 1185/2459/529 1193/2457/528
f 1156/2458/530 1189/2483/530 1185/2459/529
f 1098/2435/519 1104/2439/521 1187/2438/521
f 1167/2461/531 1197/2465/531 1195/2462/532
f 1170/2464/511 1209/2467/511 1197/2465/531
f 1171/2466/512 1201/2920/512 1209/2467/511
f 1172/2468/533 1207/2471/533 1201/2469/512
f 1069/2427/515 1203/2426/515 1207/2471/533
f 1086/2473/487 1080/2921/487 1170/2474/487
f 1080/2921/487 1073/2922/487 1171/2923/487
f 1170/2474/487 1080/2921/487 1171/2923/487
f 1073/2922/487 1069/2924/487 1172/2925/487
f 1172/2925/487 1171/2923/487 1073/2922/487
f 1170/2474/487 1167/2926/487 1092/2472/487
f 1167/2926/487 1293/2927/487 1092/2472/487
f 1293/2927/487 1287/2928/487 1092/2472/487
f 1277/2929/487 1278/2480/487 1104/2479/487
f 1104/2479/487 1098/2930/487 1281/2931/487
f 1098/2930/487 1092/2472/487 1287/2928/487
f 1104/2479/487 1281/2931/487 1279/2932/487
f 1287/2928/487 1285/2933/487 1098/2930/487
f 1285/2933/487 1286/2934/487 1098/2930/487
f 1277/2929/487 1104/2479/487 1280/2935/487
f 1280/2935/487 1104/2479/487 1279/2932/487
f 1296/2481/487 1295/2936/487 1280/2935/487
f 1279/2932/487 1296/2481/487 1280/2935/487
f 1284/2937/487 1281/2931/487 1098/2930/487
f 1284/2937/487 1098/2930/487 1286/2934/487
f 1289/2482/487 1288/2938/487 1156/2475/487
f 1288/2938/487 1291/2939/487 1164/2940/487
f 1156/2475/487 1288/2938/487 1164/2940/487
f 1292/2941/487 1294/2942/487 1164/2940/487
f 1294/2942/487 1293/2927/487 1164/2940/487
f 1164/2940/487 1293/2927/487 1167/2926/487
f 1284/2937/487 1286/2934/487 1292/2941/487
f 1290/2477/487 1289/2482/487 1156/2475/487
f 1291/2939/487 1284/2937/487 1292/2941/487
f 1292/2941/487 1164/2940/487 1291/2939/487
f 1156/2475/487 1282/2943/487 1283/2476/487
f 1278/2480/487 1282/2943/487 1109/2478/487
f 1282/2943/487 1156/2475/487 1149/2944/487
f 1112/2945/487 1282/2943/487 1144/2946/487
f 1149/2944/487 1144/2946/487 1282/2943/487
f 1144/2946/487 1138/2947/487 1112/2945/487
f 1138/2947/487 1134/2948/487 1117/2949/487
f 1112/2945/487 1138/2947/487 1117/2949/487
f 1134/2948/487 1131/2950/487 1123/2951/487
f 1123/2951/487 1117/2949/487 1134/2948/487
f 1112/2945/487 1109/2478/487 1282/2943/487
f 1290/2477/487 1295/2936/487 1296/2481/487
f 1156/2458/530 1164/2463/532 1195/2462/532
f 1217/2379/494 1329/2880/494 1324/2952/494
f 1217/2379/494 1324/2952/494 1322/2953/494
f 1355/2881/494 1140/2380/494 1351/2954/494
f 1140/2380/494 1257/2381/494 1354/2955/494
f 1351/2954/494 1140/2380/494 1354/2955/494
f 1255/2890/494 1217/2379/494 1322/2953/494
f 1255/2890/494 1322/2953/494 1326/2956/494
f 1348/2957/494 1354/2955/494 1257/2381/494
f 1255/2890/494 1326/2956/494 1339/2958/494
f 1255/2890/494 1339/2958/494 1331/2959/494
f 1360/2960/494 1348/2957/494 1257/2381/494
f 1344/2961/494 1360/2960/494 1257/2381/494
f 1255/2890/494 1331/2959/494 1335/2484/494
f 1342/2485/494 1344/2961/494 1257/2381/494
f 1255/2890/494 1335/2484/494 1257/2381/494
f 1341/2486/528 1333/2489/529 1303/2487/529
f 1333/2489/529 1337/2699/530 1308/2490/530
f 1237/2962/494 1382/2963/494 1381/2964/494
f 1384/2965/494 1399/2966/494 1400/2697/494
f 1237/2962/494 1381/2964/494 1384/2965/494
f 1215/2900/494 1227/2967/494 1391/2902/494
f 1227/2967/494 1237/2962/494 1385/2968/494
f 1385/2968/494 1237/2962/494 1383/2969/494
f 1389/2970/494 1391/2902/494 1227/2967/494
f 1390/2971/494 1389/2970/494 1227/2967/494
f 1237/2962/494 1384/2965/494 1383/2969/494
f 1384/2965/494 1400/2697/494 1383/2969/494
f 1385/2968/494 1388/2972/494 1227/2967/494
f 1227/2967/494 1388/2972/494 1390/2971/494
f 1395/2973/494 1392/2974/494 1313/2975/494
f 1392/2974/494 1393/2698/494 1308/2493/494
f 1397/2903/494 1398/2976/494 1313/2975/494
f 1398/2976/494 1396/2977/494 1313/2975/494
f 1397/2903/494 1313/2975/494 1315/2901/494
f 1396/2977/494 1390/2971/494 1388/2972/494
f 1392/2974/494 1308/2493/494 1313/2975/494
f 1393/2698/494 1394/2491/494 1308/2493/494
f 1396/2977/494 1388/2972/494 1395/2973/494
f 1387/2492/494 1386/2695/494 1308/2493/494
f 1396/2977/494 1395/2973/494 1313/2975/494
f 1355/2494/533 1351/2508/515 1070/2495/515
f 1329/2497/526 1328/2978/527 1276/2498/527
f 1360/2500/517 1344/2520/518 1215/2501/518
f 1335/2503/521 1331/2506/520 1248/2504/520
f 1331/2506/520 1339/2515/522 1253/2507/522
f 1351/2508/515 1354/2513/514 1071/2509/514
f 1223/2402/489 1145/2374/490 1147/2424/513
f 1348/2511/516 1360/2500/517 1133/2502/517
f 1354/2513/514 1348/2979/516 1084/2514/516
f 1339/2515/522 1326/2980/523 1259/2516/523
f 1326/2517/523 1322/2522/524 1265/2518/524
f 1344/2520/518 1342/2530/519 1227/2521/519
f 1322/2522/524 1324/2535/525 1272/2523/525
f 1328/2524/527 1341/2486/528 1300/2488/528
f 1349/2526/512 1355/2494/533 1320/2496/533
f 1345/2528/531 1357/2421/511 1318/2423/511
f 1335/2503/521 1237/2505/521 1227/2521/519
f 1343/2531/532 1345/2528/531 1315/2529/531
f 1242/2981/510 1153/2913/510 1246/2534/510
f 1153/2913/510 1151/2372/510 1246/2534/510
f 1324/2535/525 1329/2497/526 1273/2499/526
f 1129/2536/487 1122/2982/487 1118/2537/487
f 1290/2541/503 1283/2544/503 1095/2539/503
f 1283/2544/503 1126/2543/503 1095/2539/503
f 1283/2544/503 1282/2983/503 1079/2542/503
f 1282/2983/503 1077/2984/503 1079/2542/503
f 1114/2545/534 1091/2586/534 1102/2546/534
f 1124/2548/487 1102/2985/487 1103/2549/487
f 1129/2551/513 1088/2986/513 1120/2552/513
f 1116/2554/503 1118/2565/503 1105/2555/503
f 1088/2557/487 1085/2987/487 1124/2548/487
f 1091/2988/535 1090/2569/535 1103/2560/536
f 1090/2569/535 1094/2558/535 1103/2560/536
f 1094/2558/535 1095/2989/535 1100/2559/535
f 1095/2989/535 1097/2990/535 1100/2559/535
f 1100/2559/535 1105/2991/536 1103/2560/536
f 1105/2991/536 1107/2992/536 1103/2560/536
f 1102/2993/536 1091/2988/535 1103/2560/536
f 1083/2561/537 1081/2994/537 1079/2995/538
f 1079/2995/538 1077/2572/538 1083/2561/537
f 1077/2572/538 1074/2562/538 1083/2561/537
f 1074/2562/538 1075/2996/538 1088/2563/537
f 1075/2996/538 1085/2997/537 1088/2563/537
f 1088/2563/537 1129/2998/537 1128/2999/537
f 1088/2563/537 1128/2999/537 1083/2561/537
f 1116/2554/503 1083/3000/503 1128/2564/503
f 1277/2568/513 1114/2545/513 1075/2566/513
f 1075/2566/513 1074/3001/513 1278/2567/513
f 1295/2571/515 1290/3002/515 1094/2558/515
f 1094/2558/515 1090/2569/515 1295/2571/515
f 1077/2572/525 1282/3003/525 1278/2573/525
f 1107/2574/513 1122/2553/513 1120/2552/513
f 1118/2537/487 1122/2982/487 1107/2576/487
f 1083/2578/487 1116/3004/487 1111/2579/487
f 1081/2580/539 1111/2579/539 1126/2581/539
f 1126/2581/539 1111/2579/539 1097/2583/539
f 1111/2579/487 1116/3004/487 1100/2585/487
f 1280/2587/513 1090/3005/513 1091/2586/513
f 1091/2586/513 1114/2545/513 1277/2568/513
f 1085/2588/534 1075/2566/534 1114/2545/534
f 1192/2589/487 1184/3006/487 1179/2590/487
f 1291/2594/503 1288/2597/503 1158/2592/503
f 1288/2597/503 1188/2596/503 1158/2592/503
f 1288/2597/503 1289/3007/503 1141/2595/503
f 1289/3007/503 1139/3008/503 1141/2595/503
f 1175/2598/534 1154/2639/534 1163/2599/534
f 1186/2601/487 1163/3009/487 1165/2602/487
f 1192/2604/513 1150/3010/513 1182/2605/513
f 1177/2607/503 1179/2618/503 1168/2608/503
f 1150/2610/487 1148/3011/487 1186/2601/487
f 1154/3012/536 1152/3013/536 1165/2613/535
f 1152/3013/536 1155/2611/535 1165/2613/535
f 1155/2611/535 1158/3014/535 1162/2612/535
f 1158/3014/535 1159/3015/535 1162/2612/535
f 1162/2612/535 1168/3016/536 1169/3017/536
f 1163/3018/535 1154/3012/536 1165/2613/535
f 1162/2612/535 1169/3017/536 1165/2613/535
f 1146/2614/537 1143/3019/537 1141/3020/537
f 1141/3020/537 1139/2624/538 1146/2614/537
f 1139/2624/538 1135/2615/538 1146/2614/537
f 1135/2615/538 1137/3021/537 1150/2616/538
f 1137/3021/537 1148/3022/537 1150/2616/538
f 1150/2616/538 1192/3023/537 1190/3024/537
f 1150/2616/538 1190/3024/537 1146/2614/537
f 1177/2607/503 1146/3025/503 1190/2617/503
f 1281/2621/513 1175/2598/513 1137/2619/513
f 1137/2619/513 1135/3026/513 1279/2620/513
f 1155/2611/515 1152/3013/515 1284/2622/515
f 1279/3027/525 1135/2615/525 1296/2626/525
f 1135/2615/525 1139/2624/525 1296/2626/525
f 1169/2627/513 1184/2606/513 1182/2605/513
f 1179/2590/487 1184/3006/487 1169/2629/487
f 1146/2631/487 1177/3028/487 1173/2632/487
f 1143/2633/539 1173/2632/539 1188/2634/539
f 1188/2634/539 1173/2632/539 1159/2636/539
f 1173/2632/487 1177/3028/487 1162/2638/487
f 1284/2640/513 1152/3029/513 1154/2639/513
f 1154/2639/513 1175/2598/513 1281/2621/513
f 1148/2641/534 1137/2619/534 1175/2598/534
f 1254/2642/487 1245/3030/487 1241/2643/487
f 1293/2647/503 1294/2650/503 1219/2645/503
f 1294/2650/503 1250/2649/503 1219/2645/503
f 1294/2650/503 1292/3031/503 1204/2648/503
f 1292/3031/503 1202/3032/503 1204/2648/503
f 1238/2651/534 1216/2691/534 1226/2652/534
f 1247/2654/487 1226/3033/487 1228/2655/487
f 1254/2657/513 1211/3034/513 1243/2658/513
f 1239/2660/503 1241/2671/503 1230/2661/503
f 1211/2663/487 1210/3035/487 1247/2654/487
f 1216/3036/536 1213/3037/536 1228/2666/535
f 1213/3037/536 1218/2664/536 1228/2666/535
f 1218/2664/536 1219/3038/536 1224/2665/536
f 1219/3038/536 1221/3039/535 1224/2665/536
f 1224/2665/536 1230/3040/536 1232/3041/535
f 1226/3042/535 1216/3036/536 1228/2666/535
f 1224/2665/536 1232/3041/535 1228/2666/535
f 1208/2667/537 1205/3043/538 1204/3044/537
f 1204/3044/537 1202/2677/538 1208/2667/537
f 1202/2677/538 1198/2668/537 1208/2667/537
f 1198/2668/537 1199/3045/537 1211/2669/538
f 1199/3045/537 1210/3046/538 1211/2669/538
f 1211/2669/538 1254/3047/538 1251/3048/537
f 1211/2669/538 1251/3048/537 1208/2667/537
f 1239/2660/503 1208/3049/503 1251/2670/503
f 1285/2674/513 1238/2651/513 1199/2672/513
f 1199/2672/513 1198/3050/513 1286/2673/513
f 1218/2664/515 1213/3037/515 1287/2675/515
f 1202/2677/525 1292/3051/525 1286/2678/525
f 1232/2679/513 1245/2659/513 1243/2658/513
f 1241/2643/487 1245/3030/487 1232/2681/487
f 1208/2683/487 1239/3052/487 1236/2684/487
f 1205/2685/539 1236/2684/539 1250/2686/539
f 1250/2686/539 1236/2684/539 1221/2688/539
f 1236/2684/487 1239/3052/487 1224/2690/487
f 1287/2692/513 1213/3053/513 1216/2691/513
f 1216/2691/513 1238/2651/513 1285/2674/513
f 1210/2693/534 1199/2672/534 1238/2651/534
f 1308/2493/494 1386/2695/494 1303/3054/494
f 1386/2695/494 1382/2963/494 1248/3055/494
f 1303/3054/494 1386/2695/494 1300/2694/494
f 1382/2963/494 1237/2962/494 1248/3055/494
f 1248/3055/494 1253/2696/494 1386/2695/494
f 1253/2696/494 1259/3056/494 1300/2694/494
f 1259/3056/494 1265/3057/494 1276/3058/494
f 1265/3057/494 1272/3059/494 1273/3060/494
f 1276/3058/494 1265/3057/494 1273/3060/494
f 1276/3058/494 1300/2694/494 1259/3056/494
f 1400/2697/494 1399/2966/494 1394/2491/494
f 1343/2531/532 1313/2532/532 1308/2490/530
f 1260/2700/494 1264/3061/494 1271/2701/494
f 1268/2707/503 1387/2706/503 1222/2705/503
f 1387/2706/503 1394/2703/503 1222/2705/503
f 1078/3062/503 1386/3063/503 1082/2708/503
f 1386/3063/503 1387/2706/503 1082/2708/503
f 1234/2709/540 1214/2750/540 1256/2710/540
f 1235/2712/494 1234/3064/494 1266/2713/494
f 1271/2715/513 1264/2738/513 1262/2716/513
f 1258/2718/503 1231/3065/503 1240/2719/503
f 1266/2713/494 1132/3066/494 1136/2721/494
f 1220/2724/542 1142/2734/542 1235/2722/541
f 1142/2734/542 1214/3067/542 1235/2722/541
f 1214/3067/542 1234/3068/541 1235/2722/541
f 1235/2722/541 1244/3069/541 1240/3070/541
f 1231/2723/541 1225/3071/542 1222/3072/542
f 1235/2722/541 1240/3070/541 1231/2723/541
f 1231/2723/541 1222/3072/542 1220/2724/542
f 1130/3073/544 1270/3074/543 1136/2725/543
f 1270/3074/543 1271/3075/543 1136/2725/543
f 1136/2725/543 1132/3076/543 1076/2726/544
f 1082/3077/544 1087/3078/543 1130/3073/544
f 1072/2727/544 1078/2736/544 1136/2725/543
f 1078/2736/544 1082/3077/544 1130/3073/544
f 1136/2725/543 1078/2736/544 1130/3073/544
f 1258/2718/503 1260/2720/503 1270/2728/503
f 1076/2732/513 1256/2710/513 1381/2749/513
f 1381/2749/513 1382/2730/513 1076/2732/513
f 1220/2724/515 1394/3079/515 1399/2733/515
f 1399/2733/515 1384/3080/515 1142/2734/515
f 1382/2735/525 1386/3081/525 1078/2736/525
f 1244/2737/513 1235/3082/513 1262/2716/513
f 1244/2739/494 1264/3061/494 1260/2700/494
f 1252/2741/494 1258/3083/494 1130/2742/494
f 1268/2744/545 1252/2741/545 1087/2743/545
f 1225/2746/545 1252/2741/545 1268/2744/545
f 1231/2748/494 1258/3083/494 1252/2741/494
f 1214/2750/513 1142/3084/513 1384/3085/513
f 1384/3085/513 1381/2749/513 1214/2750/513
f 1256/2710/540 1076/2732/540 1132/2751/540
f 1327/2752/494 1332/3086/494 1340/2753/494
f 1336/2759/503 1392/2758/503 1309/2757/503
f 1392/2758/503 1395/2755/503 1309/2757/503
f 1297/3087/503 1393/3088/503 1298/2760/503
f 1393/3088/503 1392/2758/503 1298/2760/503
f 1312/2761/540 1306/2803/540 1323/2762/540
f 1314/2764/494 1312/3089/494 1334/2765/494
f 1340/2767/513 1332/2791/513 1330/2768/513
f 1325/2770/503 1311/3090/503 1316/2771/503
f 1334/2765/494 1302/3091/494 1304/2773/494
f 1307/2776/542 1305/3092/541 1314/2774/541
f 1305/3092/541 1306/3093/541 1314/2774/541
f 1306/3093/541 1312/3094/542 1314/2774/541
f 1314/2774/541 1317/3095/541 1316/3096/541
f 1311/2775/542 1310/3097/542 1309/3098/542
f 1314/2774/541 1316/3096/541 1311/2775/542
f 1311/2775/542 1309/3098/542 1307/2776/542
f 1301/3099/543 1338/3100/543 1340/3101/543
f 1304/2777/543 1302/3102/544 1275/2778/543
f 1301/3099/543 1340/3101/543 1304/2777/543
f 1298/3103/543 1299/3104/543 1301/3099/543
f 1274/2779/544 1297/2789/543 1304/2777/543
f 1297/2789/543 1298/3103/543 1301/3099/543
f 1304/2777/543 1297/2789/543 1301/3099/543
f 1325/2770/503 1327/2772/503 1338/2780/503
f 1275/2784/513 1323/2762/513 1385/2802/513
f 1385/2802/513 1383/2782/513 1275/2784/513
f 1388/2785/515 1305/3092/515 1307/2776/515
f 1297/2789/525 1274/2779/525 1400/2787/525
f 1274/2779/525 1383/3105/525 1400/2787/525
f 1317/2790/513 1314/3106/513 1330/2768/513
f 1317/2792/494 1332/3086/494 1327/2752/494
f 1321/2794/494 1325/3107/494 1301/2795/494
f 1336/2797/545 1321/2794/545 1299/2796/545
f 1310/2799/545 1321/2794/545 1336/2797/545
f 1311/2801/494 1325/3107/494 1321/2794/494
f 1306/2803/513 1305/3108/513 1388/3109/513
f 1388/3109/513 1385/2802/513 1306/2803/513
f 1323/2762/540 1275/2784/540 1302/2804/540
f 1374/2805/494 1376/3110/494 1380/2806/494
f 1378/2812/503 1398/2811/503 1364/2810/503
f 1398/2811/503 1397/2808/503 1364/2810/503
f 1350/3111/503 1396/3112/503 1352/2813/503
f 1396/3112/503 1398/2811/503 1352/2813/503
f 1367/2814/540 1362/2855/540 1372/2815/540
f 1368/2817/494 1367/3113/494 1377/2818/494
f 1380/2820/513 1376/2843/513 1375/2821/513
f 1373/2823/503 1366/3114/503 1369/2824/503
f 1377/2818/494 1358/3115/494 1359/2826/494
f 1363/2829/541 1361/3116/542 1368/2827/542
f 1361/3116/542 1362/3117/541 1368/2827/542
f 1362/3117/541 1367/3118/542 1368/2827/542
f 1368/2827/542 1370/3119/541 1369/3120/542
f 1366/2828/542 1365/3121/542 1364/3122/541
f 1368/2827/542 1369/3120/542 1366/2828/542
f 1366/2828/542 1364/3122/541 1363/2829/541
f 1356/3123/543 1379/3124/544 1380/3125/543
f 1359/2830/544 1358/3126/544 1347/2831/543
f 1356/3123/543 1380/3125/543 1359/2830/544
f 1352/3127/543 1353/3128/543 1356/3123/543
f 1346/2832/543 1350/2841/543 1359/2830/544
f 1350/2841/543 1352/3127/543 1356/3123/543
f 1359/2830/544 1350/2841/543 1356/3123/543
f 1373/2823/503 1374/2825/503 1379/2833/503
f 1347/2837/513 1372/2815/513 1389/2854/513
f 1389/2854/513 1390/2835/513 1347/2837/513
f 1391/2838/515 1361/3116/515 1363/2829/515
f 1390/2840/525 1396/3129/525 1350/2841/525
f 1370/2842/513 1368/3130/513 1375/2821/513
f 1370/2844/494 1376/3110/494 1374/2805/494
f 1371/2846/494 1373/3131/494 1356/2847/494
f 1378/2849/545 1371/2846/545 1353/2848/545
f 1365/2851/545 1371/2846/545 1378/2849/545
f 1366/2853/494 1373/3131/494 1371/2846/494
f 1362/2855/513 1361/3132/513 1391/3133/513
f 1391/3133/513 1389/2854/513 1362/2855/513
f 1372/2815/540 1347/2837/540 1358/2856/540
o Cube.064_Cube.069
v -0.095246 0.117681 1.038556
v 0.095246 0.117681 1.038556
v -0.095246 0.146405 1.026689
v 0.095246 0.146405 1.026689
v -0.095246 0.086319 0.756777
v -0.095246 0.146405 0.985682
v -0.095246 0.146405 0.689704
v -0.095246 0.088296 0.964450
v -0.095246 0.146405 0.665522
v -0.095246 -0.014556 0.819376
v -0.043294 0.146405 0.610587
v -0.040100 -0.014556 0.760733
v 0.095246 0.086319 0.756777
v 0.095246 0.146405 0.985682
v 0.095246 0.146405 0.689704
v 0.095246 0.088296 0.964450
v -0.095246 -0.014330 1.061147
v 0.095246 0.146405 0.665522
v 0.095246 -0.014556 0.819376
v 0.043294 0.146405 0.610587
v 0.040100 -0.014556 0.760733
v 0.095246 -0.014330 1.061147
v 0.095246 0.112745 1.065209
v 0.070603 0.108622 1.087473
v 0.051315 0.042806 1.102898
v 0.053651 -0.014551 1.098943
v 0.000000 0.146405 0.610587
v 0.000000 0.117681 1.038556
v 0.000000 0.146405 1.026689
v 0.000000 0.086319 0.756777
v 0.000000 0.146405 0.985682
v 0.000000 0.088296 0.964450
v 0.000000 0.042806 1.102898
v 0.000000 0.108622 1.087473
v 0.000000 -0.014556 0.760733
v 0.000000 0.146405 0.689704
v 0.000000 -0.014551 1.098943
v -0.095246 0.112745 1.065209
v -0.070603 0.108622 1.087473
v -0.051315 0.042806 1.102898
v -0.053651 -0.014551 1.098943
vt 0.813413 0.812598
vt 0.793948 0.808036
vt 0.792728 0.801451
vt 0.432058 0.776717
vt 0.402224 0.795230
vt 0.401639 0.733811
vt 0.799959 0.771652
vt 0.800544 0.710233
vt 0.830378 0.728746
vt 0.122048 0.876898
vt 0.150217 0.903518
vt 0.122048 0.903518
vt 0.752583 0.923194
vt 0.768600 0.938370
vt 0.752583 0.944075
vt 0.122048 0.830259
vt 0.150217 0.876898
vt 0.739785 0.895025
vt 0.731632 0.923194
vt 0.731632 0.895025
vt 0.752583 0.902313
vt 0.739785 0.923194
vt 0.360561 0.688498
vt 0.378857 0.716667
vt 0.360561 0.716667
vt 0.768600 0.908017
vt 0.778620 0.923194
vt 0.768600 0.923194
vt 0.301359 0.695675
vt 0.317669 0.678331
vt 0.329528 0.678331
vt 0.357697 0.695675
vt 0.357697 0.767179
vt 0.329528 0.778357
vt 0.384453 0.822219
vt 0.432058 0.794060
vt 0.384453 0.838466
vt 0.394408 0.704012
vt 0.395628 0.697427
vt 0.415093 0.692865
vt 0.722348 0.895025
vt 0.782773 0.683244
vt 0.830378 0.711403
vt 0.778620 0.939061
vt 0.378857 0.660329
vt 0.360561 0.660329
vt 0.178386 0.830259
vt 0.178386 0.876898
vt 0.178386 0.903518
vt 0.722348 0.951363
vt 0.731632 0.951363
vt 0.739785 0.951363
vt 0.163021 0.921429
vt 0.150217 0.921429
vt 0.341388 0.678331
vt 0.329528 0.633926
vt 0.342332 0.633926
vt 0.137413 0.921429
vt 0.830311 0.800250
vt 0.830376 0.811428
vt 0.384453 0.727532
vt 0.384453 0.715404
vt 0.392949 0.711894
vt 0.431991 0.705213
vt 0.384453 0.815067
vt 0.791269 0.793569
vt 0.782773 0.790059
vt 0.782773 0.777931
vt 0.782773 0.690396
vt 0.150217 0.830259
vt 0.746758 0.895025
vt 0.378857 0.688498
vt 0.778620 0.907327
vt 0.313661 0.778357
vt 0.301359 0.767179
vt 0.345396 0.778357
vt 0.432056 0.694035
vt 0.722348 0.923194
vt 0.782773 0.666997
vt 0.746758 0.951363
vt 0.178386 0.908992
vt 0.122048 0.908992
vt 0.316724 0.633926
vn -0.6724 -0.0236 0.7398
vn 1.0000 0.0000 0.0000
vn -1.0000 0.0000 0.0000
vn 0.0000 0.7448 0.6672
vn 0.0000 0.2282 0.9736
vn 0.0000 0.0909 0.9959
vn 0.0000 1.0000 -0.0095
vn 0.0000 0.3818 0.9242
vn 0.0000 0.9833 0.1821
vn 0.0000 0.3432 -0.9393
vn 0.0000 -0.0688 0.9976
vn 0.0000 0.0806 0.9967
vn -0.0004 -1.0000 0.0001
vn 0.0000 -1.0000 0.0000
vn 0.0004 -1.0000 0.0001
vn 0.0023 -1.0000 -0.0001
vn 0.0000 -1.0000 -0.0009
vn 0.6080 -0.5481 -0.5744
vn 0.6092 -0.5479 -0.5734
vn 0.6077 -0.5481 -0.5747
vn 0.6724 -0.0236 0.7398
vn 0.0000 1.0000 0.0000
vn -0.6080 -0.5481 -0.5744
vn -0.6092 -0.5479 -0.5734
vn -0.6095 -0.5478 -0.5731
vn 0.0000 -0.6821 -0.7312
vn 0.0000 -1.0000 -0.0058
vn -0.0023 -1.0000 -0.0001
vn 0.6095 -0.5478 -0.5731
vn -0.6077 -0.5481 -0.5747
usemtl Paint.001
s 1
f 1440/3134/550 1439/3135/550 1438/3136/550
f 1419/3137/551 1413/3138/551 1416/3139/551
f 1408/3140/552 1405/3141/552 1410/3142/552
f 1405/3143/553 1436/3144/553 1407/3145/553
f 1434/3146/554 1425/3147/555 1424/3148/554
f 1408/3149/556 1430/3150/556 1405/3143/556
f 1401/3151/557 1429/3152/557 1403/3153/557
f 1439/3154/558 1428/3155/558 1401/3151/558
f 1431/3156/559 1408/3157/559 1406/3158/559
f 1440/3159/555 1437/3160/560 1433/3161/561
f 1410/3162/562 1412/3163/563 1435/3164/563
f 1434/3146/554 1440/3159/555 1433/3161/561
f 1419/3165/564 1422/3166/565 1437/3167/566
f 1418/3168/567 1421/3169/568 1420/3170/569
f 1423/3171/570 1424/3172/570 1425/3173/570
f 1429/3152/571 1406/3174/571 1403/3153/571
f 1409/3175/572 1412/3176/573 1410/3142/574
f 1425/3147/555 1437/3160/560 1426/3177/560
f 1416/3178/559 1431/3156/559 1414/3179/559
f 1430/3150/556 1416/3180/556 1413/3181/556
f 1436/3144/553 1413/3181/553 1415/3182/553
f 1414/3183/571 1429/3152/571 1404/3184/571
f 1429/3152/557 1402/3185/557 1404/3184/557
f 1428/3155/558 1434/3146/558 1424/3148/558
f 1420/3186/571 1427/3187/571 1436/3144/571
f 1421/3188/575 1427/3189/575 1420/3190/575
f 1436/3144/571 1427/3187/571 1411/3191/571
f 1412/3163/575 1427/3189/575 1435/3164/575
f 1438/3136/550 1417/3192/550 1440/3134/550
f 1417/3192/550 1441/3193/550 1440/3134/550
f 1414/3194/551 1404/3195/551 1402/3196/551
f 1402/3196/551 1423/3171/551 1422/3197/551
f 1419/3137/551 1418/3168/551 1413/3138/551
f 1418/3168/551 1415/3198/551 1413/3138/551
f 1402/3196/551 1422/3197/551 1416/3139/551
f 1422/3197/551 1419/3137/551 1416/3139/551
f 1416/3139/551 1414/3194/551 1402/3196/551
f 1401/3199/552 1403/3200/552 1406/3201/552
f 1401/3199/552 1406/3201/552 1408/3140/552
f 1417/3192/552 1438/3136/552 1401/3199/552
f 1407/3202/552 1409/3175/552 1405/3141/552
f 1409/3175/552 1410/3142/552 1405/3141/552
f 1410/3142/552 1417/3192/552 1408/3140/552
f 1417/3192/552 1401/3199/552 1408/3140/552
f 1405/3143/553 1430/3150/553 1436/3144/553
f 1434/3146/554 1433/3161/561 1425/3147/555
f 1408/3149/556 1432/3203/556 1430/3150/556
f 1401/3151/557 1428/3155/557 1429/3152/557
f 1401/3151/558 1438/3204/558 1439/3154/558
f 1439/3154/558 1434/3146/558 1428/3155/558
f 1431/3156/559 1432/3205/559 1408/3157/559
f 1440/3159/555 1441/3206/560 1437/3160/560
f 1435/3164/563 1437/3167/566 1410/3162/562
f 1437/3167/566 1441/3207/576 1417/3208/577
f 1410/3162/562 1437/3167/566 1417/3208/577
f 1434/3146/554 1439/3154/554 1440/3159/555
f 1426/3209/576 1437/3167/566 1422/3166/565
f 1437/3167/566 1435/3164/563 1419/3165/564
f 1435/3164/563 1421/3188/563 1419/3165/564
f 1418/3168/567 1419/3137/578 1421/3169/568
f 1426/3210/570 1422/3197/570 1425/3173/570
f 1422/3197/570 1423/3171/570 1425/3173/570
f 1429/3152/571 1431/3211/571 1406/3174/571
f 1409/3175/572 1411/3212/579 1412/3176/573
f 1425/3147/555 1433/3161/561 1437/3160/560
f 1416/3178/559 1432/3205/559 1431/3156/559
f 1430/3150/556 1432/3203/556 1416/3180/556
f 1436/3144/553 1430/3150/553 1413/3181/553
f 1414/3183/571 1431/3211/571 1429/3152/571
f 1429/3152/557 1428/3155/557 1402/3185/557
f 1424/3148/558 1423/3213/558 1402/3185/558
f 1402/3185/558 1428/3155/558 1424/3148/558
f 1415/3182/571 1418/3214/571 1436/3144/571
f 1418/3214/571 1420/3186/571 1436/3144/571
f 1421/3188/575 1435/3164/575 1427/3189/575
f 1411/3191/571 1409/3215/571 1436/3144/571
f 1409/3215/571 1407/3145/571 1436/3144/571
f 1412/3163/575 1411/3216/575 1427/3189/575
o Cube.063_Cube.068
v -0.050761 -0.080914 1.412506
v 0.050761 -0.080914 1.412506
v -0.050761 -0.093655 1.414184
v 0.050761 -0.093655 1.414184
v -0.050761 -0.105528 1.419102
v -0.066222 -0.411416 2.095508
v 0.050761 -0.105528 1.419102
v 0.066222 -0.411416 2.095508
v -0.050761 -0.115723 1.426925
v -0.050761 -0.123547 1.437120
v 0.050761 -0.115723 1.426925
v -0.050761 -0.128465 1.448993
v 0.050761 -0.123547 1.437120
v -0.066222 -0.210922 1.489978
v -0.066222 -0.310675 1.921792
v 0.050761 -0.128465 1.448993
v -0.050761 -0.130142 1.461734
v 0.066222 -0.210922 1.489978
v 0.066222 -0.310675 1.921792
v 0.050761 -0.130142 1.461734
v 0.066222 -0.310675 1.758364
v 0.066222 -0.233383 1.504882
v 0.050761 -0.128465 1.474476
v 0.066222 -0.233383 1.692066
v -0.066222 -0.310675 1.758364
v 0.050761 -0.123547 1.486348
v -0.066222 -0.233383 1.504882
v 0.066222 -0.596793 2.153040
v 0.050761 -0.115724 1.496544
v 0.066222 -0.402801 2.430573
v 0.066222 -0.532526 2.383447
v 0.050761 -0.105528 1.504367
v 0.066222 -0.217850 1.823720
v 0.050761 -0.093655 1.509285
v 0.066222 -0.082369 1.687250
v 0.066222 -0.076066 2.237087
v 0.050761 -0.080914 1.510962
v 0.066222 0.004656 2.070950
v 0.066222 0.004656 1.762408
v -0.050761 -0.128465 1.474476
v 0.050761 -0.068173 1.509285
v -0.066222 -0.233383 1.692066
v 0.050761 -0.056300 1.504367
v -0.050761 -0.123547 1.486348
v -0.066222 -0.596793 2.153040
v 0.050761 -0.046105 1.496544
v -0.050761 -0.115724 1.496544
v -0.066222 -0.402801 2.430573
v 0.050761 -0.038281 1.486348
v -0.066222 -0.532526 2.383447
v -0.050761 -0.105528 1.504367
v 0.050761 -0.033363 1.474476
v 0.066222 -0.132805 2.410012
v 0.066222 -0.076066 2.348261
v -0.066222 -0.217850 1.823720
v 0.050761 -0.031686 1.461734
v -0.050761 -0.093655 1.509285
v 0.050761 -0.033363 1.448993
v -0.066222 -0.082369 1.687250
v 0.066222 -0.533040 2.292514
v 0.050761 -0.038281 1.437120
v -0.066222 -0.076066 2.237087
v -0.050761 -0.080914 1.510962
v 0.050761 -0.046104 1.426925
v -0.066222 0.004656 2.070950
v -0.066222 0.004656 1.762408
v 0.050761 -0.056300 1.419102
v -0.050761 -0.068173 1.509285
v 0.066222 -0.265330 1.958222
v 0.050761 -0.068173 1.414184
v 0.066222 -0.217850 1.945484
v 0.066222 -0.378502 2.157589
v 0.066222 -0.491167 2.247878
v 0.050761 -0.080914 1.435451
v 0.066222 -0.491674 2.197726
v 0.050761 -0.083536 1.436346
v 0.050761 -0.085980 1.438972
v -0.050761 -0.056300 1.504367
v 0.050761 -0.088078 1.443149
v -0.050761 -0.046105 1.496544
v 0.050761 -0.089689 1.448593
v -0.050761 -0.038281 1.486348
v 0.050761 -0.090701 1.454932
v -0.050761 -0.033363 1.474476
v 0.050761 -0.091046 1.461734
v -0.066222 -0.132805 2.410012
v 0.050761 -0.090701 1.468537
v -0.066222 -0.076066 2.348261
v 0.066222 -0.420331 2.500862
v 0.050761 -0.089689 1.474876
v 0.050761 -0.088078 1.480320
v -0.050761 -0.031686 1.461734
v 0.066222 -0.082008 2.472855
v 0.050761 -0.085980 1.484497
v 0.066222 -0.003556 2.268198
v 0.050761 -0.083536 1.487123
v 0.066222 -0.004693 2.388718
v 0.050761 -0.080914 1.488018
v 0.050761 -0.078292 1.487123
v 0.066222 -0.425378 2.501280
v 0.066222 -0.595926 2.431923
v 0.050761 -0.075848 1.484497
v 0.050761 -0.073750 1.480320
v 0.066222 -0.600474 2.293211
v 0.050761 -0.072139 1.474876
v -0.050761 -0.033363 1.448993
v 0.050761 -0.071127 1.468537
v 0.066222 -0.016907 1.564620
v 0.050761 -0.070782 1.461734
v -0.066222 -0.533040 2.292514
v 0.066222 0.004656 2.023790
v 0.050761 -0.071127 1.454932
v 0.066222 0.004656 1.794812
v 0.050761 -0.072139 1.448593
v -0.050761 -0.038281 1.437120
v 0.050761 -0.073750 1.443149
v 0.050761 -0.075848 1.438972
v -0.050761 -0.046104 1.426925
v 0.050761 -0.078292 1.436346
v 0.066222 0.046829 1.995005
v 0.030797 -0.080914 1.435451
v 0.066222 0.046512 1.824608
v -0.050761 -0.056300 1.419102
v 0.030797 -0.083536 1.436346
v -0.066222 -0.265330 1.958222
v 0.030797 -0.085980 1.438972
v 0.033509 -0.234428 1.426371
v 0.030797 -0.088078 1.443149
v 0.034955 -0.019079 1.314823
v 0.030797 -0.089689 1.448593
v 0.030797 -0.090701 1.454932
v 0.066222 -0.018716 1.356554
v 0.053473 -0.210922 1.440751
v 0.030797 -0.091046 1.461734
v 0.030797 -0.090701 1.468537
v 0.066222 -0.210922 1.457845
v 0.030797 -0.089689 1.474876
v 0.050970 0.126941 1.729033
v 0.028205 0.159523 2.012360
v 0.030797 -0.088078 1.480320
v 0.030797 -0.085980 1.484497
v 0.066222 0.099279 2.106870
v 0.030797 -0.083536 1.487123
v 0.046500 0.126941 1.978022
v 0.030797 -0.080914 1.488018
v 0.066222 0.099857 1.698077
v 0.000000 -0.210922 1.489978
v 0.030797 -0.078292 1.487123
v 0.030797 -0.075848 1.484497
v 0.000000 -0.233383 1.692066
v 0.030797 -0.073750 1.480320
v 0.000000 -0.679650 2.244608
v 0.030797 -0.072139 1.474876
v 0.000000 -0.402801 2.430573
v 0.000000 -0.076066 2.237087
v 0.030797 -0.071127 1.468537
v 0.030797 -0.070782 1.461734
v 0.000000 0.004656 1.762408
v 0.000000 -0.076066 2.348261
v 0.030797 -0.071127 1.454932
v 0.030797 -0.072139 1.448593
v 0.000000 -0.003556 2.268198
v 0.030797 -0.073750 1.443149
v 0.000000 -0.016907 1.564620
v 0.030797 -0.075848 1.438972
v 0.000000 -0.234428 1.426371
v 0.030797 -0.078292 1.436346
v 0.000000 0.159523 2.012360
v 0.000000 -0.491167 2.247878
v 0.000000 -0.310675 1.758364
v 0.000000 0.046512 1.824608
v 0.000000 -0.132805 2.410012
v 0.000000 -0.595926 2.431923
v 0.000000 -0.004693 2.388718
v 0.000000 -0.411416 2.095508
v 0.000000 -0.310675 1.921792
v 0.000000 -0.596793 2.153040
v 0.000000 -0.082369 1.687250
v 0.000000 0.004656 2.070950
v 0.000000 -0.533040 2.292514
v 0.000000 -0.265330 1.958222
v 0.000000 -0.378502 2.157589
v 0.000000 -0.082008 2.472855
v 0.000000 -0.217850 1.945484
v 0.000000 -0.217850 1.823720
v 0.000000 0.004656 1.794812
v 0.000000 -0.532526 2.383447
v 0.000000 -0.019079 1.314823
v 0.000000 -0.210922 1.440751
v 0.000000 0.126941 1.729033
v 0.000000 -0.491674 2.197726
v 0.000000 0.004656 2.023790
v 0.000000 -0.233383 1.504882
v 0.000000 0.126941 1.978022
v 0.000000 0.046829 1.995005
v 0.000000 -0.600474 2.293211
v 0.000000 -0.425378 2.501280
v -0.050761 -0.068173 1.414184
v -0.066222 -0.217850 1.945484
v -0.066222 -0.378502 2.157589
v 0.020468 -0.679650 2.244608
v 0.066222 -0.611136 2.168891
v 0.066222 -0.640494 2.268644
v -0.066222 -0.491167 2.247878
v -0.050761 -0.080914 1.435451
v -0.066222 -0.491674 2.197726
v 0.066222 -0.056300 1.419102
v 0.066222 -0.115724 1.496544
v 0.066222 -0.105528 1.504367
v 0.066222 -0.068173 1.414184
v 0.066222 -0.093655 1.509285
v 0.066222 -0.080914 1.412506
v 0.066222 -0.080914 1.510962
v 0.066222 -0.068173 1.509285
v 0.066222 -0.056300 1.504367
v 0.066222 -0.123547 1.486348
v 0.066222 -0.128465 1.474476
v 0.066222 -0.033363 1.474476
v 0.066222 -0.038281 1.486348
v 0.066222 -0.046105 1.496544
v 0.066222 -0.123547 1.437120
v 0.066222 -0.038281 1.437120
v 0.066222 -0.128465 1.448993
v 0.066222 -0.033363 1.448993
v 0.066222 -0.093655 1.414184
v 0.066222 -0.105528 1.419102
v 0.066222 -0.046104 1.426925
v 0.066222 -0.115723 1.426925
v 0.066222 -0.031686 1.461734
v 0.066222 -0.130142 1.461734
v -0.050761 -0.083536 1.436346
v -0.050761 -0.085980 1.438972
v -0.050761 -0.088078 1.443149
v -0.050761 -0.089689 1.448593
v -0.050761 -0.090701 1.454932
v -0.050761 -0.091046 1.461734
v -0.050761 -0.090701 1.468537
v -0.066222 -0.420331 2.500862
v -0.050761 -0.089689 1.474876
v -0.050761 -0.088078 1.480320
v -0.066222 -0.082008 2.472855
v -0.050761 -0.085980 1.484497
v -0.066222 -0.003556 2.268198
v -0.050761 -0.083536 1.487123
v -0.066222 -0.004693 2.388718
v -0.050761 -0.080914 1.488018
v -0.050761 -0.078292 1.487123
v -0.066222 -0.425378 2.501280
v -0.066222 -0.595926 2.431923
v -0.050761 -0.075848 1.484497
v -0.050761 -0.073750 1.480320
v -0.066222 -0.600474 2.293211
v -0.050761 -0.072139 1.474876
v -0.050761 -0.071127 1.468537
v -0.066222 -0.016907 1.564620
v -0.050761 -0.070782 1.461734
v -0.066222 0.004656 2.023790
v -0.050761 -0.071127 1.454932
v -0.066222 0.004656 1.794812
v -0.050761 -0.072139 1.448593
v -0.050761 -0.073750 1.443149
v -0.050761 -0.075848 1.438972
v -0.050761 -0.078292 1.436346
v -0.066222 0.046829 1.995005
v -0.030797 -0.080914 1.435451
v -0.066222 0.046512 1.824608
v -0.030797 -0.083536 1.436346
v -0.030797 -0.085980 1.438972
v -0.033509 -0.234428 1.426371
v -0.030797 -0.088078 1.443149
v -0.034955 -0.019079 1.314823
v -0.030797 -0.089689 1.448593
v -0.030797 -0.090701 1.454932
v -0.066222 -0.018716 1.356554
v -0.053473 -0.210922 1.440751
v -0.030797 -0.091046 1.461734
v -0.030797 -0.090701 1.468537
v -0.066222 -0.210922 1.457845
v -0.030797 -0.089689 1.474876
v -0.050970 0.126941 1.729033
v -0.028205 0.159523 2.012360
v -0.030797 -0.088078 1.480320
v -0.030797 -0.085980 1.484497
v -0.066222 0.099279 2.106870
v -0.030797 -0.083536 1.487123
v -0.046500 0.126941 1.978022
v -0.030797 -0.080914 1.488018
v -0.066222 0.099857 1.698077
v -0.030797 -0.078292 1.487123
v -0.030797 -0.075848 1.484497
v -0.030797 -0.073750 1.480320
v -0.030797 -0.072139 1.474876
v -0.030797 -0.071127 1.468537
v -0.030797 -0.070782 1.461734
v -0.030797 -0.071127 1.454932
v -0.030797 -0.072139 1.448593
v -0.030797 -0.073750 1.443149
v -0.030797 -0.075848 1.438972
v -0.030797 -0.078292 1.436346
v -0.020468 -0.679650 2.244608
v -0.066222 -0.611136 2.168891
v -0.066222 -0.640494 2.268644
v -0.066222 -0.056300 1.419102
v -0.066222 -0.115724 1.496544
v -0.066222 -0.105528 1.504367
v -0.066222 -0.068173 1.414184
v -0.066222 -0.093655 1.509285
v -0.066222 -0.080914 1.412506
v -0.066222 -0.080914 1.510962
v -0.066222 -0.068173 1.509285
v -0.066222 -0.056300 1.504367
v -0.066222 -0.123547 1.486348
v -0.066222 -0.128465 1.474476
v -0.066222 -0.033363 1.474476
v -0.066222 -0.038281 1.486348
v -0.066222 -0.046105 1.496544
v -0.066222 -0.123547 1.437120
v -0.066222 -0.038281 1.437120
v -0.066222 -0.128465 1.448993
v -0.066222 -0.033363 1.448993
v -0.066222 -0.093655 1.414184
v -0.066222 -0.105528 1.419102
v -0.066222 -0.046104 1.426925
v -0.066222 -0.115723 1.426925
v -0.066222 -0.031686 1.461734
v -0.066222 -0.130142 1.461734
vt 0.258050 0.758691
vt 0.258050 0.757193
vt 0.277635 0.757193
vt 0.816976 0.074998
vt 0.836561 0.074998
vt 0.836561 0.113555
vt 0.207272 0.630772
vt 0.197697 0.650358
vt 0.197697 0.630772
vt 0.942758 0.600170
vt 0.923173 0.567320
vt 0.942758 0.567320
vt 0.919187 0.858365
vt 0.938772 0.882061
vt 0.919187 0.882061
vt 0.297715 0.670332
vt 0.287474 0.678673
vt 0.287474 0.664921
vt 0.141018 0.351775
vt 0.153335 0.327868
vt 0.171019 0.337084
vt 0.402396 0.937780
vt 0.421981 0.978709
vt 0.402396 0.978709
vt 0.040332 0.957235
vt 0.020747 0.877907
vt 0.040332 0.877907
vt 0.371877 0.309565
vt 0.351619 0.326732
vt 0.351325 0.322943
vt 0.334776 0.362016
vt 0.306426 0.307398
vt 0.324105 0.332546
vt 0.332663 0.022435
vt 0.342883 0.001162
vt 0.362664 0.037127
vt 0.021381 0.156499
vt 0.066120 0.086363
vt 0.011510 0.194227
vt 0.299035 0.581933
vt 0.287108 0.601518
vt 0.287108 0.581933
vt 0.954368 0.424343
vt 0.934783 0.439166
vt 0.934783 0.424343
vt 0.161218 0.974099
vt 0.141633 0.923753
vt 0.161218 0.923753
vt 0.878228 0.728108
vt 0.897813 0.692467
vt 0.897813 0.728108
vt 0.974054 0.497091
vt 0.954469 0.443412
vt 0.974054 0.443412
vt 0.764103 0.953687
vt 0.773598 0.953687
vt 0.773598 0.973272
vt 0.336067 0.968555
vt 0.307970 0.968555
vt 0.307970 0.962502
vt 0.923173 0.650275
vt 0.942758 0.650275
vt 0.816976 0.001162
vt 0.827314 0.001162
vt 0.836561 0.013497
vt 0.878228 0.666997
vt 0.878228 0.692467
vt 0.661583 0.967882
vt 0.625584 0.948297
vt 0.661583 0.948297
vt 0.954368 0.410824
vt 0.973953 0.424343
vt 0.756728 0.992857
vt 0.722348 0.973272
vt 0.756728 0.973272
vt 0.432058 0.953594
vt 0.425504 0.943684
vt 0.432058 0.937780
vt 0.197697 0.611187
vt 0.979526 0.519000
vt 0.993843 0.499415
vt 0.993843 0.519000
vt 0.756728 0.953687
vt 0.954368 0.383943
vt 0.934783 0.410824
vt 0.934783 0.383943
vt 0.993843 0.538585
vt 0.132459 0.041665
vt 0.131195 0.045249
vt 0.114780 0.066813
vt 0.917398 0.728108
vt 0.923173 0.548361
vt 0.942758 0.548361
vt 0.297220 0.757193
vt 0.297220 0.758691
vt 0.380809 0.596458
vt 0.370898 0.658005
vt 0.370899 0.596458
vt 0.382811 0.978709
vt 0.195325 0.880912
vt 0.206481 0.880912
vt 0.206481 0.900497
vt 0.957251 0.053757
vt 0.937666 0.001162
vt 0.957251 0.001162
vt 0.957251 0.102047
vt 0.937666 0.053757
vt 0.897813 0.805002
vt 0.889472 0.805002
vt 0.878228 0.776596
vt 0.287474 0.623427
vt 0.299035 0.643012
vt 0.287474 0.643012
vt 0.575866 0.967101
vt 0.554252 0.947515
vt 0.575866 0.947515
vt 0.374104 0.314104
vt 0.257766 0.287848
vt 0.246404 0.283352
vt 0.213027 0.217712
vt 0.299035 0.621103
vt 0.287108 0.621103
vt 0.816976 0.122499
vt 0.803223 0.196112
vt 0.801901 0.122499
vt 0.625584 0.987467
vt 0.661583 0.987467
vt 0.425504 0.963504
vt 0.425504 0.953594
vt 0.258050 0.708740
vt 0.040332 0.838758
vt 0.949963 0.267536
vt 0.969548 0.207722
vt 0.969548 0.267536
vt 0.973953 0.410824
vt 0.973953 0.383943
vt 0.903588 0.664210
vt 0.903588 0.650275
vt 0.958357 0.858365
vt 0.938772 0.814922
vt 0.958357 0.814922
vt 0.934883 0.497091
vt 0.934883 0.443412
vt 0.918081 0.053757
vt 0.918081 0.001162
vt 0.917398 0.666997
vt 0.917398 0.692467
vt 0.297220 0.708740
vt 0.287474 0.662597
vt 0.122048 0.974099
vt 0.122048 0.923753
vt 0.930378 0.207722
vt 0.930378 0.267536
vt 0.918081 0.102047
vt 0.148663 0.001162
vt 0.190484 0.059414
vt 0.182459 0.060107
vt 0.973953 0.439166
vt 0.297715 0.687015
vt 0.287474 0.692426
vt 0.360988 0.596458
vt 0.360560 0.658005
vt 0.764103 0.992857
vt 0.759052 0.989087
vt 0.797391 0.013497
vt 0.806638 0.001162
vt 0.797391 0.113555
vt 0.797391 0.074998
vt 0.917398 0.776596
vt 0.906155 0.805002
vt 0.206481 0.920082
vt 0.195325 0.920082
vt 0.903588 0.567320
vt 0.903588 0.548361
vt 0.919187 0.814922
vt 0.958357 0.882061
vt 0.903588 0.600170
vt 0.001162 0.957235
vt 0.001162 0.877907
vt 0.001162 0.838758
vt 0.307970 0.974609
vt 0.942758 0.664210
vt 0.954368 0.326310
vt 0.934783 0.381619
vt 0.934783 0.326310
vt 0.554252 0.986686
vt 0.575866 0.986686
vt 0.113364 0.954319
vt 0.119724 0.973904
vt 0.113364 0.973904
vt 0.158415 0.054852
vt 0.159679 0.051268
vt 0.180231 0.064646
vt 0.830728 0.196112
vt 0.832050 0.122499
vt 0.119724 0.934734
vt 0.113364 0.934734
vt 0.331203 0.988140
vt 0.301359 0.988140
vt 0.973953 0.381619
vt 0.973953 0.326310
vt 0.427485 0.978564
vt 0.432058 0.982361
vt 0.427485 0.982361
vt 0.427485 0.974939
vt 0.432058 0.978564
vt 0.427485 0.971733
vt 0.432058 0.974939
vt 0.614539 0.979605
vt 0.619112 0.982680
vt 0.614539 0.982680
vt 0.614539 0.976057
vt 0.619112 0.979605
vt 0.614539 0.972277
vt 0.619112 0.976057
vt 0.614539 0.968523
vt 0.619112 0.972277
vt 0.614539 0.965051
vt 0.619112 0.968523
vt 0.614539 0.962097
vt 0.619112 0.965051
vt 0.992142 0.840969
vt 0.987570 0.837817
vt 0.992142 0.837817
vt 0.992142 0.844563
vt 0.987570 0.840969
vt 0.992142 0.848354
vt 0.987570 0.844563
vt 0.992142 0.852085
vt 0.987570 0.848354
vt 0.992142 0.855500
vt 0.987570 0.852085
vt 0.992142 0.858368
vt 0.987570 0.855500
vt 0.992142 0.818033
vt 0.987570 0.814922
vt 0.992142 0.814922
vt 0.992142 0.821603
vt 0.987570 0.818033
vt 0.992142 0.825389
vt 0.987570 0.821603
vt 0.992142 0.829132
vt 0.987570 0.825389
vt 0.992142 0.832579
vt 0.987570 0.829132
vt 0.992142 0.835493
vt 0.987570 0.832579
vt 0.427485 0.989442
vt 0.432058 0.992244
vt 0.427485 0.992244
vt 0.427485 0.986071
vt 0.432058 0.989442
vt 0.432058 0.986071
vt 0.923937 0.177408
vt 0.929719 0.183313
vt 0.928901 0.183989
vt 0.275555 0.926295
vt 0.281459 0.924287
vt 0.281459 0.926295
vt 0.926537 0.190468
vt 0.915075 0.192759
vt 0.915075 0.188959
vt 0.923936 0.204310
vt 0.928492 0.198566
vt 0.927606 0.205294
vt 0.941055 0.199722
vt 0.932114 0.193231
vt 0.942956 0.196431
vt 0.932325 0.185686
vt 0.938369 0.179309
vt 0.941056 0.181996
vt 0.926901 0.188487
vt 0.917959 0.181996
vt 0.927442 0.186667
vt 0.926689 0.196032
vt 0.920645 0.202410
vt 0.917958 0.199722
vt 0.935077 0.204310
vt 0.930890 0.196585
vt 0.938368 0.202410
vt 0.932639 0.189242
vt 0.942956 0.185287
vt 0.943939 0.188959
vt 0.928124 0.185133
vt 0.926375 0.192476
vt 0.916058 0.196431
vt 0.927608 0.176424
vt 0.930522 0.183152
vt 0.931407 0.205294
vt 0.932478 0.191250
vt 0.943939 0.192759
vt 0.931256 0.183516
vt 0.935078 0.177408
vt 0.916059 0.185287
vt 0.927758 0.198202
vt 0.931572 0.195051
vt 0.932587 0.187344
vt 0.920646 0.179309
vt 0.926427 0.194374
vt 0.929296 0.198405
vt 0.931408 0.176424
vt 0.913064 0.437862
vt 0.912303 0.438601
vt 0.910754 0.438522
vt 0.925533 0.437557
vt 0.931438 0.436350
vt 0.931438 0.437557
vt 0.931438 0.424106
vt 0.925533 0.425366
vt 0.925533 0.424106
vt 0.275555 0.924287
vt 0.281459 0.922420
vt 0.925533 0.438303
vt 0.931438 0.438303
vt 0.721507 0.401514
vt 0.720711 0.395610
vt 0.721507 0.395610
vt 0.931438 0.425366
vt 0.925533 0.426995
vt 0.275555 0.922420
vt 0.281459 0.920823
vt 0.720711 0.401514
vt 0.719962 0.395610
vt 0.281459 0.933064
vt 0.275555 0.933859
vt 0.275555 0.933064
vt 0.931438 0.426995
vt 0.925533 0.428881
vt 0.275555 0.920823
vt 0.281459 0.919605
vt 0.281459 0.931813
vt 0.275555 0.931813
vt 0.931438 0.428881
vt 0.925533 0.430895
vt 0.721660 0.640549
vt 0.720892 0.634645
vt 0.721660 0.634645
vt 0.281459 0.930191
vt 0.275555 0.930191
vt 0.925533 0.432901
vt 0.931438 0.430895
vt 0.931438 0.432901
vt 0.720892 0.640549
vt 0.720101 0.634645
vt 0.281459 0.928309
vt 0.275555 0.928309
vt 0.925533 0.434761
vt 0.931438 0.434761
vt 0.720101 0.640549
vt 0.719343 0.634645
vt 0.925533 0.436350
vt 0.931438 0.423299
vt 0.925533 0.423299
vt 0.301359 0.948970
vt 0.331203 0.948970
vt 0.987906 0.115000
vt 0.992478 0.111203
vt 0.992478 0.115000
vt 0.987906 0.111203
vt 0.992478 0.107577
vt 0.987906 0.107577
vt 0.992478 0.104371
vt 0.907675 0.988434
vt 0.912248 0.985360
vt 0.912248 0.988434
vt 0.907675 0.985360
vt 0.912248 0.981812
vt 0.907675 0.981812
vt 0.912248 0.978032
vt 0.907675 0.978032
vt 0.912248 0.974278
vt 0.907675 0.974278
vt 0.912248 0.970806
vt 0.907675 0.970806
vt 0.912248 0.967851
vt 0.992142 0.860692
vt 0.987570 0.863844
vt 0.987570 0.860692
vt 0.992142 0.863844
vt 0.987570 0.867438
vt 0.992142 0.867438
vt 0.987570 0.871229
vt 0.992142 0.871229
vt 0.987570 0.874960
vt 0.992142 0.874960
vt 0.987570 0.878375
vt 0.992142 0.878375
vt 0.987570 0.881243
vt 0.669941 0.969000
vt 0.665369 0.972111
vt 0.665369 0.969000
vt 0.669941 0.972111
vt 0.665369 0.975681
vt 0.669941 0.975681
vt 0.665369 0.979467
vt 0.669941 0.979467
vt 0.665369 0.983210
vt 0.669941 0.983210
vt 0.665369 0.986657
vt 0.669941 0.986657
vt 0.665369 0.989571
vt 0.987906 0.124882
vt 0.992478 0.122081
vt 0.992478 0.124882
vt 0.987906 0.122081
vt 0.992478 0.118710
vt 0.987906 0.118710
vt 0.933830 0.977474
vt 0.928049 0.983379
vt 0.933013 0.976799
vt 0.267327 0.924287
vt 0.273231 0.926295
vt 0.267327 0.926295
vt 0.919187 0.968028
vt 0.930649 0.970320
vt 0.919187 0.971829
vt 0.928048 0.956478
vt 0.932604 0.962222
vt 0.931870 0.962586
vt 0.945167 0.961066
vt 0.936226 0.967556
vt 0.935684 0.965736
vt 0.942481 0.981479
vt 0.936437 0.975102
vt 0.945168 0.978792
vt 0.931013 0.972301
vt 0.922071 0.978792
vt 0.920171 0.975500
vt 0.924757 0.958378
vt 0.930801 0.964756
vt 0.922070 0.961066
vt 0.939189 0.956478
vt 0.935002 0.964202
vt 0.934225 0.963059
vt 0.947068 0.975500
vt 0.936751 0.971545
vt 0.948051 0.971829
vt 0.932236 0.975655
vt 0.924758 0.981479
vt 0.920170 0.964357
vt 0.930487 0.968312
vt 0.934634 0.977635
vt 0.931720 0.984363
vt 0.935518 0.955494
vt 0.931718 0.955494
vt 0.947067 0.964357
vt 0.936589 0.969537
vt 0.935368 0.977272
vt 0.935983 0.976407
vt 0.931255 0.963450
vt 0.942480 0.958378
vt 0.936699 0.973443
vt 0.931554 0.974121
vt 0.930539 0.966414
vt 0.933408 0.962383
vt 0.948051 0.968028
vt 0.939190 0.983379
vt 0.917823 0.427049
vt 0.918380 0.425466
vt 0.923006 0.427312
vt 0.176212 0.976454
vt 0.170307 0.975246
vt 0.176212 0.975246
vt 0.170307 0.987438
vt 0.176212 0.988698
vt 0.170307 0.988698
vt 0.267327 0.922420
vt 0.273231 0.924287
vt 0.170307 0.974501
vt 0.176212 0.974501
vt 0.720711 0.409742
vt 0.721507 0.403838
vt 0.721507 0.409742
vt 0.170307 0.985809
vt 0.176212 0.987438
vt 0.267327 0.920823
vt 0.273231 0.922420
vt 0.719962 0.409742
vt 0.720711 0.403838
vt 0.273231 0.933859
vt 0.267327 0.933064
vt 0.273231 0.933064
vt 0.170307 0.983923
vt 0.176212 0.985809
vt 0.267327 0.919605
vt 0.273231 0.920823
vt 0.267327 0.931813
vt 0.273231 0.931813
vt 0.170307 0.981909
vt 0.176212 0.983923
vt 0.355988 0.631536
vt 0.356757 0.625631
vt 0.356757 0.631536
vt 0.267327 0.930191
vt 0.273231 0.930191
vt 0.176212 0.981909
vt 0.170307 0.979903
vt 0.176212 0.979903
vt 0.355198 0.631536
vt 0.355988 0.625631
vt 0.267327 0.928309
vt 0.273231 0.928309
vt 0.170307 0.978043
vt 0.176212 0.978043
vt 0.354440 0.631536
vt 0.355198 0.625631
vt 0.170307 0.976454
vt 0.176212 0.989505
vt 0.170307 0.989505
vt 0.277635 0.859091
vt 0.258050 0.859091
vt 0.207272 0.650358
vt 0.923173 0.600170
vt 0.938772 0.858365
vt 0.297715 0.678673
vt 0.155128 0.297334
vt 0.130670 0.271593
vt 0.147663 0.259633
vt 0.127542 0.203868
vt 0.116732 0.194150
vt 0.144377 0.200336
vt 0.133044 0.162045
vt 0.166270 0.157245
vt 0.188826 0.299632
vt 0.190484 0.305732
vt 0.148276 0.310490
vt 0.095711 0.367707
vt 0.100506 0.346826
vt 0.096986 0.368493
vt 0.184860 0.335967
vt 0.151237 0.373049
vt 0.421981 0.937780
vt 0.020747 0.957235
vt 0.327354 0.315121
vt 0.324883 0.318008
vt 0.208653 0.123673
vt 0.192808 0.091743
vt 0.217043 0.092851
vt 0.201918 0.059203
vt 0.287357 0.006504
vt 0.223728 0.068970
vt 0.292151 0.027385
vt 0.231936 0.122164
vt 0.232912 0.176782
vt 0.239230 0.189216
vt 0.231968 0.202455
vt 0.254879 0.247341
vt 0.269904 0.249591
vt 0.274245 0.258135
vt 0.203155 0.179984
vt 0.330488 0.312972
vt 0.307255 0.266296
vt 0.334071 0.311708
vt 0.337860 0.311414
vt 0.324690 0.212166
vt 0.346421 0.244799
vt 0.357916 0.216966
vt 0.341596 0.312112
vt 0.367572 0.301092
vt 0.371497 0.294154
vt 0.347911 0.316224
vt 0.349283 0.333896
vt 0.336305 0.340490
vt 0.340094 0.340197
vt 0.343677 0.338932
vt 0.345024 0.313752
vt 0.346812 0.336783
vt 0.350060 0.319359
vt 0.350922 0.330468
vt 0.332569 0.339793
vt 0.323243 0.321436
vt 0.322546 0.325173
vt 0.329141 0.338153
vt 0.326254 0.335681
vt 0.322840 0.328962
vt 0.346773 0.076876
vt 0.339921 0.063721
vt 0.382129 0.068479
vt 0.344980 0.046343
vt 0.288631 0.005718
vt 0.376506 0.038244
vt 0.380472 0.074579
vt 0.339309 0.114578
vt 0.336023 0.173875
vt 0.319188 0.170343
vt 0.308378 0.180061
vt 0.322315 0.102618
vt 0.054758 0.090859
vt 0.008102 0.161143
vt 0.299035 0.601518
vt 0.954368 0.439166
vt 0.141633 0.974099
vt 0.954469 0.497091
vt 0.759052 0.973272
vt 0.759052 0.957457
vt 0.336067 0.948970
vt 0.897813 0.666997
vt 0.625584 0.967882
vt 0.722348 0.992857
vt 0.207272 0.611187
vt 0.979526 0.499415
vt 0.722348 0.953687
vt 0.979526 0.538585
vt 0.143130 0.012195
vt 0.144659 0.033721
vt 0.140924 0.034418
vt 0.137495 0.036058
vt 0.131597 0.052774
vt 0.133237 0.056203
vt 0.130901 0.049038
vt 0.134608 0.038530
vt 0.297220 0.859091
vt 0.381237 0.658005
vt 0.382811 0.937780
vt 0.184410 0.900497
vt 0.184410 0.894443
vt 0.937666 0.102047
vt 0.299035 0.623427
vt 0.554252 0.967101
vt 0.382129 0.314797
vt 0.340308 0.373049
vt 0.199747 0.213068
vt 0.816976 0.196112
vt 0.432058 0.969409
vt 0.277635 0.708740
vt 0.020747 0.838758
vt 0.949963 0.207722
vt 0.923173 0.664210
vt 0.299035 0.662597
vt 0.773598 0.992857
vt 0.184410 0.906550
vt 0.336067 0.988140
vt 0.954368 0.381619
vt 0.119724 0.954319
vt 0.135708 0.059090
vt 0.138842 0.061238
vt 0.010273 0.315007
vt 0.001162 0.282467
vt 0.025397 0.281360
vt 0.017007 0.250538
vt 0.032083 0.305241
vt 0.041266 0.197429
vt 0.040290 0.252047
vt 0.040322 0.171756
vt 0.047584 0.184994
vt 0.082600 0.116076
vt 0.078259 0.124620
vt 0.063233 0.126870
vt 0.115610 0.107915
vt 0.142426 0.062503
vt 0.146215 0.062796
vt 0.149950 0.062099
vt 0.175927 0.073119
vt 0.154776 0.129412
vt 0.179851 0.080057
vt 0.157637 0.040314
vt 0.156266 0.057987
vt 0.159277 0.043743
vt 0.148448 0.034014
vt 0.152032 0.035279
vt 0.153379 0.060459
vt 0.155166 0.037427
vt 0.159973 0.047479
vt 0.432058 0.971733
vt 0.619112 0.962097
vt 0.987570 0.858368
vt 0.987570 0.835493
vt 0.931871 0.184380
vt 0.927143 0.197338
vt 0.930114 0.197729
vt 0.911515 0.438826
vt 0.910072 0.437710
vt 0.909515 0.436445
vt 0.909121 0.434813
vt 0.913746 0.436659
vt 0.908917 0.432925
vt 0.914303 0.435076
vt 0.908917 0.430911
vt 0.914697 0.433218
vt 0.909121 0.428907
vt 0.914901 0.431214
vt 0.909515 0.427049
vt 0.914901 0.429200
vt 0.910072 0.425466
vt 0.914697 0.427312
vt 0.910754 0.424263
vt 0.914303 0.425680
vt 0.911515 0.423524
vt 0.913064 0.423603
vt 0.912303 0.423299
vt 0.913746 0.424415
vt 0.719962 0.401514
vt 0.281459 0.933859
vt 0.275555 0.919605
vt 0.719343 0.640549
vt 0.987906 0.104371
vt 0.907675 0.967851
vt 0.992142 0.881243
vt 0.669941 0.989571
vt 0.935520 0.984363
vt 0.919062 0.424263
vt 0.919823 0.423524
vt 0.922054 0.424415
vt 0.920611 0.423299
vt 0.921372 0.423603
vt 0.922612 0.425680
vt 0.923209 0.429200
vt 0.923209 0.431214
vt 0.917429 0.428907
vt 0.923006 0.433218
vt 0.917225 0.432925
vt 0.922612 0.435076
vt 0.917429 0.434813
vt 0.922055 0.436659
vt 0.917823 0.436445
vt 0.921372 0.437862
vt 0.918380 0.437710
vt 0.920611 0.438601
vt 0.919062 0.438522
vt 0.919823 0.438826
vt 0.917225 0.430911
vt 0.719962 0.403838
vt 0.267327 0.933859
vt 0.273231 0.919605
vt 0.354440 0.625631
vn 0.0000 0.0825 0.9966
vn 0.0000 -0.1512 0.9885
vn 0.0000 0.7526 -0.6585
vn 0.0000 -1.0000 0.0000
vn 0.0000 -0.9745 -0.2242
vn 0.0000 -0.6536 0.7568
vn 0.0000 0.7254 -0.6883
vn -1.0000 -0.0000 0.0000
vn 0.0000 -0.9995 0.0328
vn 0.0000 -0.0759 -0.9971
vn 0.0000 0.1358 -0.9907
vn 1.0000 -0.0000 0.0000
vn -0.8285 0.5600 -0.0052
vn -0.8696 0.4935 0.0135
vn -0.8427 0.5382 -0.0134
vn 0.0000 -0.5637 -0.8259
vn 0.0000 0.9999 -0.0101
vn 0.0000 -1.0000 0.0019
vn 0.0000 1.0000 0.0094
vn 0.0000 -0.2964 -0.9551
vn 0.0000 -0.7415 -0.6710
vn 0.0000 1.0000 -0.0087
vn 0.0000 0.7363 0.6766
vn 0.0000 1.0000 0.0000
vn 0.0000 0.7293 0.6842
vn 0.0000 0.3343 0.9425
vn 0.0000 -0.5219 0.8530
vn 0.0000 0.2591 0.9658
vn 0.0000 1.0000 -0.0057
vn 0.0000 -0.7364 -0.6766
vn 0.0000 -0.4599 -0.8879
vn 0.0000 -0.5232 0.8522
vn 0.0000 -0.8651 -0.5017
vn 0.0000 0.8433 0.5375
vn 0.0000 -0.5799 0.8147
vn 0.0000 -0.6511 -0.7590
vn 0.7646 -0.3005 -0.5702
vn 0.8696 0.4935 0.0135
vn 0.8788 0.4769 0.0158
vn 0.8285 0.5600 -0.0052
vn 0.0000 -0.3767 0.9263
vn 0.0000 0.3414 -0.9399
vn 0.0000 0.8697 0.4937
vn 0.0000 0.7097 0.7045
vn -0.7646 -0.3005 -0.5702
vn 0.0000 -0.5529 -0.8332
vn 0.6960 -0.6888 -0.2027
vn 0.0000 0.2588 0.9659
vn 0.0000 0.0000 1.0000
vn 0.0000 0.5000 0.8660
vn 0.0000 0.7071 0.7071
vn 0.0000 0.8660 0.5000
vn 0.0000 0.9659 0.2588
vn 0.0000 0.9659 -0.2588
vn 0.0000 0.8660 -0.5000
vn 0.0000 0.7071 -0.7071
vn 0.0000 0.5000 -0.8660
vn 0.0000 0.2588 -0.9659
vn 0.0000 0.0000 -1.0000
vn 0.0000 -0.2588 -0.9659
vn 0.0000 -0.5000 -0.8660
vn 0.0000 -0.7071 -0.7071
vn 0.0000 -0.8660 -0.5000
vn 0.0000 -0.9659 -0.2588
vn 0.0000 -0.9659 0.2588
vn 0.0000 -0.8660 0.5000
vn 0.0000 -0.7071 0.7071
vn 0.0000 -0.5000 0.8660
vn 0.0000 -0.2588 0.9659
vn 0.0000 0.9945 -0.1043
vn 0.0000 -0.8211 0.5708
vn 0.0000 -0.9299 0.3677
vn 0.0000 -0.8211 -0.5708
vn 0.0000 -0.9299 -0.3677
vn 0.0000 0.9752 -0.2211
vn 0.0000 -0.5440 0.8391
vn 0.0000 0.5440 0.8391
vn 0.0000 0.3232 0.9463
vn 0.0000 -0.9752 -0.2211
vn 0.0000 0.9299 -0.3677
vn 0.0000 -0.3232 0.9463
vn 0.0000 0.8211 0.5708
vn 0.0000 -0.9945 -0.1043
vn 0.0000 0.8211 -0.5708
vn 0.0000 0.9299 0.3677
vn 0.0000 0.5440 -0.8391
vn 0.0000 0.9752 0.2211
vn 0.0000 -0.9945 0.1043
vn 0.0000 0.3232 -0.9463
vn 0.0000 0.9945 0.1043
vn 0.0000 -0.9752 0.2211
vn 0.0000 -0.3232 -0.9463
vn 0.0000 -0.5440 -0.8391
vn -0.6960 -0.6888 -0.2027
vn -0.8788 0.4769 0.0158
vn -0.8612 0.5077 -0.0228
vn 0.8612 0.5077 -0.0228
vn 0.8427 0.5382 -0.0134
usemtl Paint.001
s 1
f 1679/3217/580 1689/3218/581 1638/3219/581
f 1605/3220/582 1696/3221/582 1729/3222/582
f 1599/3223/583 1554/3224/583 1627/3225/583
f 1503/3226/584 1600/3227/583 1529/3228/583
f 1500/3229/585 1599/3230/585 1507/3231/585
f 1722/3232/586 1635/3233/586 1727/3234/586
f 1491/3235/587 1551/3236/587 1693/3237/587
f 1614/3238/588 1693/3239/588 1637/3240/588
f 1527/3241/589 1595/3242/590 1489/3243/590
f 1577/3244/591 1662/3245/591 1664/3246/591
f 1573/3247/591 1549/3248/591 1670/3249/591
f 1472/3250/591 1542/3251/591 1545/3252/591
f 1727/3253/592 1729/3254/593 1725/3255/594
f 1705/3256/595 1633/3257/595 1698/3258/595
f 1610/3259/596 1647/3260/596 1645/3261/596
f 1707/3262/597 1636/3263/597 1705/3264/597
f 1684/3265/598 1615/3266/598 1603/3267/598
f 1447/3268/599 1618/3269/599 1486/3270/599
f 1577/3271/583 1459/3272/583 1588/3273/583
f 1618/3274/600 1593/3275/600 1741/3276/600
f 1620/3277/584 1503/3226/584 1506/3278/584
f 1629/3279/601 1712/3280/601 1715/3281/601
f 1682/3282/602 1615/3266/602 1686/3283/602
f 1625/3284/603 1496/3285/603 1640/3286/603
f 1621/3287/604 1514/3288/604 1610/3259/604
f 1645/3261/604 1621/3287/604 1610/3259/604
f 1641/3289/605 1632/3290/605 1623/3291/605
f 1630/3292/606 1568/3293/606 1574/3294/606
f 1700/3295/583 1599/3223/583 1627/3225/583
f 1622/3296/607 1512/3297/607 1625/3298/607
f 1632/3290/605 1513/3299/605 1623/3291/605
f 1628/3300/608 1551/3301/608 1491/3302/608
f 1640/3303/607 1622/3296/607 1625/3298/607
f 1766/3304/587 1755/3305/587 1696/3306/587
f 1615/3266/598 1536/3307/598 1603/3267/598
f 1529/3228/609 1613/3308/609 1527/3309/609
f 1638/3219/581 1541/3310/581 1530/3311/580
f 1710/3312/610 1629/3313/610 1607/3314/610
f 1545/3315/588 1614/3238/588 1637/3240/588
f 1644/3316/611 1545/3317/611 1637/3318/611
f 1456/3319/612 1616/3320/612 1447/3321/612
f 1466/3322/583 1617/3323/583 1456/3319/583
f 1609/3324/613 1722/3325/613 1725/3326/613
f 1554/3327/614 1612/3328/614 1627/3329/614
f 1591/3330/615 1466/3331/615 1483/3332/615
f 1573/3247/616 1577/3244/616 1574/3333/616
f 1587/3334/617 1579/3335/618 1585/3336/619
f 1633/3257/595 1561/3337/595 1552/3338/595
f 1631/3339/603 1585/3340/603 1579/3341/603
f 1474/3342/603 1625/3284/603 1512/3343/603
f 1630/3292/606 1710/3344/606 1607/3345/606
f 1690/3346/620 1638/3219/581 1689/3218/581
f 1595/3242/590 1491/3347/621 1489/3243/590
f 1622/3348/622 1513/3349/622 1510/3350/622
f 1501/3351/608 1628/3300/608 1472/3352/608
f 1620/3277/584 1552/3353/583 1479/3354/584
f 1476/3355/623 1626/3356/623 1474/3357/623
f 1618/3269/599 1449/3358/599 1469/3359/599
f 1616/3320/612 1460/3360/612 1449/3361/612
f 1615/3266/602 1534/3362/602 1538/3363/602
f 1638/3219/581 1542/3364/620 1541/3310/581
f 1612/3328/614 1700/3365/614 1627/3329/614
f 1636/3263/597 1563/3366/597 1561/3367/597
f 1641/3368/622 1622/3348/622 1566/3369/622
f 1617/3323/583 1462/3370/583 1460/3360/583
f 1712/3371/624 1710/3372/624 1716/3373/624
f 1516/3374/596 1610/3259/596 1514/3288/596
f 1635/3233/586 1580/3375/586 1585/3376/586
f 1568/3377/610 1629/3313/610 1570/3378/610
f 1588/3273/583 1719/3379/583 1716/3380/583
f 1573/3381/601 1570/3382/601 1629/3279/601
f 1587/3383/582 1549/3384/582 1605/3220/582
f 1583/3385/613 1580/3386/613 1609/3324/613
f 1637/3318/611 1693/3387/611 1743/3388/611
f 1613/3308/609 1495/3389/609 1494/3390/609
f 1626/3356/623 1500/3229/623 1496/3391/623
f 1599/3230/585 1476/3355/585 1480/3392/585
f 1600/3227/583 1477/3393/584 1495/3389/583
f 1477/3393/584 1620/3277/584 1479/3354/584
f 1595/3242/590 1494/3394/589 1471/3395/590
f 1472/3396/621 1595/3242/590 1471/3395/590
f 1642/3397/600 1593/3275/600 1618/3274/600
f 1698/3398/583 1620/3277/584 1506/3278/584
f 1591/3399/583 1463/3400/583 1465/3401/583
f 1462/3402/615 1591/3330/615 1465/3403/615
f 1634/3404/625 1459/3405/625 1463/3406/625
f 1767/3407/587 1760/3408/587 1719/3409/587
f 1727/3410/603 1631/3339/603 1721/3411/603
f 1455/3412/625 1634/3404/625 1468/3413/625
f 1642/3397/626 1643/3414/626 1644/3415/626
f 1468/3416/583 1591/3399/583 1483/3417/583
f 1445/3418/627 1653/3419/628 1443/3420/628
f 1448/3421/629 1666/3422/627 1445/3418/627
f 1452/3423/630 1667/3424/629 1448/3421/629
f 1454/3425/631 1669/3426/630 1452/3427/630
f 1457/3428/632 1662/3429/631 1454/3425/631
f 1461/3430/603 1664/3431/632 1457/3428/632
f 1464/3432/633 1671/3433/603 1461/3430/603
f 1467/3434/634 1658/3435/633 1464/3432/633
f 1470/3436/635 1657/3437/634 1467/3434/634
f 1473/3438/636 1649/3439/635 1470/3440/635
f 1475/3441/637 1650/3442/636 1473/3438/636
f 1478/3443/638 1652/3444/637 1475/3441/637
f 1482/3445/639 1654/3446/638 1478/3443/638
f 1484/3447/640 1655/3448/639 1482/3445/639
f 1487/3449/641 1656/3450/640 1484/3447/640
f 1490/3451/642 1661/3452/641 1487/3453/641
f 1493/3454/643 1660/3455/642 1490/3451/642
f 1497/3456/583 1659/3457/643 1493/3454/643
f 1499/3458/644 1670/3459/583 1497/3456/583
f 1502/3460/645 1665/3461/644 1499/3458/644
f 1505/3462/646 1663/3463/645 1502/3460/645
f 1508/3464/647 1668/3465/646 1505/3466/646
f 1511/3467/648 1648/3468/647 1508/3464/647
f 1443/3420/628 1651/3469/648 1511/3467/648
f 1448/3470/591 1517/3471/591 1518/3472/591
f 1575/3473/603 1528/3474/649 1526/3475/603
f 1526/3476/591 1464/3477/591 1461/3478/591
f 1475/3479/591 1539/3480/591 1478/3481/591
f 1490/3482/591 1548/3483/591 1493/3484/591
f 1557/3485/591 1508/3486/591 1505/3487/591
f 1524/3488/591 1454/3489/591 1522/3490/591
f 1532/3491/591 1473/3492/591 1470/3493/591
f 1484/3494/591 1544/3495/591 1487/3496/591
f 1553/3497/591 1502/3498/591 1499/3499/591
f 1520/3500/591 1448/3470/591 1518/3472/591
f 1528/3501/591 1467/3502/591 1464/3477/591
f 1445/3503/591 1515/3504/591 1517/3471/591
f 1539/3480/591 1482/3505/591 1478/3481/591
f 1493/3484/591 1550/3506/591 1497/3507/591
f 1508/3486/591 1560/3508/591 1511/3509/591
f 1526/3476/591 1457/3510/591 1524/3488/591
f 1473/3492/591 1537/3511/591 1475/3479/591
f 1487/3496/591 1546/3512/591 1490/3482/591
f 1555/3513/591 1505/3487/591 1502/3498/591
f 1522/3490/591 1452/3514/591 1520/3500/591
f 1531/3515/591 1470/3493/591 1467/3502/591
f 1540/3516/591 1484/3494/591 1482/3505/591
f 1550/3506/591 1499/3499/591 1497/3507/591
f 1511/3509/591 1515/3504/591 1443/3517/591
f 1590/3518/591 1589/3519/591 1584/3520/591
f 1558/3521/650 1604/3522/651 1606/3523/650
f 1590/3524/652 1544/3525/653 1543/3526/652
f 1576/3527/649 1531/3528/654 1528/3474/649
f 1560/3529/655 1606/3523/650 1608/3530/655
f 1517/3531/656 1562/3532/657 1565/3533/656
f 1592/3534/653 1546/3535/658 1544/3525/653
f 1578/3536/654 1532/3537/659 1531/3528/654
f 1515/3538/660 1608/3539/655 1562/3532/660
f 1518/3540/661 1565/3541/656 1567/3542/661
f 1594/3543/658 1548/3544/662 1546/3535/658
f 1581/3545/659 1535/3546/663 1532/3537/659
f 1520/3547/664 1567/3542/661 1569/3548/664
f 1597/3549/662 1550/3550/583 1548/3544/662
f 1582/3551/663 1537/3552/665 1535/3553/663
f 1522/3554/666 1569/3548/664 1571/3555/666
f 1553/3556/667 1598/3557/583 1601/3558/667
f 1584/3559/665 1539/3560/668 1537/3552/665
f 1524/3561/669 1571/3555/666 1572/3562/669
f 1555/3563/670 1601/3558/667 1602/3564/670
f 1586/3565/671 1540/3566/672 1539/3560/671
f 1526/3475/603 1572/3562/669 1575/3473/603
f 1557/3567/651 1602/3564/670 1604/3522/651
f 1589/3568/672 1543/3526/652 1540/3569/672
f 1741/3276/673 1743/3570/673 1742/3571/673
f 1749/3572/628 1444/3573/627 1442/3574/628
f 1762/3575/627 1446/3576/629 1444/3573/627
f 1763/3577/629 1450/3578/630 1446/3576/629
f 1765/3579/630 1451/3580/631 1450/3581/630
f 1758/3582/631 1453/3583/632 1451/3580/631
f 1760/3584/632 1458/3585/603 1453/3583/632
f 1767/3586/603 1481/3587/633 1458/3585/603
f 1754/3588/633 1485/3589/634 1481/3587/633
f 1753/3590/634 1488/3591/635 1485/3589/634
f 1745/3592/635 1492/3593/636 1488/3594/635
f 1746/3595/636 1498/3596/637 1492/3593/636
f 1748/3597/637 1504/3598/638 1498/3596/637
f 1750/3599/638 1509/3600/639 1504/3598/638
f 1751/3601/639 1519/3602/640 1509/3600/639
f 1752/3603/640 1521/3604/641 1519/3602/640
f 1757/3605/641 1523/3606/642 1521/3607/641
f 1756/3608/642 1525/3609/643 1523/3606/642
f 1755/3610/643 1533/3611/583 1525/3609/643
f 1766/3612/583 1547/3613/644 1533/3611/583
f 1761/3614/644 1556/3615/645 1547/3613/644
f 1759/3616/645 1559/3617/646 1556/3615/645
f 1764/3618/646 1564/3619/647 1559/3620/646
f 1744/3621/647 1639/3622/648 1564/3619/647
f 1747/3623/648 1442/3574/628 1639/3622/648
f 1672/3624/587 1446/3625/587 1673/3626/587
f 1678/3627/649 1717/3628/603 1677/3629/603
f 1481/3630/587 1677/3631/587 1458/3632/587
f 1498/3633/587 1687/3634/587 1685/3635/587
f 1523/3636/587 1695/3637/587 1694/3638/587
f 1564/3639/587 1702/3640/587 1559/3641/587
f 1676/3642/587 1451/3643/587 1453/3644/587
f 1492/3645/587 1681/3646/587 1488/3647/587
f 1519/3648/587 1692/3649/587 1691/3650/587
f 1556/3651/587 1699/3652/587 1547/3653/587
f 1674/3654/587 1446/3625/587 1450/3655/587
f 1485/3656/587 1678/3657/587 1481/3630/587
f 1646/3658/587 1444/3659/587 1672/3624/587
f 1509/3660/587 1687/3634/587 1504/3661/587
f 1525/3662/587 1697/3663/587 1695/3637/587
f 1564/3639/587 1704/3664/587 1703/3665/587
f 1677/3631/587 1453/3644/587 1458/3632/587
f 1492/3645/587 1685/3635/587 1683/3666/587
f 1521/3667/587 1694/3638/587 1692/3649/587
f 1559/3641/587 1701/3668/587 1556/3651/587
f 1675/3669/587 1450/3655/587 1451/3643/587
f 1488/3647/587 1680/3670/587 1485/3656/587
f 1519/3648/587 1688/3671/587 1509/3660/587
f 1547/3653/587 1697/3663/587 1533/3672/587
f 1639/3673/587 1646/3658/587 1704/3664/587
f 1720/3674/587 1723/3675/587 1733/3676/587
f 1738/3677/651 1703/3678/650 1739/3679/650
f 1692/3680/653 1731/3681/652 1691/3682/652
f 1680/3683/654 1718/3684/649 1678/3627/649
f 1739/3679/650 1704/3685/655 1740/3686/655
f 1706/3687/657 1672/3688/656 1708/3689/656
f 1694/3690/658 1732/3691/653 1692/3680/653
f 1681/3692/659 1720/3693/654 1680/3683/654
f 1740/3694/655 1646/3695/660 1706/3687/660
f 1708/3696/656 1673/3697/661 1709/3698/661
f 1695/3699/662 1733/3700/658 1694/3690/658
f 1683/3701/663 1723/3702/659 1681/3692/659
f 1709/3698/661 1674/3703/664 1711/3704/664
f 1697/3705/583 1734/3706/662 1695/3699/662
f 1685/3707/665 1724/3708/663 1683/3709/663
f 1711/3704/664 1675/3710/666 1713/3711/666
f 1735/3712/583 1699/3713/667 1736/3714/667
f 1687/3715/668 1726/3716/665 1685/3707/665
f 1713/3711/666 1676/3717/669 1714/3718/669
f 1736/3714/667 1701/3719/670 1737/3720/670
f 1688/3721/672 1728/3722/671 1687/3715/671
f 1714/3718/669 1677/3629/603 1717/3628/603
f 1737/3720/670 1702/3723/651 1738/3677/651
f 1691/3682/652 1730/3724/672 1688/3725/672
f 1638/3219/581 1624/3726/580 1679/3217/580
f 1624/3726/580 1682/3727/580 1679/3217/580
f 1721/3411/582 1631/3339/582 1729/3222/582
f 1631/3339/582 1605/3220/582 1729/3222/582
f 1599/3223/583 1480/3728/583 1554/3224/583
f 1503/3226/584 1596/3729/584 1600/3227/583
f 1500/3229/585 1619/3730/585 1599/3230/585
f 1722/3232/586 1609/3731/586 1635/3233/586
f 1647/3732/587 1641/3733/587 1447/3734/587
f 1641/3733/587 1566/3735/587 1447/3734/587
f 1566/3735/587 1640/3736/587 1456/3737/587
f 1640/3736/587 1496/3738/587 1456/3737/587
f 1496/3738/587 1466/3739/587 1456/3737/587
f 1447/3734/587 1486/3740/587 1647/3732/587
f 1486/3740/587 1742/3741/587 1647/3732/587
f 1456/3737/587 1447/3734/587 1566/3735/587
f 1551/3236/587 1645/3742/587 1742/3741/587
f 1645/3742/587 1647/3732/587 1742/3741/587
f 1679/3743/587 1489/3744/587 1689/3745/587
f 1489/3744/587 1491/3235/587 1689/3745/587
f 1742/3741/587 1743/3746/587 1693/3237/587
f 1742/3741/587 1693/3237/587 1551/3236/587
f 1690/3747/587 1689/3745/587 1491/3235/587
f 1690/3747/587 1491/3235/587 1693/3237/587
f 1614/3238/588 1690/3748/588 1693/3239/588
f 1527/3241/589 1613/3749/589 1595/3242/590
f 1655/3750/591 1656/3751/591 1549/3248/591
f 1536/3752/591 1538/3753/591 1495/3754/591
f 1538/3753/591 1534/3755/591 1495/3754/591
f 1534/3755/591 1530/3756/591 1494/3757/591
f 1530/3756/591 1471/3758/591 1494/3757/591
f 1534/3755/591 1494/3757/591 1495/3754/591
f 1495/3754/591 1477/3759/591 1536/3752/591
f 1477/3759/591 1479/3760/591 1536/3752/591
f 1479/3760/591 1552/3761/591 1561/3762/591
f 1563/3763/591 1554/3764/591 1480/3765/591
f 1479/3760/591 1561/3762/591 1583/3766/591
f 1536/3752/591 1479/3760/591 1583/3766/591
f 1655/3750/591 1549/3248/591 1654/3767/591
f 1549/3248/591 1587/3334/591 1476/3768/591
f 1654/3767/591 1549/3248/591 1652/3769/591
f 1587/3334/591 1583/3766/591 1563/3763/591
f 1583/3766/591 1561/3762/591 1563/3763/591
f 1549/3248/591 1476/3768/591 1652/3769/591
f 1650/3770/591 1652/3769/591 1476/3768/591
f 1587/3334/591 1563/3763/591 1480/3765/591
f 1476/3768/591 1474/3771/591 1465/3772/591
f 1474/3771/591 1462/3773/591 1465/3772/591
f 1587/3334/591 1480/3765/591 1476/3768/591
f 1649/3774/591 1650/3770/591 1459/3775/591
f 1650/3770/591 1476/3768/591 1465/3772/591
f 1465/3772/591 1463/3776/591 1650/3770/591
f 1463/3776/591 1459/3775/591 1650/3770/591
f 1459/3775/591 1577/3244/591 1658/3777/591
f 1577/3244/591 1573/3247/591 1667/3778/591
f 1573/3247/591 1648/3779/591 1651/3780/591
f 1573/3247/591 1651/3780/591 1653/3781/591
f 1657/3782/591 1649/3774/591 1459/3775/591
f 1658/3777/591 1657/3782/591 1459/3775/591
f 1573/3247/591 1653/3781/591 1666/3783/591
f 1573/3247/591 1666/3783/591 1667/3778/591
f 1671/3784/591 1658/3777/591 1577/3244/591
f 1577/3244/591 1667/3778/591 1669/3785/591
f 1577/3244/591 1669/3785/591 1662/3245/591
f 1664/3246/591 1671/3784/591 1577/3244/591
f 1668/3786/591 1648/3779/591 1573/3247/591
f 1549/3248/591 1656/3751/591 1661/3787/591
f 1549/3248/591 1661/3787/591 1660/3788/591
f 1663/3789/591 1668/3786/591 1573/3247/591
f 1665/3790/591 1663/3789/591 1573/3247/591
f 1549/3248/591 1660/3788/591 1659/3791/591
f 1670/3249/591 1665/3790/591 1573/3247/591
f 1549/3248/591 1659/3791/591 1670/3249/591
f 1516/3792/591 1514/3793/591 1643/3794/591
f 1514/3793/591 1501/3795/591 1643/3794/591
f 1472/3250/591 1471/3758/591 1541/3796/591
f 1471/3758/591 1530/3756/591 1541/3796/591
f 1545/3252/591 1644/3797/591 1643/3794/591
f 1643/3794/591 1469/3798/591 1516/3792/591
f 1469/3798/591 1449/3799/591 1516/3792/591
f 1460/3800/591 1462/3773/591 1474/3771/591
f 1545/3252/591 1643/3794/591 1501/3795/591
f 1449/3799/591 1460/3800/591 1510/3801/591
f 1460/3800/591 1474/3771/591 1512/3802/591
f 1510/3801/591 1460/3800/591 1512/3802/591
f 1510/3801/591 1513/3803/591 1449/3799/591
f 1513/3803/591 1516/3792/591 1449/3799/591
f 1472/3250/591 1541/3796/591 1542/3251/591
f 1501/3795/591 1472/3250/591 1545/3252/591
f 1727/3253/592 1721/3804/674 1729/3254/593
f 1725/3255/594 1722/3805/675 1727/3253/592
f 1705/3256/595 1636/3806/595 1633/3257/595
f 1610/3259/596 1632/3807/596 1647/3260/596
f 1707/3262/597 1612/3808/597 1636/3263/597
f 1684/3265/598 1686/3283/598 1615/3266/598
f 1447/3268/599 1616/3809/599 1618/3269/599
f 1588/3273/583 1630/3810/583 1574/3811/583
f 1574/3811/583 1577/3271/583 1588/3273/583
f 1741/3276/600 1742/3571/600 1618/3274/600
f 1742/3571/600 1486/3812/600 1618/3274/600
f 1620/3277/584 1596/3729/584 1503/3226/584
f 1696/3221/601 1605/3220/601 1715/3281/601
f 1605/3220/601 1629/3279/601 1715/3281/601
f 1682/3282/602 1624/3813/602 1615/3266/602
f 1625/3284/603 1626/3814/603 1496/3285/603
f 1621/3287/604 1501/3351/604 1514/3288/604
f 1645/3261/604 1551/3301/604 1621/3287/604
f 1641/3289/605 1647/3815/605 1632/3290/605
f 1630/3292/606 1607/3345/606 1568/3293/606
f 1700/3295/583 1507/3816/583 1599/3223/583
f 1622/3296/607 1510/3817/607 1512/3297/607
f 1632/3290/605 1516/3818/605 1513/3299/605
f 1628/3300/608 1621/3287/608 1551/3301/608
f 1640/3303/607 1566/3819/607 1622/3296/607
f 1715/3820/587 1744/3821/587 1764/3822/587
f 1715/3820/587 1764/3822/587 1759/3823/587
f 1757/3824/587 1752/3825/587 1696/3306/587
f 1756/3826/587 1757/3824/587 1696/3306/587
f 1715/3820/587 1759/3823/587 1761/3827/587
f 1715/3820/587 1761/3827/587 1766/3304/587
f 1755/3305/587 1756/3826/587 1696/3306/587
f 1696/3306/587 1715/3820/587 1766/3304/587
f 1615/3266/598 1538/3363/598 1536/3307/598
f 1529/3228/609 1600/3227/609 1613/3308/609
f 1534/3828/580 1624/3726/580 1530/3311/580
f 1624/3726/580 1638/3219/581 1530/3311/580
f 1710/3312/610 1712/3829/610 1629/3313/610
f 1545/3315/588 1542/3830/588 1614/3238/588
f 1593/3831/611 1642/3832/611 1637/3318/611
f 1642/3832/611 1644/3316/611 1637/3318/611
f 1456/3319/612 1617/3323/612 1616/3320/612
f 1466/3322/583 1611/3833/583 1617/3323/583
f 1684/3265/613 1603/3267/613 1725/3326/613
f 1603/3267/613 1609/3324/613 1725/3326/613
f 1554/3327/614 1563/3834/614 1612/3328/614
f 1591/3330/615 1611/3835/615 1466/3331/615
f 1574/3333/616 1568/3836/616 1570/3837/616
f 1570/3837/616 1573/3247/616 1574/3333/616
f 1585/3336/619 1580/3838/676 1583/3766/677
f 1583/3766/677 1587/3334/617 1585/3336/619
f 1633/3257/595 1636/3806/595 1561/3337/595
f 1631/3339/603 1635/3839/603 1585/3340/603
f 1474/3342/603 1626/3814/603 1625/3284/603
f 1630/3292/606 1716/3840/606 1710/3344/606
f 1690/3346/620 1614/3841/620 1638/3219/581
f 1595/3242/590 1628/3842/621 1491/3347/621
f 1622/3348/622 1623/3843/622 1513/3349/622
f 1501/3351/608 1621/3287/608 1628/3300/608
f 1620/3277/584 1633/3844/583 1552/3353/583
f 1476/3355/623 1619/3730/623 1626/3356/623
f 1618/3269/599 1616/3809/599 1449/3358/599
f 1616/3320/612 1617/3323/612 1460/3360/612
f 1615/3266/602 1624/3813/602 1534/3362/602
f 1638/3219/581 1614/3841/620 1542/3364/620
f 1612/3328/614 1707/3845/614 1700/3365/614
f 1636/3263/597 1612/3808/597 1563/3366/597
f 1641/3368/622 1623/3843/622 1622/3348/622
f 1617/3323/583 1611/3833/583 1462/3370/583
f 1716/3373/624 1719/3409/624 1715/3820/624
f 1715/3820/624 1712/3371/624 1716/3373/624
f 1516/3374/596 1632/3807/596 1610/3259/596
f 1635/3233/586 1609/3731/586 1580/3375/586
f 1568/3377/610 1607/3314/610 1629/3313/610
f 1716/3380/583 1630/3810/583 1588/3273/583
f 1588/3273/583 1455/3846/583 1719/3379/583
f 1629/3279/601 1605/3220/601 1573/3381/601
f 1605/3220/601 1549/3384/601 1573/3381/601
f 1605/3220/582 1631/3339/582 1587/3383/582
f 1631/3339/582 1579/3341/582 1587/3383/582
f 1609/3324/613 1603/3267/613 1583/3385/613
f 1603/3267/613 1536/3307/613 1583/3385/613
f 1743/3388/611 1741/3847/611 1637/3318/611
f 1741/3847/611 1593/3831/611 1637/3318/611
f 1613/3308/609 1600/3227/609 1495/3389/609
f 1626/3356/623 1619/3730/623 1500/3229/623
f 1599/3230/585 1619/3730/585 1476/3355/585
f 1600/3227/583 1596/3729/584 1477/3393/584
f 1477/3393/584 1596/3729/584 1620/3277/584
f 1595/3242/590 1613/3749/589 1494/3394/589
f 1472/3396/621 1628/3842/621 1595/3242/590
f 1469/3848/600 1643/3414/600 1618/3274/600
f 1643/3414/600 1642/3397/600 1618/3274/600
f 1698/3398/583 1633/3844/583 1620/3277/584
f 1591/3399/583 1634/3849/583 1463/3400/583
f 1462/3402/615 1611/3835/615 1591/3330/615
f 1634/3404/625 1588/3850/625 1459/3405/625
f 1696/3306/587 1752/3825/587 1751/3851/587
f 1696/3306/587 1751/3851/587 1750/3852/587
f 1682/3853/587 1686/3854/587 1529/3855/587
f 1686/3854/587 1684/3856/587 1529/3855/587
f 1489/3744/587 1679/3743/587 1527/3857/587
f 1679/3743/587 1682/3853/587 1527/3857/587
f 1529/3855/587 1527/3857/587 1682/3853/587
f 1506/3858/587 1503/3859/587 1684/3856/587
f 1503/3859/587 1529/3855/587 1684/3856/587
f 1705/3860/587 1698/3861/587 1506/3858/587
f 1507/3862/587 1700/3863/587 1707/3864/587
f 1705/3860/587 1506/3858/587 1725/3255/587
f 1506/3858/587 1684/3856/587 1725/3255/587
f 1729/3254/587 1696/3306/587 1500/3865/587
f 1696/3306/587 1750/3852/587 1748/3866/587
f 1500/3865/587 1696/3306/587 1748/3866/587
f 1705/3860/587 1725/3255/587 1707/3864/587
f 1725/3255/587 1729/3254/587 1707/3864/587
f 1748/3866/587 1746/3867/587 1500/3865/587
f 1746/3867/587 1745/3868/587 1455/3869/587
f 1500/3865/587 1746/3867/587 1483/3870/587
f 1507/3862/587 1707/3864/587 1729/3254/587
f 1466/3739/587 1496/3738/587 1483/3870/587
f 1496/3738/587 1500/3865/587 1483/3870/587
f 1500/3865/587 1507/3862/587 1729/3254/587
f 1483/3870/587 1746/3867/587 1468/3871/587
f 1455/3869/587 1468/3871/587 1746/3867/587
f 1715/3820/587 1719/3409/587 1763/3872/587
f 1719/3409/587 1455/3869/587 1754/3873/587
f 1763/3872/587 1719/3409/587 1765/3874/587
f 1747/3875/587 1744/3821/587 1715/3820/587
f 1749/3876/587 1747/3875/587 1715/3820/587
f 1745/3868/587 1753/3877/587 1455/3869/587
f 1753/3877/587 1754/3873/587 1455/3869/587
f 1762/3878/587 1749/3876/587 1715/3820/587
f 1763/3872/587 1762/3878/587 1715/3820/587
f 1754/3873/587 1767/3407/587 1719/3409/587
f 1765/3874/587 1719/3409/587 1758/3879/587
f 1758/3879/587 1719/3409/587 1760/3408/587
f 1727/3410/603 1635/3839/603 1631/3339/603
f 1455/3412/625 1588/3850/625 1634/3404/625
f 1468/3416/583 1634/3849/583 1591/3399/583
f 1445/3418/627 1666/3422/627 1653/3419/628
f 1448/3421/629 1667/3424/629 1666/3422/627
f 1452/3423/630 1669/3880/630 1667/3424/629
f 1454/3425/631 1662/3429/631 1669/3426/630
f 1457/3428/632 1664/3431/632 1662/3429/631
f 1461/3430/603 1671/3433/603 1664/3431/632
f 1464/3432/633 1658/3435/633 1671/3433/603
f 1467/3434/634 1657/3437/634 1658/3435/633
f 1470/3436/635 1649/3881/635 1657/3437/634
f 1473/3438/636 1650/3442/636 1649/3439/635
f 1475/3441/637 1652/3444/637 1650/3442/636
f 1478/3443/638 1654/3446/638 1652/3444/637
f 1482/3445/639 1655/3448/639 1654/3446/638
f 1484/3447/640 1656/3450/640 1655/3448/639
f 1487/3449/641 1661/3882/641 1656/3450/640
f 1490/3451/642 1660/3455/642 1661/3452/641
f 1493/3454/643 1659/3457/643 1660/3455/642
f 1497/3456/583 1670/3459/583 1659/3457/643
f 1499/3458/644 1665/3461/644 1670/3459/583
f 1502/3460/645 1663/3463/645 1665/3461/644
f 1505/3462/646 1668/3883/646 1663/3463/645
f 1508/3464/647 1648/3468/647 1668/3465/646
f 1511/3467/648 1651/3469/648 1648/3468/647
f 1443/3420/628 1653/3419/628 1651/3469/648
f 1448/3470/591 1445/3503/591 1517/3471/591
f 1575/3473/603 1576/3527/649 1528/3474/649
f 1526/3476/591 1528/3501/591 1464/3477/591
f 1475/3479/591 1537/3511/591 1539/3480/591
f 1490/3482/591 1546/3512/591 1548/3483/591
f 1557/3485/591 1558/3884/591 1508/3486/591
f 1524/3488/591 1457/3510/591 1454/3489/591
f 1532/3491/591 1535/3885/591 1473/3492/591
f 1484/3494/591 1543/3886/591 1544/3495/591
f 1553/3497/591 1555/3513/591 1502/3498/591
f 1520/3500/591 1452/3514/591 1448/3470/591
f 1528/3501/591 1531/3515/591 1467/3502/591
f 1445/3503/591 1443/3517/591 1515/3504/591
f 1539/3480/591 1540/3516/591 1482/3505/591
f 1493/3484/591 1548/3483/591 1550/3506/591
f 1508/3486/591 1558/3884/591 1560/3508/591
f 1526/3476/591 1461/3478/591 1457/3510/591
f 1473/3492/591 1535/3885/591 1537/3511/591
f 1487/3496/591 1544/3495/591 1546/3512/591
f 1555/3513/591 1557/3485/591 1505/3487/591
f 1522/3490/591 1454/3489/591 1452/3514/591
f 1531/3515/591 1532/3491/591 1470/3493/591
f 1540/3516/591 1543/3886/591 1484/3494/591
f 1550/3506/591 1553/3497/591 1499/3499/591
f 1511/3509/591 1560/3508/591 1515/3504/591
f 1586/3887/591 1584/3520/591 1589/3519/591
f 1584/3520/591 1582/3888/591 1590/3518/591
f 1582/3888/591 1581/3889/591 1590/3518/591
f 1581/3889/591 1578/3890/591 1592/3891/591
f 1590/3518/591 1581/3889/591 1592/3891/591
f 1578/3890/591 1576/3892/591 1594/3893/591
f 1576/3892/591 1575/3894/591 1597/3895/591
f 1594/3893/591 1576/3892/591 1597/3895/591
f 1575/3894/591 1572/3896/591 1598/3897/591
f 1572/3896/591 1571/3898/591 1601/3899/591
f 1598/3897/591 1572/3896/591 1601/3899/591
f 1571/3898/591 1569/3900/591 1602/3901/591
f 1569/3900/591 1567/3902/591 1604/3903/591
f 1602/3901/591 1569/3900/591 1604/3903/591
f 1567/3902/591 1565/3904/591 1608/3905/591
f 1565/3904/591 1562/3906/591 1608/3905/591
f 1608/3905/591 1606/3907/591 1567/3902/591
f 1606/3907/591 1604/3903/591 1567/3902/591
f 1602/3901/591 1601/3899/591 1571/3898/591
f 1598/3897/591 1597/3895/591 1575/3894/591
f 1594/3893/591 1592/3891/591 1578/3890/591
f 1558/3521/650 1557/3567/651 1604/3522/651
f 1590/3524/652 1592/3534/653 1544/3525/653
f 1576/3527/649 1578/3536/654 1531/3528/654
f 1560/3529/655 1558/3521/650 1606/3523/650
f 1517/3531/656 1515/3538/657 1562/3532/657
f 1592/3534/653 1594/3543/658 1546/3535/658
f 1578/3536/654 1581/3545/659 1532/3537/659
f 1515/3538/660 1560/3908/655 1608/3539/655
f 1518/3540/661 1517/3909/656 1565/3541/656
f 1594/3543/658 1597/3549/662 1548/3544/662
f 1581/3545/659 1582/3910/663 1535/3546/663
f 1520/3547/664 1518/3540/661 1567/3542/661
f 1597/3549/662 1598/3557/583 1550/3550/583
f 1582/3551/663 1584/3559/665 1537/3552/665
f 1522/3554/666 1520/3547/664 1569/3548/664
f 1553/3556/667 1550/3550/583 1598/3557/583
f 1584/3559/665 1586/3565/668 1539/3560/668
f 1524/3561/669 1522/3554/666 1571/3555/666
f 1555/3563/670 1553/3556/667 1601/3558/667
f 1586/3565/671 1589/3911/672 1540/3566/672
f 1526/3475/603 1524/3561/669 1572/3562/669
f 1557/3567/651 1555/3563/670 1602/3564/670
f 1589/3568/672 1590/3524/652 1543/3526/652
f 1749/3572/628 1762/3575/627 1444/3573/627
f 1762/3575/627 1763/3577/629 1446/3576/629
f 1763/3577/629 1765/3912/630 1450/3578/630
f 1765/3579/630 1758/3582/631 1451/3580/631
f 1758/3582/631 1760/3584/632 1453/3583/632
f 1760/3584/632 1767/3586/603 1458/3585/603
f 1767/3586/603 1754/3588/633 1481/3587/633
f 1754/3588/633 1753/3590/634 1485/3589/634
f 1753/3590/634 1745/3913/635 1488/3591/635
f 1745/3592/635 1746/3595/636 1492/3593/636
f 1746/3595/636 1748/3597/637 1498/3596/637
f 1748/3597/637 1750/3599/638 1504/3598/638
f 1750/3599/638 1751/3601/639 1509/3600/639
f 1751/3601/639 1752/3603/640 1519/3602/640
f 1752/3603/640 1757/3914/641 1521/3604/641
f 1757/3605/641 1756/3608/642 1523/3606/642
f 1756/3608/642 1755/3610/643 1525/3609/643
f 1755/3610/643 1766/3612/583 1533/3611/583
f 1766/3612/583 1761/3614/644 1547/3613/644
f 1761/3614/644 1759/3616/645 1556/3615/645
f 1759/3616/645 1764/3915/646 1559/3617/646
f 1764/3618/646 1744/3621/647 1564/3619/647
f 1744/3621/647 1747/3623/648 1639/3622/648
f 1747/3623/648 1749/3572/628 1442/3574/628
f 1672/3624/587 1444/3659/587 1446/3625/587
f 1678/3627/649 1718/3684/649 1717/3628/603
f 1481/3630/587 1678/3657/587 1677/3631/587
f 1498/3633/587 1504/3661/587 1687/3634/587
f 1523/3636/587 1525/3662/587 1695/3637/587
f 1564/3639/587 1703/3665/587 1702/3640/587
f 1676/3642/587 1675/3669/587 1451/3643/587
f 1492/3645/587 1683/3666/587 1681/3646/587
f 1519/3648/587 1521/3667/587 1692/3649/587
f 1556/3651/587 1701/3668/587 1699/3652/587
f 1674/3654/587 1673/3626/587 1446/3625/587
f 1485/3656/587 1680/3670/587 1678/3657/587
f 1646/3658/587 1442/3916/587 1444/3659/587
f 1509/3660/587 1688/3671/587 1687/3634/587
f 1525/3662/587 1533/3672/587 1697/3663/587
f 1564/3639/587 1639/3673/587 1704/3664/587
f 1677/3631/587 1676/3642/587 1453/3644/587
f 1492/3645/587 1498/3633/587 1685/3635/587
f 1521/3667/587 1523/3636/587 1694/3638/587
f 1559/3641/587 1702/3640/587 1701/3668/587
f 1675/3669/587 1674/3654/587 1450/3655/587
f 1488/3647/587 1681/3646/587 1680/3670/587
f 1519/3648/587 1691/3650/587 1688/3671/587
f 1547/3653/587 1699/3652/587 1697/3663/587
f 1639/3673/587 1442/3916/587 1646/3658/587
f 1724/3917/587 1726/3918/587 1731/3919/587
f 1726/3918/587 1728/3920/587 1730/3921/587
f 1731/3919/587 1726/3918/587 1730/3921/587
f 1731/3919/587 1732/3922/587 1724/3917/587
f 1732/3922/587 1733/3676/587 1723/3675/587
f 1724/3917/587 1732/3922/587 1723/3675/587
f 1733/3676/587 1734/3923/587 1720/3674/587
f 1734/3923/587 1735/3924/587 1718/3925/587
f 1720/3674/587 1734/3923/587 1718/3925/587
f 1735/3924/587 1736/3926/587 1714/3927/587
f 1736/3926/587 1737/3928/587 1713/3929/587
f 1737/3928/587 1738/3930/587 1711/3931/587
f 1738/3930/587 1739/3932/587 1709/3933/587
f 1739/3932/587 1740/3934/587 1708/3935/587
f 1740/3934/587 1706/3936/587 1708/3935/587
f 1708/3935/587 1709/3933/587 1739/3932/587
f 1709/3933/587 1711/3931/587 1738/3930/587
f 1711/3931/587 1713/3929/587 1737/3928/587
f 1713/3929/587 1714/3927/587 1736/3926/587
f 1714/3927/587 1717/3937/587 1735/3924/587
f 1717/3937/587 1718/3925/587 1735/3924/587
f 1738/3677/651 1702/3723/651 1703/3678/650
f 1692/3680/653 1732/3691/653 1731/3681/652
f 1680/3683/654 1720/3693/654 1718/3684/649
f 1739/3679/650 1703/3678/650 1704/3685/655
f 1706/3687/657 1646/3695/657 1672/3688/656
f 1694/3690/658 1733/3700/658 1732/3691/653
f 1681/3692/659 1723/3702/659 1720/3693/654
f 1740/3694/655 1704/3938/655 1646/3695/660
f 1708/3696/656 1672/3939/656 1673/3697/661
f 1695/3699/662 1734/3706/662 1733/3700/658
f 1683/3701/663 1724/3940/663 1723/3702/659
f 1709/3698/661 1673/3697/661 1674/3703/664
f 1697/3705/583 1735/3712/583 1734/3706/662
f 1685/3707/665 1726/3716/665 1724/3708/663
f 1711/3704/664 1674/3703/664 1675/3710/666
f 1735/3712/583 1697/3705/583 1699/3713/667
f 1687/3715/668 1728/3722/668 1726/3716/665
f 1713/3711/666 1675/3710/666 1676/3717/669
f 1736/3714/667 1699/3713/667 1701/3719/670
f 1688/3721/672 1730/3941/672 1728/3722/671
f 1714/3718/669 1676/3717/669 1677/3629/603
f 1737/3720/670 1701/3719/670 1702/3723/651
f 1691/3682/652 1731/3681/652 1730/3724/672
o Cube.062_Cube.067
v 0.067372 0.108622 1.087473
v -0.067372 0.108622 1.087473
v -0.067372 0.098891 1.271939
v -0.067372 0.098891 1.376764
v -0.067372 0.072960 1.417670
v -0.067372 -0.018433 1.314610
v 0.067372 0.098891 1.271939
v 0.067372 0.098891 1.376764
v -0.067372 0.042806 1.102898
v 0.067372 0.072960 1.417670
v -0.067372 0.149598 1.134030
v -0.067372 0.147291 1.279818
v 0.067372 -0.018433 1.314610
v 0.067372 0.042806 1.102898
v 0.067372 0.149598 1.134030
v 0.067372 0.147291 1.279818
v 0.038365 0.183938 1.285784
v 0.039774 0.183938 1.173048
v 0.000000 0.108622 1.087473
v 0.000000 0.098891 1.271939
v 0.000000 0.183938 1.285784
v 0.000000 -0.018433 1.314610
v 0.000000 0.042806 1.102898
v 0.000000 0.183938 1.173048
v 0.000000 0.072960 1.417670
v 0.000000 0.098891 1.376764
v -0.038365 0.183938 1.285784
v -0.039774 0.183938 1.173048
vt 0.662508 0.072970
vt 0.658361 0.014476
vt 0.702755 0.014383
vt 0.305319 0.579270
vt 0.345566 0.637856
vt 0.301172 0.637764
vt 0.232521 0.927482
vt 0.247689 0.900594
vt 0.259174 0.912171
vt 0.380198 0.871456
vt 0.353310 0.856221
vt 0.380198 0.843453
vt 0.364887 0.799237
vt 0.364325 0.843453
vt 0.247689 0.954370
vt 0.232521 0.954370
vt 0.777288 0.048171
vt 0.804176 0.103145
vt 0.777288 0.103145
vt 0.804176 0.048171
vt 0.777288 0.001171
vt 0.804176 0.001171
vt 0.081263 0.847097
vt 0.108151 0.888209
vt 0.081263 0.888209
vt 0.831064 0.001171
vt 0.283680 0.626613
vt 0.285890 0.581616
vt 0.135038 0.847097
vt 0.108151 0.829139
vt 0.135038 0.829139
vt 0.831064 0.048171
vt 0.831064 0.103145
vt 0.885388 0.951010
vt 0.912366 0.924122
vt 0.912366 0.951010
vt 0.395509 0.799237
vt 0.396071 0.843453
vt 0.081263 0.829139
vt 0.135038 0.888209
vt 0.407086 0.856221
vt 0.885388 0.897235
vt 0.912366 0.897235
vt 0.640870 0.025626
vt 0.643079 0.070623
vt 0.628368 0.068846
vt 0.679233 0.001171
vt 0.702755 0.102339
vt 0.656289 0.131715
vt 0.650883 0.113157
vt 0.293694 0.539083
vt 0.345566 0.549900
vt 0.299099 0.520525
vt 0.322044 0.651069
vt 0.259174 0.927482
vt 0.232521 0.900594
vt 0.353310 0.871456
vt 0.380198 0.799237
vt 0.259174 0.942793
vt 0.108151 0.847097
vt 0.271179 0.583393
vt 0.885388 0.924122
vt 0.407086 0.871456
vn -1.0000 0.0000 0.0000
vn 1.0000 0.0000 0.0000
vn 0.0000 -0.1607 0.9870
vn 0.0000 0.7507 -0.6607
vn 0.0000 1.0000 0.0000
vn 0.0000 -0.7482 0.6635
vn 0.0000 -0.9606 -0.2779
vn 0.7848 0.6196 0.0098
vn 0.0000 0.8446 0.5354
vn 0.0000 -0.2282 -0.9736
vn -0.7848 0.6196 0.0098
usemtl Metal.001
s 1
f 1770/3942/678 1778/3943/678 1776/3944/678
f 1774/3945/679 1781/3946/679 1782/3947/679
f 1787/3948/680 1783/3949/680 1784/3950/680
f 1786/3951/681 1778/3952/681 1791/3953/681
f 1794/3954/682 1791/3953/682 1795/3955/682
f 1779/3956/680 1770/3957/680 1787/3948/680
f 1773/3958/683 1792/3959/683 1772/3960/683
f 1789/3961/684 1776/3962/684 1790/3963/684
f 1771/3964/682 1787/3965/682 1770/3966/682
f 1781/3967/684 1789/3961/684 1790/3963/684
f 1785/3968/685 1783/3969/685 1782/3947/685
f 1775/3970/686 1792/3971/686 1777/3972/686
f 1792/3959/683 1780/3973/683 1777/3974/683
f 1769/3975/687 1790/3976/687 1776/3977/687
f 1791/3953/682 1784/3978/682 1785/3979/682
f 1792/3971/686 1771/3964/686 1772/3980/686
f 1787/3965/682 1775/3970/682 1774/3981/682
f 1791/3953/681 1782/3982/681 1786/3951/681
f 1790/3976/687 1768/3983/687 1781/3984/687
f 1795/3985/688 1779/3986/688 1794/3987/688
f 1770/3942/678 1779/3986/678 1778/3943/678
f 1778/3943/678 1769/3988/678 1776/3944/678
f 1776/3944/678 1773/3989/678 1770/3942/678
f 1773/3989/678 1772/3990/678 1771/3991/678
f 1770/3942/678 1773/3989/678 1771/3991/678
f 1774/3945/679 1775/3992/679 1780/3993/679
f 1775/3992/679 1777/3994/679 1780/3993/679
f 1780/3993/679 1781/3946/679 1774/3945/679
f 1781/3946/679 1768/3995/679 1782/3947/679
f 1782/3947/679 1783/3969/679 1774/3945/679
f 1784/3950/680 1788/3996/680 1787/3948/680
f 1787/3948/680 1774/3997/680 1783/3949/680
f 1769/3998/681 1778/3952/681 1786/3951/681
f 1778/3952/681 1795/3955/681 1791/3953/681
f 1794/3954/682 1788/3999/682 1791/3953/682
f 1787/3948/680 1788/3996/680 1794/4000/680
f 1794/4000/680 1779/3956/680 1787/3948/680
f 1773/3958/683 1789/3961/683 1792/3959/683
f 1789/3961/684 1773/3958/684 1776/3962/684
f 1771/3964/682 1793/4001/682 1787/3965/682
f 1781/3967/684 1780/3973/684 1789/3961/684
f 1785/3968/685 1784/4002/685 1783/3969/685
f 1775/3970/686 1793/4001/686 1792/3971/686
f 1792/3959/683 1789/3961/683 1780/3973/683
f 1769/3975/687 1786/4003/687 1790/3976/687
f 1791/3953/682 1788/3999/682 1784/3978/682
f 1792/3971/686 1793/4001/686 1771/3964/686
f 1787/3965/682 1793/4001/682 1775/3970/682
f 1785/3979/681 1782/3982/681 1791/3953/681
f 1782/3982/681 1768/4004/681 1786/3951/681
f 1790/3976/687 1786/4003/687 1768/3983/687
f 1795/3985/688 1778/3943/688 1779/3986/688
o Cube.061_Cube.066
v -0.086189 0.086319 0.756777
v -0.086189 0.088296 0.964450
v -0.086189 0.112112 0.973152
v -0.086189 0.112112 0.727984
v 0.086189 0.086319 0.756777
v 0.086189 0.088296 0.964450
v 0.086189 0.112112 0.973152
v 0.086189 0.112112 0.727984
v 0.055452 0.146405 0.689704
v 0.055452 0.146405 0.985682
v 0.000000 0.086319 0.756777
v 0.000000 0.146405 0.689704
v 0.000000 0.146405 0.985682
v 0.000000 0.088296 0.964450
v -0.055452 0.146405 0.689704
v -0.055452 0.146405 0.985682
vt 0.632905 0.811937
vt 0.619219 0.914782
vt 0.619219 0.816937
vt 0.909042 0.247564
vt 0.919336 0.333918
vt 0.909831 0.330445
vt 0.659764 0.747631
vt 0.637633 0.865753
vt 0.637633 0.747631
vt 0.449512 0.766700
vt 0.415115 0.683816
vt 0.449512 0.683816
vt 0.483909 0.683816
vt 0.681894 0.865753
vt 0.659764 0.865753
vt 0.919336 0.236073
vt 0.933022 0.338918
vt 0.081263 0.924948
vt 0.081263 0.890551
vt 0.091382 0.890551
vt 0.608925 0.903291
vt 0.609714 0.820410
vt 0.091382 0.959345
vt 0.081263 0.959345
vt 0.471643 0.657277
vt 0.483909 0.672424
vt 0.427382 0.657277
vt 0.449512 0.657277
vt 0.632905 0.930059
vt 0.415115 0.766700
vt 0.483909 0.766700
vt 0.681894 0.747631
vt 0.933022 0.220796
vt 0.105953 0.902818
vt 0.105953 0.924948
vt 0.105953 0.947079
vt 0.415115 0.672424
vn -0.7447 0.6674 0.0000
vn 1.0000 0.0000 0.0000
vn 0.0000 1.0000 0.0000
vn 0.0000 -1.0000 0.0095
vn 0.7447 0.6674 0.0000
vn 0.0000 -0.3432 0.9393
vn -1.0000 -0.0000 0.0000
vn 0.0000 -0.7448 -0.6672
usemtl Metal.001
s 1
f 1811/4005/689 1799/4006/689 1798/4007/689
f 1800/4008/690 1802/4009/690 1801/4010/690
f 1807/4011/691 1805/4012/691 1804/4013/691
f 1809/4014/692 1796/4015/692 1806/4016/692
f 1800/4017/692 1809/4014/692 1806/4016/692
f 1807/4011/691 1811/4018/691 1808/4019/691
f 1803/4020/693 1805/4021/693 1802/4009/693
f 1809/4022/694 1801/4023/694 1802/4024/694
f 1798/4007/695 1796/4025/695 1797/4026/695
f 1798/4027/694 1797/4028/694 1809/4022/694
f 1806/4016/696 1804/4029/696 1803/4030/696
f 1810/4031/696 1807/4032/696 1806/4016/696
f 1811/4005/689 1810/4033/689 1799/4006/689
f 1800/4008/690 1803/4020/690 1802/4009/690
f 1807/4011/691 1808/4019/691 1805/4012/691
f 1809/4014/692 1797/4034/692 1796/4015/692
f 1800/4017/692 1801/4035/692 1809/4014/692
f 1807/4011/691 1810/4036/691 1811/4018/691
f 1803/4020/693 1804/4037/693 1805/4021/693
f 1802/4024/694 1805/4038/694 1809/4022/694
f 1805/4038/694 1808/4039/694 1809/4022/694
f 1798/4007/695 1799/4006/695 1796/4025/695
f 1808/4039/694 1811/4040/694 1809/4022/694
f 1811/4040/694 1798/4027/694 1809/4022/694
f 1803/4030/696 1800/4017/696 1806/4016/696
f 1806/4016/696 1807/4032/696 1804/4029/696
f 1806/4016/696 1796/4015/696 1799/4041/696
f 1799/4041/696 1810/4031/696 1806/4016/696
o Cube.060_Cube.065
v -0.053143 -0.187616 1.008447
v -0.017614 -0.223932 0.937219
v -0.053143 -0.495093 1.133542
v -0.053143 -0.540700 1.087935
v -0.023886 -0.569959 1.058676
v 0.053143 -0.187616 1.008447
v 0.017614 -0.223932 0.937219
v 0.053143 -0.495093 1.133542
v 0.053143 -0.540700 1.087935
v 0.023886 -0.569959 1.058676
v 0.053143 -0.187133 0.939309
v 0.025971 -0.186862 0.900599
v 0.000000 -0.187616 1.008447
v 0.000000 -0.495093 1.133542
v 0.000000 -0.569959 1.058676
v -0.053143 -0.187133 0.939309
v -0.025971 -0.186862 0.900599
v -0.017614 -0.223932 0.915895
v -0.017614 -0.186862 0.900599
v 0.000000 -0.223932 0.915895
v 0.017614 -0.186862 0.900599
v 0.017614 -0.223932 0.915895
v 0.000000 -0.187008 0.921450
v 0.017614 -0.187008 0.921450
v -0.017614 -0.187008 0.921450
vt 0.558739 0.890124
vt 0.555404 0.890124
vt 0.555404 0.874120
vt 0.748461 0.804068
vt 0.772885 0.661708
vt 0.773894 0.814771
vt 0.548375 0.724731
vt 0.548375 0.874120
vt 0.541345 0.874120
vt 0.810635 0.601465
vt 0.786211 0.459106
vt 0.811644 0.448403
vt 0.493250 0.724731
vt 0.514459 0.857209
vt 0.493250 0.857209
vt 0.825883 0.607805
vt 0.825883 0.442410
vt 0.788134 0.655368
vt 0.726490 0.911653
vt 0.726490 0.932862
vt 0.700749 0.932862
vt 0.700749 0.890444
vt 0.684236 0.911653
vt 0.535668 0.724731
vt 0.535668 0.857209
vt 0.719276 0.093392
vt 0.726306 0.128113
vt 0.705097 0.100520
vt 0.726306 0.093392
vt 0.733335 0.093392
vt 0.867712 0.348621
vt 0.859885 0.361303
vt 0.860081 0.345299
vt 0.932186 0.417714
vt 0.940012 0.430395
vt 0.932382 0.433717
vt 0.928286 0.665909
vt 0.928286 0.681932
vt 0.921257 0.681932
vt 0.490891 0.836334
vt 0.482381 0.836334
vt 0.482381 0.829304
vt 0.557907 0.724731
vt 0.749117 0.671591
vt 0.541345 0.890124
vt 0.538010 0.890124
vt 0.538842 0.724731
vt 0.786867 0.591582
vt 0.514459 0.724731
vt 0.788134 0.820764
vt 0.684236 0.921185
vt 0.684236 0.902120
vt 0.726490 0.890444
vt 0.705097 0.128113
vt 0.715941 0.085070
vt 0.719276 0.085070
vt 0.733335 0.085070
vt 0.736670 0.085070
vt 0.747514 0.100520
vt 0.747514 0.128113
vt 0.867712 0.364645
vt 0.940012 0.414372
vt 0.914227 0.681932
vt 0.914227 0.665909
vt 0.482381 0.822274
vt 0.490891 0.822274
vn -0.0000 -0.3814 -0.9244
vn 1.0000 0.0000 0.0000
vn -1.0000 0.0000 0.0000
vn 0.0000 0.3768 0.9263
vn -0.7948 -0.2352 -0.5595
vn 0.7948 -0.2352 -0.5595
vn 0.0000 -0.7071 0.7071
vn -0.0000 1.0000 0.0070
vn 0.0000 -0.3927 -0.9196
vn 0.0000 1.0000 0.0000
usemtl Metal.001
s 1
f 1828/4042/697 1830/4043/697 1829/4044/697
f 1817/4045/698 1820/4046/698 1822/4047/698
f 1826/4048/697 1831/4049/697 1833/4050/697
f 1815/4051/699 1812/4052/699 1827/4053/699
f 1814/4054/700 1824/4055/700 1812/4056/700
f 1816/4057/701 1827/4053/701 1828/4058/701
f 1821/4059/702 1822/4047/702 1820/4046/702
f 1825/4060/703 1814/4061/703 1815/4062/703
f 1820/4063/703 1825/4060/703 1826/4064/703
f 1824/4055/700 1819/4065/700 1817/4066/700
f 1835/4067/704 1824/4068/704 1822/4069/704
f 1824/4068/704 1834/4070/704 1836/4071/704
f 1836/4072/698 1829/4073/698 1830/4074/698
f 1833/4075/699 1835/4076/699 1832/4077/699
f 1813/4078/705 1836/4079/705 1834/4080/705
f 1818/4081/706 1833/4082/706 1831/4083/706
f 1829/4044/697 1831/4049/697 1826/4048/697
f 1826/4048/697 1816/4084/697 1829/4044/697
f 1816/4084/697 1828/4042/697 1829/4044/697
f 1817/4045/698 1819/4085/698 1820/4046/698
f 1832/4086/697 1823/4087/697 1833/4050/697
f 1823/4087/697 1821/4088/697 1833/4050/697
f 1821/4088/697 1826/4048/697 1833/4050/697
f 1815/4051/699 1814/4089/699 1812/4052/699
f 1814/4054/700 1825/4090/700 1824/4055/700
f 1816/4057/701 1815/4051/701 1827/4053/701
f 1821/4059/702 1823/4091/702 1822/4047/702
f 1815/4062/703 1816/4092/703 1826/4064/703
f 1826/4064/703 1825/4060/703 1815/4062/703
f 1826/4064/703 1821/4093/703 1820/4063/703
f 1820/4063/703 1819/4094/703 1825/4060/703
f 1824/4055/700 1825/4090/700 1819/4065/700
f 1835/4067/704 1834/4070/704 1824/4068/704
f 1824/4068/704 1817/4095/704 1822/4069/704
f 1822/4069/704 1823/4096/704 1835/4067/704
f 1823/4096/704 1832/4097/704 1835/4067/704
f 1836/4071/704 1830/4098/704 1828/4099/704
f 1828/4099/704 1827/4100/704 1836/4071/704
f 1827/4100/704 1812/4101/704 1824/4068/704
f 1836/4071/704 1827/4100/704 1824/4068/704
f 1836/4072/698 1813/4102/698 1829/4073/698
f 1833/4075/699 1818/4103/699 1835/4076/699
f 1835/4104/705 1818/4105/705 1834/4080/705
f 1818/4105/705 1813/4078/705 1834/4080/705
f 1831/4083/706 1829/4106/706 1813/4107/706
f 1813/4107/706 1818/4081/706 1831/4083/706
o Cube.059_Cube.064
v 0.056215 -0.354011 2.209398
v 0.056215 -0.217850 1.995792
v -0.056215 -0.354011 2.209398
v -0.056215 -0.217850 1.995792
v -0.056215 -0.491167 2.247878
v 0.056215 -0.491167 2.247878
v -0.056215 -0.265330 1.958222
v -0.056215 -0.217850 1.945484
v -0.056215 -0.378502 2.157589
v -0.056215 -0.491674 2.197726
v 0.056215 -0.265330 1.958222
v 0.056215 -0.217850 1.945484
v 0.056215 -0.378502 2.157589
v 0.056215 -0.491674 2.197726
vt 0.182250 0.807523
vt 0.137380 0.710470
vt 0.182250 0.710470
vt 0.385262 0.739823
vt 0.407086 0.782488
vt 0.363956 0.748137
vt 0.721528 0.412100
vt 0.702468 0.312818
vt 0.723774 0.321132
vt 0.137380 0.680403
vt 0.182250 0.680403
vt 0.137380 0.807523
vt 0.182250 0.826797
vt 0.137380 0.826797
vt 0.086559 0.814888
vt 0.131429 0.824555
vt 0.086559 0.824555
vt 0.086559 0.726548
vt 0.131429 0.699730
vt 0.131429 0.726548
vt 0.131429 0.814888
vt 0.086559 0.680403
vt 0.131429 0.680403
vt 0.393191 0.796896
vt 0.383015 0.648855
vt 0.396806 0.634263
vt 0.407086 0.650973
vt 0.731703 0.264060
vt 0.745598 0.278468
vt 0.745598 0.409983
vt 0.735318 0.426692
vt 0.086559 0.699730
vn 0.0000 0.8433 0.5375
vn -1.0000 -0.0000 0.0000
vn 1.0000 -0.0000 0.0000
vn 0.0000 0.2701 0.9628
vn 0.0000 1.0000 0.0000
vn 0.0000 -0.2591 -0.9658
vn 0.0000 -0.3343 -0.9425
vn 0.0000 -0.8697 -0.4937
vn 0.0000 -0.9999 0.0101
usemtl Metal.001
s 1
f 1838/4108/707 1839/4109/707 1837/4110/707
f 1845/4111/708 1846/4112/708 1839/4113/708
f 1838/4114/709 1837/4115/709 1849/4116/709
f 1837/4110/710 1841/4117/710 1842/4118/710
f 1840/4119/711 1848/4120/711 1844/4121/711
f 1847/4122/712 1844/4123/712 1848/4124/712
f 1849/4125/713 1846/4126/713 1845/4127/713
f 1847/4122/714 1845/4127/714 1843/4128/714
f 1846/4126/715 1842/4129/715 1841/4130/715
f 1838/4108/707 1840/4119/707 1839/4109/707
f 1846/4112/708 1841/4131/708 1839/4113/708
f 1839/4113/708 1840/4132/708 1845/4111/708
f 1840/4132/708 1844/4133/708 1843/4134/708
f 1845/4111/708 1840/4132/708 1843/4134/708
f 1842/4135/709 1850/4136/709 1837/4115/709
f 1850/4136/709 1849/4116/709 1837/4115/709
f 1849/4116/709 1847/4137/709 1838/4114/709
f 1847/4137/709 1848/4138/709 1838/4114/709
f 1837/4110/710 1839/4109/710 1841/4117/710
f 1840/4119/711 1838/4108/711 1848/4120/711
f 1847/4122/712 1843/4128/712 1844/4123/712
f 1849/4125/713 1850/4139/713 1846/4126/713
f 1847/4122/714 1849/4125/714 1845/4127/714
f 1846/4126/715 1850/4139/715 1842/4129/715
o Cube.058_Cube.063
v -0.094448 -0.420331 2.500862
v -0.094448 -0.082008 2.472855
v -0.094448 -0.003556 2.268198
v -0.094448 -0.004693 2.388718
v -0.094448 -0.425378 2.501280
v -0.094448 -0.595926 2.431923
v -0.094448 -0.600474 2.293211
v -0.094448 0.059442 2.513795
v -0.094448 0.062725 2.304032
v -0.094448 -0.364490 2.538612
v -0.094448 -0.109194 2.528084
v 0.094448 -0.420331 2.500862
v -0.094448 -0.503790 2.525114
v 0.094448 -0.082008 2.472855
v 0.094448 -0.003556 2.268198
v 0.094448 -0.004693 2.388718
v 0.094448 -0.425378 2.501280
v 0.094448 -0.595926 2.431923
v 0.094448 -0.600474 2.293211
v 0.094448 0.059442 2.513795
v 0.094448 0.062725 2.304032
v -0.079630 -0.497559 2.572126
v -0.055089 -0.442736 2.590702
v -0.094448 -0.373829 2.551509
v 0.094448 -0.364490 2.538612
v 0.094448 -0.109194 2.528084
v -0.054392 -0.400842 2.588812
v -0.094448 0.041695 2.526603
v -0.048067 -0.020743 2.571664
v -0.094448 -0.104795 2.535383
v -0.049075 -0.081285 2.574396
v -0.094448 -0.433859 2.555107
v -0.094448 -0.499295 2.559029
v 0.094448 -0.503790 2.525114
v 0.079630 -0.497559 2.572126
v 0.055089 -0.442736 2.590702
v 0.094448 -0.373829 2.551509
v 0.054392 -0.400842 2.588812
v 0.094448 0.041695 2.526603
v 0.048067 -0.020743 2.571664
v 0.094448 -0.104795 2.535383
v 0.049075 -0.081285 2.574396
v 0.094448 -0.433859 2.555107
v 0.094448 -0.499295 2.559029
v 0.042684 -0.679650 2.412369
v 0.088172 -0.641743 2.472242
v 0.042096 -0.679650 2.244608
v 0.094448 -0.635899 2.271465
v 0.094448 -0.636495 2.474254
v 0.094448 0.100479 2.104987
v 0.094448 0.100479 2.248242
v 0.044520 0.169186 1.998850
v 0.044520 0.169186 2.146961
v -0.042684 -0.679650 2.412369
v -0.088172 -0.641743 2.472242
v -0.042096 -0.679650 2.244608
v -0.094448 -0.635899 2.271465
v -0.094448 -0.636495 2.474254
v -0.094448 0.100479 2.104987
v -0.094448 0.100479 2.248242
v -0.044520 0.169186 1.998850
v -0.044520 0.169186 2.146961
v 0.000000 -0.497559 2.572126
v 0.000000 0.169186 1.998850
v 0.000000 -0.082008 2.472855
v 0.000000 -0.595926 2.431923
v 0.000000 0.169186 2.146961
v 0.000000 -0.400842 2.588812
v 0.000000 -0.425378 2.501280
v 0.000000 -0.600474 2.293211
v 0.000000 -0.679650 2.412369
v 0.000000 -0.081285 2.574396
v 0.000000 -0.442736 2.590702
v 0.000000 -0.004693 2.388718
v 0.000000 -0.003556 2.268198
v 0.000000 -0.503790 2.525114
v 0.000000 -0.020743 2.571664
v 0.000000 -0.679650 2.244608
v 0.000000 -0.641743 2.472242
v 0.000000 0.062725 2.304032
v 0.000000 0.059442 2.513795
v 0.000000 -0.364490 2.538612
v 0.000000 -0.109194 2.528084
vt 0.063858 0.663617
vt 0.063858 0.643856
vt 0.091791 0.643856
vt 0.297220 0.861415
vt 0.267327 0.889348
vt 0.267327 0.861415
vt 0.426318 0.344363
vt 0.442190 0.332302
vt 0.417943 0.429731
vt 0.442551 0.330848
vt 0.428277 0.323367
vt 0.443313 0.306622
vt 0.075705 0.861915
vt 0.091791 0.853306
vt 0.091791 0.861915
vt 0.724584 0.775703
vt 0.752516 0.797825
vt 0.724584 0.797825
vt 0.971506 0.940251
vt 0.959638 0.940251
vt 0.959638 0.912318
vt 0.057028 0.827071
vt 0.041545 0.836435
vt 0.041719 0.787141
vt 0.091791 0.880162
vt 0.063858 0.875475
vt 0.063858 0.880162
vt 0.091791 0.932410
vt 0.063858 0.932410
vt 0.029095 0.748098
vt 0.057028 0.748098
vt 0.057028 0.767506
vt 0.470148 0.271949
vt 0.443313 0.239599
vt 0.478157 0.256569
vt 0.077575 0.568145
vt 0.091791 0.596664
vt 0.063858 0.590352
vt 0.482046 0.949996
vt 0.484339 0.922063
vt 0.496593 0.935482
vt 0.749992 0.055342
vt 0.722059 0.001162
vt 0.749992 0.001162
vt 0.045388 0.726772
vt 0.029095 0.734075
vt 0.029095 0.726772
vt 0.722059 0.055342
vt 0.749992 0.056739
vt 0.484339 0.977929
vt 0.482046 0.977929
vt 0.029095 0.768274
vt 0.055172 0.768274
vt 0.119724 0.590352
vt 0.106007 0.568145
vt 0.091791 0.555703
vt 0.091791 0.568145
vt 0.119724 0.875475
vt 0.107877 0.861915
vt 0.429552 0.303908
vt 0.433386 0.304664
vt 0.402589 0.417417
vt 0.384453 0.437521
vt 0.389431 0.420302
vt 0.016471 0.787141
vt 0.016645 0.836435
vt 0.001162 0.827071
vt 0.503683 0.515745
vt 0.485408 0.531010
vt 0.463554 0.502156
vt 0.052645 0.734075
vt 0.029095 0.787141
vt 0.402589 0.128804
vt 0.384453 0.108701
vt 0.391154 0.086936
vt 0.119724 0.643856
vt 0.119724 0.663617
vt 0.119724 0.596664
vt 0.078624 0.699526
vt 0.091791 0.732394
vt 0.078624 0.732394
vt 0.426318 0.201858
vt 0.417943 0.116490
vt 0.442190 0.213919
vt 0.119724 0.880162
vt 0.119724 0.932410
vt 0.419148 0.228718
vt 0.415704 0.216803
vt 0.428277 0.222854
vt 0.063858 0.596664
vt 0.001162 0.767506
vt 0.752516 0.775703
vt 0.780449 0.740329
vt 0.780449 0.775703
vt 0.106305 0.555703
vt 0.724584 0.740329
vt 0.003018 0.768274
vt 0.959638 0.884385
vt 0.971506 0.884385
vt 0.108084 0.853306
vt 0.503683 0.030476
vt 0.485408 0.015211
vt 0.526898 0.001162
vt 0.724584 0.695872
vt 0.752516 0.666997
vt 0.752516 0.740329
vt 0.297220 0.917281
vt 0.267327 0.917281
vt 0.694126 0.055342
vt 0.694126 0.001162
vt 0.694126 0.056739
vt 0.722059 0.150381
vt 0.780449 0.797825
vt 0.104958 0.699526
vt 0.104958 0.732394
vt 0.765683 0.666997
vt 0.780449 0.695872
vt 0.012802 0.726772
vt 0.005544 0.734075
vt 0.091791 0.699526
vt 0.297220 0.889348
vt 0.423591 0.340524
vt 0.434179 0.459370
vt 0.467832 0.471120
vt 0.451507 0.486289
vt 0.393058 0.465472
vt 0.391154 0.459285
vt 0.405051 0.416877
vt 0.470148 0.274272
vt 0.526898 0.293675
vt 0.478157 0.289652
vt 0.517446 0.301536
vt 0.075498 0.853306
vt 0.986162 0.912318
vt 0.986162 0.924768
vt 0.433386 0.241557
vt 0.442551 0.215373
vt 0.517446 0.244685
vt 0.526898 0.252546
vt 0.496593 0.949996
vt 0.482046 0.922063
vt 0.749992 0.150381
vt 0.496593 0.964510
vt 0.077277 0.555703
vt 0.415704 0.329418
vt 0.419148 0.317503
vt 0.526898 0.545059
vt 0.057028 0.737981
vt 0.029095 0.836435
vt 0.389431 0.125919
vt 0.405051 0.129344
vt 0.393058 0.080749
vt 0.434179 0.086851
vt 0.451507 0.059932
vt 0.463554 0.044065
vt 0.467832 0.075101
vt 0.423591 0.205697
vt 0.429552 0.242313
vt 0.001162 0.748098
vt 0.986162 0.899868
vt 0.739350 0.666997
vt 0.694126 0.150381
vt 0.001162 0.737981
vn -0.0003 0.8279 0.5609
vn 0.0000 0.8282 0.5604
vn 0.0000 0.8279 0.5608
vn 0.0000 0.9995 -0.0328
vn 1.0000 -0.0000 0.0000
vn 0.0000 0.0451 0.9990
vn 0.0000 -0.1403 0.9901
vn 0.0000 -0.7363 -0.6766
vn -0.0000 0.5232 -0.8522
vn -0.6419 -0.7668 -0.0023
vn -0.0000 0.8099 0.5865
vn 0.0000 0.0412 0.9992
vn 0.0000 -0.3579 0.9338
vn -1.0000 0.0000 0.0000
vn -0.0000 0.5852 0.8109
vn 0.0000 -0.8565 0.5162
vn 0.0000 0.1512 -0.9885
vn 0.0000 0.3767 -0.9263
vn 0.0000 -0.1624 0.9867
vn 0.0000 -0.3209 0.9471
vn -0.0000 -0.0825 -0.9966
vn 0.0000 -0.8449 0.5349
vn 0.6645 0.0447 0.7459
vn 0.6419 -0.7668 -0.0023
vn 0.8090 0.5879 0.0000
vn 0.0000 -0.9913 0.1314
vn 0.0000 -1.0000 0.0000
vn -0.6645 0.0447 0.7459
vn 0.0003 0.8279 0.5609
vn 0.0000 0.9999 0.0157
vn 0.0000 1.0000 0.0000
vn 0.0000 -1.0000 -0.0094
vn -0.8090 0.5879 0.0000
vn 0.0042 -0.8418 -0.5398
vn 0.0000 -0.8404 -0.5420
vn 0.0000 -0.8428 -0.5382
vn 0.0000 -0.8395 -0.5434
vn -0.0042 -0.8418 -0.5398
vn 0.0000 0.8276 0.5613
vn 0.0000 0.8276 0.5614
vn 0.0000 -0.8433 -0.5375
usemtl Paint.001
s 1
f 1910/4140/716 1859/4141/717 1930/4142/718
f 1856/4143/719 1920/4144/719 1857/4145/719
f 1875/4146/720 1862/4147/720 1864/4148/720
f 1867/4149/720 1893/4150/720 1884/4151/720
f 1877/4152/721 1923/4153/722 1918/4154/721
f 1854/4155/723 1915/4156/723 1852/4157/723
f 1907/4158/724 1857/4159/724 1920/4160/724
f 1907/4161/725 1906/4162/725 1904/4163/725
f 1877/4152/726 1932/4164/726 1874/4165/726
f 1860/4166/727 1933/4167/727 1861/4168/727
f 1926/4169/728 1863/4170/728 1908/4171/728
f 1908/4172/729 1863/4173/729 1856/4174/729
f 1879/4175/730 1931/4176/730 1878/4177/730
f 1933/4178/731 1891/4179/731 1892/4180/731
f 1855/4181/732 1916/4182/733 1856/4183/733
f 1873/4184/734 1913/4185/735 1923/4186/722
f 1919/4187/732 1855/4181/732 1851/4188/736
f 1880/4189/731 1861/4190/731 1933/4178/731
f 1904/4163/737 1929/4191/737 1905/4192/737
f 1889/4193/730 1931/4176/730 1890/4194/730
f 1879/4175/721 1922/4195/721 1927/4196/721
f 1887/4197/726 1932/4164/726 1888/4198/726
f 1885/4199/738 1894/4200/738 1893/4150/738
f 1891/4201/738 1890/4202/738 1892/4203/738
f 1895/4204/739 1897/4205/739 1898/4206/739
f 1900/4207/740 1903/4208/740 1901/4209/740
f 1926/4169/741 1913/4185/741 1872/4210/741
f 1906/4162/742 1921/4211/742 1904/4163/742
f 1880/4212/743 1879/4213/743 1878/4214/743
f 1930/4142/718 1871/4215/717 1901/4216/744
f 1870/4217/745 1930/4142/745 1931/4176/745
f 1912/4218/746 1914/4219/746 1911/4220/746
f 1860/4221/729 1852/4222/729 1851/4223/729
f 1933/4167/727 1875/4224/727 1876/4225/727
f 1873/4226/743 1877/4227/743 1882/4228/743
f 1930/4142/745 1858/4229/745 1931/4176/745
f 1899/4230/728 1926/4169/728 1929/4191/728
f 1924/4231/747 1865/4232/747 1866/4233/747
f 1890/4194/721 1922/4195/721 1892/4234/721
f 1853/4235/747 1924/4231/747 1854/4155/747
f 1921/4211/742 1897/4205/742 1895/4204/742
f 1929/4191/737 1895/4204/737 1896/4236/737
f 1920/4160/724 1869/4237/724 1898/4238/724
f 1888/4198/721 1923/4153/722 1886/4239/734
f 1909/4240/748 1912/4241/748 1911/4242/748
f 1909/4243/749 1914/4244/750 1925/4245/751
f 1920/4144/719 1868/4246/719 1869/4247/719
f 1916/4182/733 1867/4248/732 1868/4249/733
f 1862/4250/736 1919/4187/732 1915/4251/736
f 1915/4156/723 1866/4233/723 1864/4252/723
f 1914/4219/746 1903/4253/746 1902/4254/746
f 1914/4244/750 1902/4255/752 1900/4256/753
f 1886/4257/734 1913/4185/735 1885/4258/735
f 1885/4258/741 1913/4185/741 1926/4169/741
f 1930/4142/718 1917/4259/754 1910/4140/716
f 1917/4259/754 1912/4218/755 1910/4140/716
f 1856/4143/719 1916/4260/719 1920/4144/719
f 1875/4146/720 1887/4261/720 1862/4147/720
f 1887/4261/720 1893/4150/720 1862/4147/720
f 1866/4262/720 1865/4263/720 1871/4264/720
f 1865/4263/720 1900/4207/720 1901/4209/720
f 1871/4264/720 1865/4263/720 1901/4209/720
f 1871/4264/720 1870/4265/720 1866/4262/720
f 1870/4265/720 1889/4266/720 1866/4262/720
f 1889/4266/720 1891/4201/720 1864/4148/720
f 1891/4201/720 1876/4267/720 1864/4148/720
f 1866/4262/720 1889/4266/720 1864/4148/720
f 1876/4267/720 1875/4146/720 1864/4148/720
f 1899/4268/720 1898/4269/720 1868/4270/720
f 1898/4269/720 1869/4271/720 1868/4270/720
f 1893/4150/720 1894/4200/720 1884/4151/720
f 1884/4151/720 1899/4268/720 1868/4270/720
f 1867/4149/720 1862/4147/720 1893/4150/720
f 1884/4151/720 1868/4270/720 1867/4149/720
f 1877/4152/721 1873/4272/734 1923/4153/722
f 1854/4155/723 1924/4231/723 1915/4156/723
f 1928/4273/724 1906/4274/724 1920/4160/724
f 1906/4274/724 1907/4158/724 1920/4160/724
f 1905/4192/725 1908/4171/725 1904/4163/725
f 1908/4171/725 1907/4161/725 1904/4163/725
f 1918/4154/726 1932/4164/726 1877/4152/726
f 1932/4164/726 1860/4166/726 1874/4165/726
f 1860/4166/727 1932/4164/727 1933/4167/727
f 1908/4171/728 1905/4192/728 1929/4191/728
f 1929/4191/728 1926/4169/728 1908/4171/728
f 1863/4173/729 1883/4275/729 1882/4228/729
f 1882/4228/729 1851/4223/729 1855/4276/729
f 1856/4174/729 1857/4277/729 1907/4278/729
f 1882/4228/729 1855/4276/729 1863/4173/729
f 1855/4276/729 1856/4174/729 1863/4173/729
f 1856/4174/729 1907/4278/729 1908/4172/729
f 1927/4196/730 1931/4176/730 1879/4175/730
f 1931/4176/730 1858/4229/730 1878/4177/730
f 1892/4180/731 1922/4279/731 1933/4178/731
f 1933/4178/731 1876/4280/731 1891/4179/731
f 1855/4181/732 1919/4187/732 1916/4182/733
f 1873/4184/734 1872/4210/735 1913/4185/735
f 1851/4188/736 1852/4281/736 1915/4251/736
f 1915/4251/736 1919/4187/732 1851/4188/736
f 1933/4178/731 1922/4279/731 1881/4282/731
f 1881/4282/731 1880/4189/731 1933/4178/731
f 1904/4163/737 1921/4211/737 1929/4191/737
f 1870/4217/730 1931/4176/730 1889/4193/730
f 1931/4176/730 1927/4196/730 1890/4194/730
f 1879/4175/721 1881/4283/721 1922/4195/721
f 1875/4224/726 1932/4164/726 1887/4197/726
f 1932/4164/726 1918/4154/726 1888/4198/726
f 1893/4150/738 1887/4261/738 1888/4284/738
f 1888/4284/738 1886/4285/738 1893/4150/738
f 1886/4285/738 1885/4199/738 1893/4150/738
f 1891/4201/738 1889/4266/738 1890/4202/738
f 1898/4206/739 1899/4230/739 1895/4204/739
f 1899/4230/739 1896/4236/739 1895/4204/739
f 1900/4207/740 1902/4286/740 1903/4208/740
f 1883/4287/741 1863/4170/741 1872/4210/741
f 1863/4170/741 1926/4169/741 1872/4210/741
f 1906/4162/742 1928/4288/742 1921/4211/742
f 1880/4212/743 1881/4289/743 1879/4213/743
f 1903/4253/755 1917/4259/754 1901/4216/744
f 1917/4259/754 1930/4142/718 1901/4216/744
f 1870/4217/745 1871/4215/745 1930/4142/745
f 1912/4218/746 1917/4259/746 1914/4219/746
f 1861/4290/729 1880/4212/729 1852/4222/729
f 1880/4212/729 1878/4214/729 1852/4222/729
f 1878/4214/729 1858/4291/729 1854/4292/729
f 1858/4291/729 1859/4293/729 1854/4292/729
f 1859/4293/729 1910/4294/729 1853/4295/729
f 1910/4294/729 1909/4240/729 1853/4295/729
f 1853/4295/729 1854/4292/729 1859/4293/729
f 1882/4228/729 1874/4296/729 1851/4223/729
f 1874/4296/729 1860/4221/729 1851/4223/729
f 1878/4214/729 1854/4292/729 1852/4222/729
f 1860/4221/729 1861/4290/729 1852/4222/729
f 1933/4167/727 1932/4164/727 1875/4224/727
f 1877/4227/743 1874/4296/743 1882/4228/743
f 1882/4228/743 1883/4275/743 1872/4297/743
f 1872/4297/743 1873/4226/743 1882/4228/743
f 1930/4142/745 1859/4141/745 1858/4229/745
f 1929/4191/728 1896/4236/728 1899/4230/728
f 1899/4230/728 1884/4298/728 1926/4169/728
f 1924/4231/747 1925/4245/747 1865/4232/747
f 1890/4194/721 1927/4196/721 1922/4195/721
f 1853/4235/747 1925/4245/747 1924/4231/747
f 1921/4211/742 1928/4288/742 1897/4205/742
f 1929/4191/737 1921/4211/737 1895/4204/737
f 1898/4238/724 1897/4299/724 1920/4160/724
f 1897/4299/724 1928/4273/724 1920/4160/724
f 1888/4198/721 1918/4154/721 1923/4153/722
f 1909/4240/748 1910/4294/748 1912/4241/748
f 1925/4245/751 1853/4235/756 1909/4243/749
f 1909/4243/749 1911/4300/752 1914/4244/750
f 1920/4144/719 1916/4260/719 1868/4246/719
f 1916/4182/733 1919/4187/732 1867/4248/732
f 1915/4251/736 1864/4301/736 1862/4250/736
f 1862/4250/736 1867/4248/732 1919/4187/732
f 1915/4156/723 1924/4231/723 1866/4233/723
f 1914/4219/746 1917/4259/746 1903/4253/746
f 1900/4256/753 1865/4232/756 1925/4245/751
f 1925/4245/751 1914/4244/750 1900/4256/753
f 1886/4257/734 1923/4186/722 1913/4185/735
f 1926/4169/741 1884/4298/741 1885/4258/741
f 1884/4298/741 1894/4302/741 1885/4258/741
o Cube.057_Cube.062
v -0.059299 0.077314 2.500896
v 0.059299 0.077314 2.500896
v 0.081340 0.062725 2.304032
v -0.081340 0.062725 2.304032
v -0.081340 0.113361 2.229206
v -0.059299 0.107161 2.479357
v 0.081340 0.113361 2.229206
v 0.059299 0.107161 2.479357
v 0.025748 0.141651 2.454465
v 0.036435 0.159523 2.160991
v -0.025748 0.141651 2.454465
v -0.036435 0.159523 2.160991
v 0.081340 0.113361 2.474882
v 0.036435 0.159523 2.441567
v -0.081340 0.059442 2.513795
v -0.081340 0.113361 2.474882
v 0.081340 0.059442 2.513795
v -0.036435 0.159523 2.441567
v 0.059299 0.107161 2.452209
v 0.025748 0.141651 2.427317
v -0.059299 0.077314 2.473748
v -0.059299 0.107161 2.452209
v 0.059299 0.077314 2.473748
v -0.025748 0.141651 2.427317
vt 0.846438 0.700139
vt 0.867711 0.767999
vt 0.847972 0.798174
vt 0.562862 0.514132
vt 0.554076 0.505783
vt 0.562862 0.499442
vt 0.829038 0.246018
vt 0.848785 0.161565
vt 0.847251 0.259601
vt 0.511172 0.581280
vt 0.540253 0.581280
vt 0.558174 0.608647
vt 0.828225 0.713721
vt 0.612445 0.589333
vt 0.583363 0.701308
vt 0.583363 0.589333
vt 0.868524 0.191741
vt 0.868524 0.275465
vt 0.558174 0.722389
vt 0.493250 0.638667
vt 0.558174 0.638667
vt 0.587628 0.706456
vt 0.565442 0.714604
vt 0.621570 0.724986
vt 0.630366 0.714604
vt 0.630366 0.730134
vt 0.574238 0.724986
vt 0.574238 0.716390
vt 0.608180 0.706456
vt 0.621570 0.716390
vt 0.612445 0.701308
vt 0.565442 0.730134
vt 0.298015 0.470550
vt 0.311405 0.460616
vt 0.345347 0.470550
vt 0.562862 0.531107
vt 0.554076 0.520472
vt 0.298015 0.489981
vt 0.345347 0.479147
vt 0.345347 0.489981
vt 0.554076 0.571453
vt 0.562862 0.560819
vt 0.562862 0.577794
vt 0.554076 0.554478
vt 0.562862 0.546129
vt 0.758774 0.359062
vt 0.747940 0.338510
vt 0.758774 0.338510
vt 0.867711 0.684274
vt 0.830791 0.134057
vt 0.493250 0.608647
vt 0.829978 0.825683
vt 0.493250 0.722389
vt 0.331957 0.460616
vt 0.298015 0.479147
vt 0.554076 0.537447
vt 0.554076 0.539789
vt 0.747940 0.359062
vn 1.0000 0.0000 0.0000
vn -0.9688 -0.2479 0.0000
vn -1.0000 -0.0000 0.0000
vn -0.7168 0.6973 0.0000
vn 0.0000 -0.8282 -0.5604
vn 0.7168 0.6973 0.0000
vn 0.0000 1.0000 -0.0000
vn 0.0000 -0.9999 -0.0157
vn 0.0000 0.5852 0.8109
vn -0.4397 -0.8982 0.0000
vn -0.8606 -0.5092 0.0000
vn 0.4397 -0.8982 0.0000
vn 0.8606 -0.5092 0.0000
vn 0.3184 -0.9479 0.0000
vn 0.9688 -0.2479 0.0000
vn -0.3184 -0.9479 0.0000
usemtl Metal.001
s 1
f 1946/4303/757 1936/4304/757 1940/4305/757
f 1941/4306/758 1956/4307/759 1935/4308/759
f 1951/4309/760 1938/4310/760 1949/4311/760
f 1945/4312/761 1943/4313/761 1940/4314/761
f 1940/4305/762 1947/4315/762 1946/4303/762
f 1945/4316/763 1947/4317/763 1943/4318/763
f 1949/4311/759 1937/4319/759 1948/4320/759
f 1950/4321/764 1937/4322/764 1936/4323/764
f 1942/4324/765 1946/4325/765 1947/4317/765
f 1934/4326/765 1949/4327/765 1948/4328/765
f 1935/4329/765 1946/4325/765 1941/4330/765
f 1944/4331/765 1949/4327/765 1939/4332/765
f 1942/4324/765 1951/4333/765 1944/4331/765
f 1935/4329/765 1948/4328/765 1950/4334/765
f 1952/4335/765 1953/4336/765 1955/4337/765
f 1942/4338/766 1952/4339/767 1941/4306/758
f 1935/4340/763 1954/4341/763 1934/4342/763
f 1944/4343/768 1955/4344/769 1957/4345/770
f 1939/4346/771 1954/4347/757 1955/4344/769
f 1944/4348/768 1953/4349/772 1942/4350/766
f 1946/4303/757 1950/4351/757 1936/4304/757
f 1941/4306/758 1952/4339/767 1956/4307/759
f 1951/4309/760 1945/4352/760 1938/4310/760
f 1940/4314/761 1936/4323/761 1937/4322/761
f 1937/4322/761 1938/4353/761 1940/4314/761
f 1938/4353/761 1945/4312/761 1940/4314/761
f 1940/4305/762 1943/4354/762 1947/4315/762
f 1945/4316/763 1951/4333/763 1947/4317/763
f 1949/4311/759 1938/4310/759 1937/4319/759
f 1950/4321/764 1948/4355/764 1937/4322/764
f 1942/4324/765 1941/4330/765 1946/4325/765
f 1934/4326/765 1939/4332/765 1949/4327/765
f 1935/4329/765 1950/4334/765 1946/4325/765
f 1944/4331/765 1951/4333/765 1949/4327/765
f 1942/4324/765 1947/4317/765 1951/4333/765
f 1935/4329/765 1934/4326/765 1948/4328/765
f 1953/4336/765 1957/4356/765 1955/4337/765
f 1955/4337/765 1954/4341/765 1956/4357/765
f 1956/4357/765 1952/4335/765 1955/4337/765
f 1942/4338/766 1953/4358/772 1952/4339/767
f 1935/4340/763 1956/4357/763 1954/4341/763
f 1944/4343/768 1939/4346/771 1955/4344/769
f 1939/4346/771 1934/4359/757 1954/4347/757
f 1944/4348/768 1957/4360/770 1953/4349/772
o Cube.056_Cube.061
v 0.075869 -0.364490 2.538612
v 0.075869 -0.109194 2.528084
v -0.075869 -0.364490 2.538612
v -0.075869 -0.109194 2.528084
v -0.075869 -0.377542 2.556636
v -0.075869 -0.097683 2.547185
v 0.075869 -0.377542 2.556636
v 0.075869 -0.097683 2.547185
v 0.030370 -0.400842 2.588812
v 0.035626 -0.081285 2.574396
v 0.000000 -0.364490 2.538612
v 0.000000 -0.400842 2.588812
v 0.000000 -0.081285 2.574396
v 0.000000 -0.109194 2.528084
v -0.030370 -0.400842 2.588812
v -0.035626 -0.081285 2.574396
vt 0.554837 0.435842
vt 0.561850 0.329538
vt 0.561850 0.441291
vt 0.732747 0.149378
vt 0.763025 0.251351
vt 0.732747 0.251351
vt 0.715841 0.570072
vt 0.727962 0.442410
vt 0.730059 0.570072
vt 0.720626 0.134057
vt 0.702468 0.143877
vt 0.763025 0.143877
vt 0.744867 0.134057
vt 0.702468 0.251351
vt 0.746120 0.452278
vt 0.732747 0.261718
vt 0.718529 0.261718
vt 0.685562 0.452278
vt 0.701623 0.570072
vt 0.685562 0.564024
vt 0.561850 0.327196
vt 0.554837 0.220892
vt 0.561850 0.215443
vt 0.703720 0.442410
vt 0.715841 0.442410
vt 0.746965 0.261718
vt 0.554076 0.333872
vt 0.763025 0.149378
vt 0.732747 0.134057
vt 0.702468 0.149378
vt 0.746120 0.564024
vt 0.702468 0.255627
vt 0.554076 0.322862
vt 0.763025 0.255627
vn 1.0000 -0.0000 0.0000
vn 0.0000 -0.0412 -0.9992
vn 0.0000 0.0451 0.9990
vn -0.0000 -0.8099 -0.5865
vn 0.5677 0.0278 0.8228
vn 0.0000 0.8565 -0.5162
vn -0.5677 0.0278 0.8228
vn -1.0000 -0.0000 0.0000
usemtl Metal.001
s 1
f 1958/4361/773 1965/4362/773 1964/4363/773
f 1968/4364/774 1961/4365/774 1971/4366/774
f 1970/4367/775 1966/4368/775 1967/4369/775
f 1966/4370/776 1968/4364/776 1964/4371/776
f 1962/4372/776 1968/4364/776 1972/4373/776
f 1959/4374/774 1968/4364/774 1971/4366/774
f 1964/4375/777 1967/4369/777 1966/4368/777
f 1971/4366/778 1970/4376/778 1967/4377/778
f 1962/4378/779 1973/4379/779 1963/4380/779
f 1963/4381/780 1960/4382/780 1962/4383/780
f 1970/4367/775 1972/4384/775 1969/4385/775
f 1973/4386/778 1970/4376/778 1971/4366/778
f 1958/4361/773 1959/4387/773 1965/4362/773
f 1968/4364/774 1960/4388/774 1961/4365/774
f 1970/4367/775 1969/4385/775 1966/4368/775
f 1969/4389/776 1968/4364/776 1966/4370/776
f 1968/4364/776 1958/4390/776 1964/4371/776
f 1960/4388/776 1968/4364/776 1962/4372/776
f 1968/4364/776 1969/4389/776 1972/4373/776
f 1959/4374/774 1958/4390/774 1968/4364/774
f 1964/4375/777 1965/4391/777 1967/4369/777
f 1967/4377/778 1965/4392/778 1971/4366/778
f 1965/4392/778 1959/4374/778 1971/4366/778
f 1962/4378/779 1972/4384/779 1973/4379/779
f 1963/4381/780 1961/4393/780 1960/4382/780
f 1970/4367/775 1973/4379/775 1972/4384/775
f 1961/4365/778 1963/4394/778 1971/4366/778
f 1963/4394/778 1973/4386/778 1971/4366/778
o Cube.055_Cube.060
v -0.081340 -0.600613 2.537207
v 0.081340 -0.600613 2.537207
v -0.081340 -0.641743 2.472242
v 0.081340 -0.641743 2.472242
v -0.081340 -0.497559 2.572126
v -0.081340 -0.503790 2.525114
v 0.081340 -0.497559 2.572126
v 0.081340 -0.503790 2.525114
vt 0.415115 0.792909
vt 0.480039 0.769042
vt 0.480039 0.792909
vt 0.951448 0.642811
vt 0.969784 0.608456
vt 0.969784 0.667418
vt 0.969202 0.145491
vt 0.950867 0.111136
vt 0.969202 0.086530
vt 0.480039 0.836334
vt 0.415115 0.836334
vt 0.271179 0.807899
vt 0.336103 0.816935
vt 0.271179 0.816935
vt 0.336103 0.807899
vt 0.271179 0.748937
vt 0.336103 0.748937
vt 0.415115 0.769042
vt 0.953154 0.599420
vt 0.952573 0.154527
vn 0.0000 -0.8449 0.5349
vn -1.0000 0.0000 0.0000
vn 1.0000 -0.0000 0.0000
vn 0.0000 -0.3209 0.9471
vn 0.0000 0.9913 -0.1314
vn 0.0000 0.3579 -0.9338
usemtl Metal.001
s 1
f 1974/4395/781 1977/4396/781 1975/4397/781
f 1974/4398/782 1979/4399/782 1976/4400/782
f 1981/4401/783 1975/4402/783 1977/4403/783
f 1974/4395/784 1980/4404/784 1978/4405/784
f 1981/4406/785 1978/4407/785 1980/4408/785
f 1979/4409/786 1977/4410/786 1976/4411/786
f 1974/4395/781 1976/4412/781 1977/4396/781
f 1974/4398/782 1978/4413/782 1979/4399/782
f 1981/4401/783 1980/4414/783 1975/4402/783
f 1974/4395/784 1975/4397/784 1980/4404/784
f 1981/4406/785 1979/4409/785 1978/4407/785
f 1979/4409/786 1981/4406/786 1977/4410/786
o Cube.054_Cube.059
v -0.081867 0.068862 1.497750
v -0.081867 0.053401 1.448524
v -0.081867 0.053401 1.487387
v -0.081867 0.072960 1.417670
v 0.081867 0.068862 1.497750
v 0.081867 0.053401 1.448524
v 0.081867 0.053401 1.487387
v -0.081867 0.008358 1.344821
v 0.081867 0.072960 1.417670
v -0.050412 -0.018507 1.314526
v -0.048494 -0.016907 1.564620
v 0.081867 0.008358 1.344821
v 0.050412 -0.018507 1.314526
v 0.048494 -0.016907 1.564620
v 0.081867 0.068862 1.609813
v 0.081867 0.011151 1.551699
v 0.061611 0.068862 1.660976
v 0.065726 -0.002191 1.581153
v 0.000000 0.068862 1.497750
v 0.000000 0.053401 1.448524
v 0.000000 -0.018507 1.314526
v 0.000000 -0.016907 1.564620
v 0.000000 0.068862 1.660976
v 0.000000 0.072960 1.417670
v 0.000000 0.053401 1.487387
v -0.081867 0.068862 1.609813
v -0.081867 0.011151 1.551699
v -0.061611 0.068862 1.660976
v -0.065726 -0.002191 1.581153
vt 0.708996 0.201129
vt 0.694126 0.195138
vt 0.694126 0.176917
vt 0.192105 0.972177
vt 0.163542 0.972177
vt 0.163542 0.947965
vt 0.710695 0.557988
vt 0.710936 0.569300
vt 0.699031 0.587894
vt 0.163542 0.923753
vt 0.192105 0.923753
vt 0.359541 0.524530
vt 0.381237 0.516821
vt 0.364068 0.533908
vt 0.694126 0.158695
vt 0.708996 0.152705
vt 0.894005 0.517378
vt 0.908348 0.443412
vt 0.908348 0.517378
vt 0.922690 0.517378
vt 0.927786 0.522296
vt 0.932560 0.452422
vt 0.932560 0.513610
vt 0.716199 0.604981
vt 0.694503 0.597272
vt 0.884135 0.452422
vt 0.893438 0.443412
vt 0.888909 0.522296
vt 0.360560 0.767415
vt 0.371856 0.743203
vt 0.371856 0.767415
vt 0.360560 0.718991
vt 0.371856 0.718991
vt 0.381894 0.718991
vt 0.749351 0.176917
vt 0.743891 0.152705
vt 0.749351 0.152705
vt 0.375973 0.552502
vt 0.375732 0.563815
vt 0.381894 0.767415
vt 0.743891 0.201129
vt 0.749351 0.201129
vt 0.741567 0.176917
vt 0.741567 0.201129
vt 0.203983 0.947965
vt 0.203983 0.962875
vt 0.696932 0.527668
vt 0.716199 0.549064
vt 0.715503 0.572362
vt 0.203983 0.933056
vt 0.380519 0.500870
vt 0.741567 0.152705
vt 0.923257 0.443412
vt 0.926569 0.546037
vt 0.908348 0.546037
vt 0.715482 0.620932
vt 0.884135 0.513610
vt 0.890126 0.546037
vt 0.360560 0.743203
vt 0.381894 0.743203
vt 0.743891 0.176917
vt 0.381237 0.572738
vt 0.361970 0.594134
vt 0.380540 0.549440
vn 0.0000 1.0000 0.0000
vn 0.0000 0.7482 -0.6635
vn 1.0000 -0.0000 0.0000
vn -0.8802 -0.3354 0.3358
vn -0.8763 -0.3377 0.3435
vn -0.8821 -0.3343 0.3320
vn 0.0000 -1.0000 0.0064
vn 0.0000 -0.7469 0.6649
vn 0.6454 -0.7638 0.0091
vn 0.6441 -0.7649 0.0099
vn 0.6457 -0.7636 0.0096
vn 0.8763 -0.3377 0.3435
vn 0.8802 -0.3354 0.3358
vn 0.8821 -0.3343 0.3320
vn -0.6441 -0.7649 0.0099
vn -0.6439 -0.7650 0.0098
vn -0.6454 -0.7638 0.0091
vn 0.0000 0.8446 0.5354
vn 0.0000 0.5568 -0.8307
vn -1.0000 0.0000 0.0000
vn -0.8749 -0.3385 0.3464
vn 0.6452 -0.7640 0.0075
vn 0.6439 -0.7650 0.0098
vn 0.8749 -0.3385 0.3464
vn -0.6452 -0.7640 0.0075
vn -0.6457 -0.7636 0.0096
usemtl Paint.001
s 1
f 2007/4415/787 2009/4416/787 2004/4417/787
f 1989/4418/788 1985/4419/788 2005/4420/788
f 1987/4421/789 1988/4422/789 1997/4423/789
f 2005/4420/788 1990/4424/788 1993/4425/788
f 2010/4426/790 2007/4427/791 2008/4428/792
f 2004/4417/787 1998/4429/787 1996/4430/787
f 1992/4431/793 2002/4432/793 2003/4433/793
f 2002/4432/793 1995/4434/793 2003/4433/793
f 2003/4433/794 1995/4434/794 1999/4435/794
f 1995/4434/795 1993/4436/796 1997/4437/797
f 1996/4438/798 1999/4439/799 1997/4423/800
f 1989/4440/801 1991/4441/802 1992/4431/803
f 2010/4442/794 1992/4431/794 2003/4433/794
f 1984/4443/787 2001/4444/787 1983/4445/787
f 2001/4444/787 1988/4446/787 1987/4447/787
f 1990/4448/804 2001/4444/804 1987/4447/804
f 2006/4449/805 1986/4450/805 1988/4451/805
f 1984/4452/806 1983/4453/806 2008/4428/806
f 2001/4444/804 1985/4454/804 1983/4445/804
f 1982/4455/805 2006/4449/805 1984/4456/805
f 2004/4417/787 2000/4457/787 2007/4415/787
f 2000/4457/787 1982/4458/787 2007/4415/787
f 2005/4420/788 2002/4459/788 1989/4418/788
f 2002/4459/788 1991/4460/788 1989/4418/788
f 1993/4461/789 1990/4462/789 1987/4421/789
f 1988/4422/789 1986/4463/789 1997/4423/789
f 1986/4463/789 1996/4438/789 1997/4423/789
f 1993/4461/789 1987/4421/789 1997/4423/789
f 1994/4464/788 2002/4459/788 1993/4425/788
f 2002/4459/788 2005/4420/788 1993/4425/788
f 2010/4426/790 2009/4465/807 2007/4427/791
f 1986/4466/787 2000/4457/787 1996/4430/787
f 2000/4457/787 2004/4417/787 1996/4430/787
f 1992/4431/793 1991/4441/793 2002/4432/793
f 2002/4432/793 1994/4467/793 1995/4434/793
f 1998/4468/794 2004/4469/794 1999/4435/794
f 2004/4469/794 2003/4433/794 1999/4435/794
f 1997/4437/797 1999/4435/808 1995/4434/795
f 1995/4434/795 1994/4467/809 1993/4436/796
f 1996/4438/798 1998/4470/810 1999/4439/799
f 1992/4431/803 2010/4442/811 2008/4471/812
f 2008/4471/812 1989/4440/801 1992/4431/803
f 2003/4433/794 2004/4469/794 2010/4442/794
f 2004/4469/794 2009/4472/794 2010/4442/794
f 1984/4443/787 2006/4473/787 2001/4444/787
f 2001/4444/787 2006/4473/787 1988/4446/787
f 1990/4448/804 2005/4474/804 2001/4444/804
f 2006/4449/805 2000/4475/805 1986/4450/805
f 1983/4453/806 1985/4476/806 1989/4477/806
f 1989/4477/806 2008/4428/806 1983/4453/806
f 2008/4428/806 2007/4427/806 1982/4478/806
f 1984/4452/806 2008/4428/806 1982/4478/806
f 2001/4444/804 2005/4474/804 1985/4454/804
f 1982/4455/805 2000/4475/805 2006/4449/805
o Cube.053_Cube.058
v 0.051544 0.004656 2.023790
v 0.051544 0.004656 1.794812
v -0.051544 0.004656 2.023790
v -0.051544 0.004656 1.794812
v 0.051544 0.046829 1.995005
v 0.051544 0.046512 1.824608
v -0.051544 0.046829 1.995005
v -0.051544 0.046512 1.824608
vt 0.565442 0.903320
vt 0.606583 0.811937
vt 0.606583 0.903320
vt 0.465782 0.918167
vt 0.482487 0.838675
vt 0.482487 0.930058
vt 0.965281 0.533793
vt 0.948577 0.454301
vt 0.965281 0.442410
vt 0.184591 0.895794
vt 0.225733 0.827790
vt 0.225733 0.895794
vt 0.184591 0.815868
vt 0.225733 0.815868
vt 0.225733 0.907251
vt 0.184591 0.907251
vt 0.565442 0.811937
vt 0.465656 0.850163
vt 0.948450 0.522305
vt 0.184591 0.827790
vn 0.0000 -1.0000 0.0000
vn 1.0000 0.0000 0.0000
vn -1.0000 0.0000 0.0000
vn 0.0000 1.0000 -0.0019
vn 0.0000 0.5799 -0.8147
vn 0.0000 0.5637 0.8259
usemtl Metal.001
s 1
f 2013/4479/813 2012/4480/813 2011/4481/813
f 2016/4482/814 2011/4483/814 2012/4484/814
f 2013/4485/815 2018/4486/815 2014/4487/815
f 2015/4488/816 2018/4489/816 2017/4490/816
f 2018/4489/817 2012/4491/817 2014/4492/817
f 2015/4488/818 2013/4493/818 2011/4494/818
f 2013/4479/813 2014/4495/813 2012/4480/813
f 2016/4482/814 2015/4496/814 2011/4483/814
f 2013/4485/815 2017/4497/815 2018/4486/815
f 2015/4488/816 2016/4498/816 2018/4489/816
f 2018/4489/817 2016/4498/817 2012/4491/817
f 2015/4488/818 2017/4490/818 2013/4493/818
o Cube.052_Cube.057
v -0.104774 -0.236331 1.319407
v -0.104774 -0.279603 1.281274
v 0.104774 -0.236331 1.319407
v -0.104774 -0.276472 1.255664
v 0.104774 -0.279603 1.281274
v -0.056866 -0.014551 1.098943
v -0.055167 -0.269792 1.201039
v -0.104774 -0.016154 1.149724
v -0.068620 -0.018433 1.314610
v 0.104774 -0.276472 1.255664
v 0.056866 -0.014551 1.098943
v 0.055167 -0.269792 1.201039
v 0.104774 -0.016154 1.149724
v 0.068620 -0.018433 1.314610
v 0.077603 0.042806 1.096467
v 0.000000 -0.236331 1.425206
v 0.000000 -0.014551 1.098943
v 0.000000 -0.018433 1.314610
v 0.000000 0.042806 1.099203
v 0.000000 -0.236331 1.319407
v 0.000000 -0.269792 1.201039
v 0.000000 -0.279603 1.281274
v -0.077603 0.042806 1.096467
v 0.104774 -0.065717 1.298822
v 0.104774 -0.236331 1.383884
v 0.083475 -0.044398 1.327788
v 0.082546 -0.236331 1.425206
v -0.104774 -0.065717 1.298822
v -0.104774 -0.236331 1.383884
v -0.083475 -0.044398 1.327788
v -0.082546 -0.236331 1.425206
vt 0.092877 0.748092
vt 0.114189 0.745446
vt 0.077408 0.796291
vt 0.827599 0.369472
vt 0.852287 0.326309
vt 0.852287 0.375311
vt 0.702967 0.400726
vt 0.686651 0.480679
vt 0.686651 0.400726
vt 0.670335 0.400726
vt 0.686651 0.497296
vt 0.703469 0.480679
vt 0.709602 0.497455
vt 0.852287 0.441542
vt 0.872581 0.375311
vt 0.875238 0.442321
vt 0.791972 0.890910
vt 0.796285 0.890910
vt 0.796285 0.921897
vt 0.796285 0.952884
vt 0.791972 0.952884
vt 0.717638 0.477259
vt 0.669833 0.480679
vt 0.655664 0.477259
vt 0.109792 0.828433
vt 0.114189 0.850982
vt 0.064725 0.806983
vt 0.813343 0.921897
vt 0.813343 0.952884
vt 0.813343 0.890910
vt 0.825951 0.952884
vt 0.834030 0.921897
vt 0.663700 0.497455
vt 0.831993 0.375311
vt 0.876700 0.326309
vt 0.876975 0.369472
vt 0.825951 0.890910
vt 0.828466 0.251721
vt 0.877930 0.207722
vt 0.873533 0.230271
vt 0.856618 0.310611
vt 0.841149 0.262413
vt 0.877930 0.313257
vt 0.076263 0.739920
vt 0.065665 0.798350
vt 0.063858 0.734718
vt 0.840004 0.318784
vt 0.829406 0.260353
vt 0.107971 0.741363
vt 0.827874 0.326309
vt 0.782773 0.921897
vt 0.782773 0.905582
vt 0.782773 0.938213
vt 0.717638 0.395610
vt 0.655664 0.395610
vt 0.834030 0.946310
vt 0.829336 0.442321
vt 0.834030 0.897484
vt 0.871712 0.317340
vt 0.827599 0.323986
vn 1.0000 0.0000 0.0000
vn 0.0000 0.4526 0.8917
vn 0.0000 -0.3714 -0.9285
vn 0.0000 -0.1869 -0.9824
vn 0.0000 -0.0130 -0.9999
vn 0.0116 -0.1786 -0.9838
vn 0.0352 -0.0304 -0.9989
vn 0.0000 0.9625 0.2712
vn 0.0020 0.9620 0.2729
vn 0.0095 0.9626 0.2706
vn 0.0000 -0.9926 -0.1214
vn -0.6960 -0.2707 -0.6651
vn -0.6954 -0.2733 -0.6646
vn -0.6949 -0.2753 -0.6643
vn 0.6949 -0.2753 -0.6643
vn 0.6954 -0.2733 -0.6646
vn 0.6960 -0.2707 -0.6651
vn 0.8161 0.5470 0.1865
vn 0.8172 0.5453 0.1867
vn 0.8106 0.5554 0.1854
vn 0.0000 -0.6611 0.7503
vn 0.0000 -1.0000 -0.0000
vn -0.0116 -0.1786 -0.9838
vn -0.0352 -0.0304 -0.9989
vn -0.0020 0.9620 0.2729
vn 0.0000 0.9619 0.2735
vn -0.8106 0.5554 0.1854
vn -0.8172 0.5453 0.1867
vn -0.8161 0.5470 0.1865
vn -1.0000 0.0000 0.0000
vn 0.8571 0.2299 0.4610
vn -0.8571 0.2299 0.4610
vn -0.6940 -0.2795 -0.6635
vn 0.6940 -0.2795 -0.6635
vn 0.8095 0.5571 0.1852
vn -0.0095 0.9626 0.2706
vn -0.8095 0.5571 0.1852
usemtl Paint.001
s 1
f 2021/4499/819 2028/4500/819 2042/4501/819
f 2048/4502/820 2034/4503/820 2036/4504/820
f 2025/4505/821 2035/4506/822 2039/4507/821
f 2035/4506/822 2030/4508/821 2039/4507/821
f 2037/4509/823 2024/4510/824 2041/4511/825
f 2037/4512/826 2032/4513/827 2033/4514/828
f 2028/4515/829 2023/4516/829 2040/4517/829
f 2040/4517/829 2020/4518/829 2022/4519/829
f 2025/4505/830 2026/4520/831 2024/4510/832
f 2029/4521/833 2031/4522/834 2030/4508/835
f 2031/4523/836 2033/4524/837 2032/4525/838
f 2020/4518/839 2038/4526/839 2019/4527/839
f 2038/4526/839 2023/4516/839 2021/4528/839
f 2047/4529/840 2038/4526/840 2034/4530/840
f 2029/4521/841 2037/4509/823 2033/4531/842
f 2037/4512/826 2027/4532/843 2036/4504/844
f 2034/4503/820 2045/4533/820 2044/4534/820
f 2038/4526/840 2021/4528/840 2043/4535/840
f 2027/4536/845 2041/4537/846 2026/4538/847
f 2019/4539/848 2046/4540/848 2022/4541/848
f 2043/4542/849 2044/4543/849 2045/4544/849
f 2047/4545/850 2048/4546/850 2046/4540/850
f 2021/4499/819 2023/4547/819 2028/4500/819
f 2028/4500/819 2031/4523/819 2042/4501/819
f 2042/4501/819 2043/4542/819 2021/4499/819
f 2036/4504/820 2027/4532/820 2048/4502/820
f 2048/4502/820 2049/4548/820 2034/4503/820
f 2025/4505/821 2024/4510/824 2035/4506/822
f 2035/4506/822 2029/4521/841 2030/4508/821
f 2037/4509/823 2035/4506/822 2024/4510/824
f 2037/4512/826 2036/4504/844 2032/4513/827
f 2039/4549/829 2030/4550/829 2040/4517/829
f 2030/4550/829 2028/4515/829 2040/4517/829
f 2022/4519/829 2025/4551/829 2040/4517/829
f 2025/4551/829 2039/4549/829 2040/4517/829
f 2022/4552/830 2026/4520/831 2025/4505/830
f 2026/4520/831 2041/4511/851 2024/4510/832
f 2033/4531/852 2031/4522/834 2029/4521/833
f 2031/4522/834 2028/4553/835 2030/4508/835
f 2044/4543/853 2042/4501/853 2032/4525/838
f 2042/4501/853 2031/4523/836 2032/4525/838
f 2020/4518/839 2040/4517/839 2038/4526/839
f 2038/4526/839 2040/4517/839 2023/4516/839
f 2034/4530/840 2049/4554/840 2047/4529/840
f 2047/4529/840 2019/4527/840 2038/4526/840
f 2029/4521/841 2035/4506/822 2037/4509/823
f 2037/4512/826 2041/4555/854 2027/4532/843
f 2044/4534/820 2032/4513/820 2036/4504/820
f 2036/4504/820 2034/4503/820 2044/4534/820
f 2043/4535/840 2045/4556/840 2034/4530/840
f 2034/4530/840 2038/4526/840 2043/4535/840
f 2026/4538/847 2046/4540/855 2027/4536/845
f 2046/4540/855 2048/4546/855 2027/4536/845
f 2019/4539/848 2047/4545/848 2046/4540/848
f 2046/4540/848 2026/4538/848 2022/4541/848
f 2022/4541/848 2020/4557/848 2019/4539/848
f 2043/4542/849 2042/4501/849 2044/4543/849
f 2047/4545/850 2049/4558/850 2048/4546/850
o Cube.051_Cube.056
v 0.070765 -0.138004 0.879185
v -0.070765 -0.138004 0.879185
v -0.017785 -0.121578 0.893508
v 0.070765 -0.187616 1.008447
v -0.017785 -0.121578 0.822248
v 0.070765 -0.495093 1.133542
v 0.070765 -0.569959 1.058676
v 0.017785 -0.121578 0.893508
v 0.070765 -0.186862 0.900599
v -0.070765 -0.187616 1.008447
v 0.017785 -0.121578 0.822248
v -0.070765 -0.495093 1.133542
v -0.070765 -0.569959 1.058676
v -0.070765 -0.186862 0.900599
v -0.070765 -0.014556 0.811780
v 0.070765 -0.014556 0.811780
v -0.070765 -0.138004 0.782224
v -0.070765 -0.608952 1.074637
v 0.070765 -0.138004 0.782224
v -0.070765 -0.609688 1.181444
v 0.070765 -0.608952 1.074637
v 0.070765 -0.609688 1.181444
v -0.029016 -0.014551 1.098943
v -0.070765 -0.014552 1.056130
v 0.029016 -0.014551 1.098943
v 0.070765 -0.014552 1.056130
v 0.035780 -0.504858 1.291517
v 0.070765 -0.529483 1.265660
v 0.000000 -0.187616 1.008447
v 0.000000 -0.495093 1.133542
v 0.000000 -0.569959 1.058676
v 0.000000 -0.014556 0.811780
v 0.000000 -0.608952 1.074637
v 0.000000 -0.014551 1.098943
v 0.000000 -0.138004 0.782224
v 0.000000 -0.504858 1.291517
v 0.000000 -0.609688 1.181444
v -0.035780 -0.504858 1.291517
v -0.070765 -0.529483 1.265660
v -0.017785 -0.138004 0.879185
v -0.017785 -0.186862 0.900599
v -0.017785 -0.187008 0.921450
v -0.000000 -0.187008 0.921450
v 0.017785 -0.186862 0.900599
v 0.017785 -0.187008 0.921450
v 0.017785 -0.138004 0.879185
v 0.017785 -0.138004 0.829263
v -0.000000 -0.138004 0.829263
v -0.017785 -0.138004 0.829263
vt 0.667441 0.874551
vt 0.667441 0.909844
vt 0.646512 0.909844
vt 0.959938 0.111989
vt 0.939009 0.136802
vt 0.939009 0.104371
vt 0.625584 0.945973
vt 0.625584 0.909844
vt 0.659449 0.070492
vt 0.629569 0.042493
vt 0.691802 0.028398
vt 0.600274 0.847648
vt 0.579345 0.839889
vt 0.600274 0.839889
vt 0.266682 0.510279
vt 0.266677 0.412105
vt 0.299035 0.387957
vt 0.959938 0.168391
vt 0.959938 0.136802
vt 0.600274 0.939070
vt 0.621203 0.877783
vt 0.621203 0.939070
vt 0.621203 0.839889
vt 0.591693 0.832822
vt 0.600274 0.677037
vt 0.600274 0.832822
vt 0.625584 0.874551
vt 0.918081 0.111989
vt 0.928428 0.104371
vt 0.709026 0.709478
vt 0.718543 0.693809
vt 0.718543 0.709478
vt 0.621203 0.837565
vt 0.610856 0.677037
vt 0.621203 0.673150
vt 0.959575 0.093143
vt 0.959575 0.077474
vt 0.965742 0.077474
vt 0.608855 0.832822
vt 0.918081 0.168391
vt 0.918081 0.136802
vt 0.579345 0.837565
vt 0.589692 0.677037
vt 0.667441 0.945973
vt 0.600274 0.877783
vt 0.621203 0.847648
vt 0.579345 0.847648
vt 0.579345 0.877783
vt 0.991472 0.072214
vt 0.965742 0.072214
vt 0.965742 0.066954
vt 0.579345 0.939070
vt 0.761191 0.185460
vt 0.751675 0.201129
vt 0.751675 0.185460
vt 0.988315 0.942575
vt 0.988315 0.958244
vt 0.973550 0.958244
vt 0.959638 0.963504
vt 0.973550 0.963504
vt 0.973550 0.968764
vt 0.990495 0.795444
vt 0.996002 0.812082
vt 0.984093 0.794694
vt 0.945082 0.651430
vt 0.950364 0.651430
vt 0.950364 0.656690
vt 0.994368 0.598485
vt 0.997204 0.602942
vt 0.988861 0.615123
vt 0.763515 0.201129
vt 0.763515 0.188278
vt 0.768775 0.188278
vt 0.934245 0.790533
vt 0.944765 0.811608
vt 0.934245 0.811608
vt 0.646512 0.868368
vt 0.655094 0.868368
vt 0.949591 0.104371
vt 0.646512 0.945973
vt 0.659792 0.205398
vt 0.630615 0.193290
vt 0.659443 0.168666
vt 0.630589 0.180830
vt 0.691802 0.192814
vt 0.603007 0.031685
vt 0.624864 0.001162
vt 0.629989 0.058264
vt 0.299035 0.552373
vt 0.232098 0.579609
vt 0.236802 0.538278
vt 0.210240 0.549086
vt 0.237222 0.522507
vt 0.267025 0.375373
vt 0.237823 0.399941
vt 0.237848 0.387480
vt 0.939009 0.168391
vt 0.637931 0.868368
vt 0.709026 0.693809
vt 0.991472 0.093143
vt 0.579345 0.673150
vt 0.959575 0.066954
vt 0.959575 0.051286
vt 0.991472 0.051286
vt 0.761191 0.201129
vt 0.959638 0.942575
vt 0.988315 0.968764
vt 0.988315 0.984432
vt 0.959638 0.984432
vt 0.998838 0.807625
vt 0.995389 0.776942
vt 0.998838 0.782054
vt 0.950364 0.661949
vt 0.945082 0.661949
vt 0.997204 0.628513
vt 0.993755 0.633625
vt 0.982459 0.615873
vt 0.774035 0.188278
vt 0.774035 0.201129
vt 0.944765 0.790533
vn -0.0000 1.0000 -0.0000
vn 0.0000 -0.7241 0.6897
vn 0.0000 0.2328 -0.9725
vn 1.0000 0.0000 0.0000
vn 0.0000 -0.3788 -0.9255
vn -1.0000 0.0000 0.0000
vn 0.0000 -1.0000 -0.0069
vn 0.0000 -0.3768 -0.9263
vn 0.0000 0.3656 0.9308
vn 0.0000 -0.4014 -0.9159
vn 0.6887 0.2733 0.6716
vn -0.0000 -1.0000 -0.0070
vn -0.6887 0.2733 0.6716
vn 0.0000 0.7071 -0.7071
vn 0.0000 -1.0000 0.0000
vn 0.0000 0.3927 0.9196
vn 0.0000 -0.3927 -0.9196
usemtl Paint.001
s 1
f 2075/4559/856 2065/4560/856 2081/4561/856
f 2088/4562/857 2086/4563/857 2085/4564/857
f 2081/4561/858 2066/4565/858 2064/4566/858
f 2053/4567/859 2050/4568/859 2075/4569/859
f 2080/4570/860 2070/4571/860 2082/4572/860
f 2059/4573/861 2061/4574/861 2088/4575/861
f 2067/4576/862 2086/4563/862 2069/4577/862
f 2078/4578/863 2061/4579/863 2059/4580/863
f 2067/4581/860 2080/4570/860 2082/4572/860
f 2072/4582/864 2085/4583/864 2083/4584/864
f 2081/4561/856 2064/4566/856 2073/4585/856
f 2077/4586/857 2076/4587/857 2085/4564/857
f 2051/4588/865 2090/4589/865 2063/4590/865
f 2075/4591/866 2076/4592/866 2077/4593/866
f 2063/4594/867 2090/4595/867 2091/4596/867
f 2074/4597/864 2085/4583/864 2076/4592/864
f 2086/4563/862 2070/4598/862 2071/4599/862
f 2073/4600/868 2087/4601/868 2072/4582/868
f 2068/4602/858 2081/4561/858 2065/4560/858
f 2079/4603/869 2062/4604/869 2061/4579/869
f 2056/4605/869 2079/4603/869 2055/4606/869
f 2078/4607/867 2092/4608/867 2094/4609/867
f 2055/4606/863 2078/4578/863 2053/4610/863
f 2058/4611/865 2095/4612/865 2050/4613/865
f 2050/4614/870 2095/4615/870 2096/4616/870
f 2084/4617/870 2097/4618/870 2098/4619/870
f 2089/4620/859 2054/4621/859 2052/4622/859
f 2054/4623/871 2098/4624/871 2097/4625/871
f 2060/4626/861 2096/4627/861 2095/4628/861
f 2057/4629/872 2094/4630/872 2092/4631/872
f 2057/4632/870 2054/4633/870 2060/4634/870
f 2081/4561/856 2083/4635/856 2075/4559/856
f 2083/4635/856 2074/4636/856 2075/4559/856
f 2085/4564/857 2087/4637/857 2088/4562/857
f 2088/4562/857 2069/4577/857 2086/4563/857
f 2081/4561/858 2084/4638/858 2066/4565/858
f 2071/4639/859 2070/4640/859 2055/4641/859
f 2070/4640/859 2056/4642/859 2055/4641/859
f 2075/4569/859 2077/4643/859 2053/4567/859
f 2077/4643/859 2071/4639/859 2055/4641/859
f 2068/4644/859 2065/4645/859 2050/4568/859
f 2065/4645/859 2075/4569/859 2050/4568/859
f 2053/4567/859 2058/4646/859 2050/4568/859
f 2077/4643/859 2055/4641/859 2053/4567/859
f 2080/4570/860 2056/4605/860 2070/4571/860
f 2073/4647/861 2064/4648/861 2051/4649/861
f 2064/4648/861 2066/4650/861 2051/4649/861
f 2051/4649/861 2063/4651/861 2059/4573/861
f 2069/4652/861 2088/4575/861 2061/4574/861
f 2088/4575/861 2073/4647/861 2059/4573/861
f 2062/4653/861 2067/4654/861 2061/4574/861
f 2067/4654/861 2069/4652/861 2061/4574/861
f 2073/4647/861 2051/4649/861 2059/4573/861
f 2067/4576/862 2082/4655/862 2086/4563/862
f 2078/4578/863 2079/4603/863 2061/4579/863
f 2067/4581/860 2062/4604/860 2080/4570/860
f 2072/4582/864 2087/4601/864 2085/4583/864
f 2072/4656/856 2083/4635/856 2073/4585/856
f 2083/4635/856 2081/4561/856 2073/4585/856
f 2085/4564/857 2086/4563/857 2077/4586/857
f 2086/4563/857 2071/4599/857 2077/4586/857
f 2051/4588/865 2089/4657/865 2090/4589/865
f 2075/4591/866 2074/4597/866 2076/4592/866
f 2092/4608/867 2078/4607/867 2091/4596/867
f 2078/4607/867 2059/4658/867 2091/4596/867
f 2059/4658/867 2063/4594/867 2091/4596/867
f 2074/4597/864 2083/4584/864 2085/4583/864
f 2086/4563/862 2082/4655/862 2070/4598/862
f 2073/4600/868 2088/4659/868 2087/4601/868
f 2068/4602/858 2084/4638/858 2081/4561/858
f 2079/4603/869 2080/4570/869 2062/4604/869
f 2056/4605/869 2080/4570/869 2079/4603/869
f 2093/4660/867 2058/4661/867 2094/4609/867
f 2058/4661/867 2053/4662/867 2094/4609/867
f 2053/4662/867 2078/4607/867 2094/4609/867
f 2055/4606/863 2079/4603/863 2078/4578/863
f 2058/4611/865 2093/4663/865 2095/4612/865
f 2097/4618/870 2084/4617/870 2096/4616/870
f 2084/4617/870 2068/4664/870 2096/4616/870
f 2068/4664/870 2050/4614/870 2096/4616/870
f 2089/4665/870 2051/4666/870 2098/4619/870
f 2051/4666/870 2066/4667/870 2098/4619/870
f 2066/4667/870 2084/4617/870 2098/4619/870
f 2089/4620/859 2098/4668/859 2054/4621/859
f 2052/4622/859 2091/4669/859 2089/4620/859
f 2091/4669/859 2090/4670/859 2089/4620/859
f 2097/4625/871 2096/4671/871 2060/4672/871
f 2060/4672/871 2054/4623/871 2097/4625/871
f 2093/4673/861 2094/4674/861 2095/4628/861
f 2094/4674/861 2057/4675/861 2095/4628/861
f 2057/4675/861 2060/4626/861 2095/4628/861
f 2091/4676/872 2052/4677/872 2092/4631/872
f 2052/4677/872 2057/4629/872 2092/4631/872
f 2057/4632/870 2052/4678/870 2054/4633/870
o Cube.050_Cube.055
v -0.062254 -0.185715 0.242760
v 0.062254 -0.185715 0.242760
v -0.062254 -0.181891 0.256117
v 0.062254 -0.181891 0.256117
v 0.077272 -0.102887 -0.021823
v 0.062254 -0.186709 0.245149
v 0.062254 -0.187060 0.247192
v -0.077272 -0.102887 -0.021823
v 0.062254 -0.186947 0.249261
v -0.062254 -0.186709 0.245149
v 0.046251 -0.255447 0.308932
v 0.062254 -0.186377 0.251253
v 0.056311 -0.242284 -0.116241
v 0.062254 -0.185377 0.253069
v 0.062254 -0.183999 0.254616
v 0.077272 -0.214855 -0.097663
v 0.077272 -0.101431 0.366822
v 0.077272 -0.214856 0.302410
v 0.051982 -0.247947 0.312978
v 0.055570 -0.101337 0.392071
v 0.062254 -0.144732 0.276735
v 0.062254 -0.131376 0.272911
v 0.062254 -0.142344 0.277729
v 0.062254 -0.140301 0.278080
v 0.062254 -0.138232 0.277967
v 0.062254 -0.136240 0.277397
v 0.062254 -0.134424 0.276397
v 0.062254 -0.132877 0.275019
v 0.062254 -0.171992 0.238276
v 0.062254 -0.185348 0.242100
v 0.062254 -0.174381 0.237282
v 0.062254 -0.176423 0.236931
v 0.062254 -0.178492 0.237044
v 0.062254 -0.180485 0.237615
v 0.062254 -0.182300 0.238614
v 0.062254 -0.183848 0.239992
v 0.062254 -0.131009 0.272251
v 0.062254 -0.134833 0.258894
v 0.062254 -0.130015 0.269862
v 0.062254 -0.129665 0.267820
v 0.062254 -0.129777 0.265750
v 0.062254 -0.130348 0.263758
v 0.062254 -0.131347 0.261942
v 0.062254 -0.132726 0.260395
v 0.062254 -0.195511 0.242597
v 0.062254 -0.193927 0.238789
v 0.062254 -0.196209 0.246662
v 0.062254 -0.195985 0.250781
v 0.062254 -0.194849 0.254746
v 0.062254 -0.192860 0.258360
v 0.062254 -0.190117 0.261440
v 0.062254 -0.186757 0.263832
v 0.062254 -0.123661 0.277777
v 0.062254 -0.126053 0.281137
v 0.062254 -0.129133 0.283880
v 0.062254 -0.132747 0.285869
v 0.062254 -0.136712 0.287005
v 0.062254 -0.140830 0.287229
v 0.062254 -0.144896 0.286531
v 0.062254 -0.148704 0.284947
v 0.062254 -0.129967 0.251179
v 0.062254 -0.126607 0.253572
v 0.062254 -0.123864 0.256652
v 0.062254 -0.121875 0.260265
v 0.062254 -0.120740 0.264230
v 0.062254 -0.120515 0.268349
v 0.062254 -0.121213 0.272414
v 0.062254 -0.122798 0.276222
v 0.062254 -0.193064 0.237234
v 0.062254 -0.190671 0.233874
v 0.062254 -0.187591 0.231131
v 0.062254 -0.183978 0.229142
v 0.062254 -0.180012 0.228006
v 0.062254 -0.175894 0.227782
v 0.062254 -0.171829 0.228480
v 0.062254 -0.168021 0.230065
v 0.052864 -0.186709 0.245149
v 0.052864 -0.185715 0.242760
v 0.052864 -0.187060 0.247192
v 0.052864 -0.186947 0.249261
v 0.052864 -0.186377 0.251253
v 0.052864 -0.185377 0.253069
v 0.052864 -0.183999 0.254616
v 0.052864 -0.181891 0.256117
v 0.052864 -0.131376 0.272911
v 0.052864 -0.132877 0.275019
v 0.052864 -0.134424 0.276397
v 0.052864 -0.136240 0.277397
v 0.052864 -0.138232 0.277967
v 0.052864 -0.140301 0.278080
v 0.052864 -0.142344 0.277729
v 0.052864 -0.144732 0.276735
v 0.052864 -0.134833 0.258894
v 0.052864 -0.132726 0.260395
v 0.052864 -0.131347 0.261942
v 0.052864 -0.130348 0.263758
v 0.052864 -0.129777 0.265750
v 0.052864 -0.129665 0.267820
v 0.052864 -0.130015 0.269862
v 0.052864 -0.131009 0.272251
v 0.052864 -0.185348 0.242100
v 0.052864 -0.183848 0.239992
v 0.052864 -0.182300 0.238614
v 0.052864 -0.180485 0.237615
v 0.052864 -0.178492 0.237044
v 0.052864 -0.176423 0.236931
v 0.052864 -0.174381 0.237282
v 0.052864 -0.171992 0.238276
v 0.062254 -0.185715 0.165479
v 0.062254 -0.181891 0.178836
v 0.062254 -0.186709 0.167868
v 0.062254 -0.187060 0.169910
v 0.062254 -0.186947 0.171980
v 0.062254 -0.186377 0.173972
v 0.062254 -0.185377 0.175788
v 0.062254 -0.183999 0.177335
v 0.062254 -0.144732 0.199454
v 0.062254 -0.131376 0.195630
v 0.062254 -0.142344 0.200448
v 0.062254 -0.140301 0.200799
v 0.062254 -0.138232 0.200686
v 0.062254 -0.136240 0.200116
v 0.062254 -0.134424 0.199116
v 0.062254 -0.132877 0.197738
v 0.062254 -0.171992 0.160995
v 0.062254 -0.185348 0.164819
v 0.062254 -0.174381 0.160001
v 0.062254 -0.176423 0.159650
v 0.062254 -0.178492 0.159763
v 0.062254 -0.180485 0.160334
v 0.062254 -0.182300 0.161333
v 0.062254 -0.183848 0.162711
v 0.062254 -0.131009 0.194970
v 0.062254 -0.134833 0.181613
v 0.062254 -0.130015 0.192581
v 0.062254 -0.129665 0.190539
v 0.062254 -0.129777 0.188469
v 0.062254 -0.130348 0.186477
v 0.062254 -0.131347 0.184661
v 0.062254 -0.132726 0.183114
v 0.062254 -0.195511 0.165316
v 0.062254 -0.193927 0.161508
v 0.062254 -0.196209 0.169381
v 0.062254 -0.195985 0.173500
v 0.062254 -0.194849 0.177465
v 0.062254 -0.192860 0.181079
v 0.062254 -0.190117 0.184159
v 0.062254 -0.186757 0.186551
v 0.062254 -0.123661 0.200496
v 0.062254 -0.126053 0.203856
v 0.062254 -0.129133 0.206599
v 0.062254 -0.132747 0.208588
v 0.062254 -0.136712 0.209724
v 0.062254 -0.140830 0.209948
v 0.062254 -0.144896 0.209250
v 0.062254 -0.148704 0.207666
v 0.062254 -0.129967 0.173898
v 0.062254 -0.126607 0.176290
v 0.062254 -0.123864 0.179371
v 0.062254 -0.121875 0.182984
v 0.062254 -0.120740 0.186949
v 0.062254 -0.120515 0.191068
v 0.062254 -0.121213 0.195133
v 0.062254 -0.122798 0.198941
v 0.062254 -0.193064 0.159953
v 0.062254 -0.190671 0.156593
v 0.062254 -0.187591 0.153850
v 0.062254 -0.183978 0.151861
v 0.062254 -0.180012 0.150725
v 0.062254 -0.175894 0.150501
v 0.062254 -0.171829 0.151199
v 0.062254 -0.168021 0.152784
v 0.052864 -0.186709 0.167868
v 0.052864 -0.185715 0.165479
v 0.052864 -0.187060 0.169910
v 0.052864 -0.186947 0.171980
v 0.052864 -0.186377 0.173972
v 0.052864 -0.185377 0.175788
v 0.052864 -0.183999 0.177335
v 0.052864 -0.181891 0.178836
v 0.052864 -0.131376 0.195630
v 0.052864 -0.132877 0.197738
v 0.052864 -0.134424 0.199116
v 0.052864 -0.136240 0.200116
v 0.052864 -0.138232 0.200686
v 0.052864 -0.140301 0.200799
v 0.052864 -0.142344 0.200448
v 0.052864 -0.144732 0.199454
v 0.052864 -0.134833 0.181613
v 0.052864 -0.132726 0.183114
v 0.052864 -0.131347 0.184661
v 0.052864 -0.130348 0.186477
v 0.052864 -0.129777 0.188469
v 0.052864 -0.129665 0.190539
v 0.052864 -0.130015 0.192581
v 0.052864 -0.131009 0.194970
v 0.052864 -0.185348 0.164819
v 0.052864 -0.183848 0.162711
v 0.052864 -0.182300 0.161333
v 0.052864 -0.180485 0.160334
v 0.052864 -0.178492 0.159763
v 0.052864 -0.176423 0.159650
v 0.052864 -0.174381 0.160001
v 0.052864 -0.171992 0.160995
v 0.062254 -0.185715 0.088198
v 0.062254 -0.181891 0.101555
v 0.062254 -0.186709 0.090587
v 0.062254 -0.187060 0.092629
v 0.062254 -0.186947 0.094699
v 0.062254 -0.186377 0.096691
v 0.062254 -0.185377 0.098507
v 0.062254 -0.183999 0.100054
v 0.062254 -0.144732 0.122173
v 0.062254 -0.131376 0.118349
v 0.062254 -0.142344 0.123167
v 0.062254 -0.140301 0.123518
v 0.062254 -0.138232 0.123405
v 0.062254 -0.136240 0.122834
v 0.062254 -0.134424 0.121835
v 0.062254 -0.132877 0.120457
v 0.062254 -0.171992 0.083714
v 0.062254 -0.185348 0.087538
v 0.062254 -0.174381 0.082720
v 0.062254 -0.176423 0.082369
v 0.062254 -0.178492 0.082482
v 0.062254 -0.180485 0.083052
v 0.062254 -0.182300 0.084052
v 0.062254 -0.183848 0.085430
v 0.062254 -0.131009 0.117689
v 0.062254 -0.134833 0.104332
v 0.062254 -0.130015 0.115300
v 0.062254 -0.129665 0.113257
v 0.062254 -0.129777 0.111188
v 0.062254 -0.130348 0.109196
v 0.062254 -0.131347 0.107380
v 0.062254 -0.132726 0.105833
v 0.062254 -0.195511 0.088035
v 0.062254 -0.193927 0.084227
v 0.062254 -0.196209 0.092100
v 0.062254 -0.195985 0.096219
v 0.062254 -0.194849 0.100184
v 0.062254 -0.192860 0.103797
v 0.062254 -0.190117 0.106878
v 0.062254 -0.186757 0.109270
v 0.062254 -0.123661 0.123215
v 0.062254 -0.126053 0.126575
v 0.062254 -0.129133 0.129318
v 0.062254 -0.132747 0.131307
v 0.062254 -0.136712 0.132443
v 0.062254 -0.140830 0.132667
v 0.062254 -0.144896 0.131969
v 0.062254 -0.148704 0.130384
v 0.062254 -0.129967 0.096617
v 0.062254 -0.126607 0.099009
v 0.062254 -0.123864 0.102089
v 0.062254 -0.121875 0.105703
v 0.062254 -0.120740 0.109668
v 0.062254 -0.120515 0.113787
v 0.062254 -0.121213 0.117852
v 0.062254 -0.122798 0.121660
v 0.062254 -0.193064 0.082672
v 0.062254 -0.190671 0.079312
v 0.062254 -0.187591 0.076569
v 0.062254 -0.183978 0.074580
v 0.062254 -0.180012 0.073444
v 0.062254 -0.175894 0.073220
v 0.062254 -0.171829 0.073918
v 0.062254 -0.168021 0.075502
v 0.052864 -0.186709 0.090587
v 0.052864 -0.185715 0.088198
v 0.052864 -0.187060 0.092629
v 0.052864 -0.186947 0.094699
v 0.052864 -0.186377 0.096691
v 0.052864 -0.185377 0.098507
v 0.052864 -0.183999 0.100054
v 0.052864 -0.181891 0.101555
v 0.052864 -0.131376 0.118349
v 0.052864 -0.132877 0.120457
v 0.052864 -0.134424 0.121835
v 0.052864 -0.136240 0.122834
v 0.052864 -0.138232 0.123405
v 0.052864 -0.140301 0.123518
v 0.052864 -0.142344 0.123167
v 0.052864 -0.144732 0.122173
v 0.052864 -0.134833 0.104332
v 0.052864 -0.132726 0.105833
v 0.052864 -0.131347 0.107380
v 0.052864 -0.130348 0.109196
v 0.052864 -0.129777 0.111188
v 0.052864 -0.129665 0.113257
v 0.052864 -0.130015 0.115300
v 0.052864 -0.131009 0.117689
v 0.052864 -0.185348 0.087538
v 0.052864 -0.183848 0.085430
v 0.052864 -0.182300 0.084052
v 0.052864 -0.180485 0.083052
v 0.052864 -0.178492 0.082482
v 0.052864 -0.176423 0.082369
v 0.052864 -0.174381 0.082720
v 0.052864 -0.171992 0.083714
v 0.062254 -0.185715 0.010917
v 0.062254 -0.181891 0.024274
v 0.062254 -0.186709 0.013306
v 0.062254 -0.187060 0.015348
v 0.062254 -0.186947 0.017418
v 0.062254 -0.186377 0.019410
v 0.062254 -0.185377 0.021226
v 0.062254 -0.183999 0.022773
v 0.062254 -0.144732 0.044892
v 0.062254 -0.131376 0.041068
v 0.062254 -0.142344 0.045886
v 0.062254 -0.140301 0.046237
v 0.062254 -0.138232 0.046124
v 0.062254 -0.136240 0.045553
v 0.062254 -0.134424 0.044554
v 0.062254 -0.132877 0.043176
v 0.062254 -0.171992 0.006433
v 0.062254 -0.185348 0.010257
v 0.062254 -0.174381 0.005439
v 0.062254 -0.176423 0.005088
v 0.062254 -0.178492 0.005201
v 0.062254 -0.180485 0.005771
v 0.062254 -0.182300 0.006771
v 0.062254 -0.183848 0.008149
v 0.062254 -0.131009 0.040407
v 0.062254 -0.134833 0.027051
v 0.062254 -0.130015 0.038019
v 0.062254 -0.129665 0.035976
v 0.062254 -0.129777 0.033907
v 0.062254 -0.130348 0.031915
v 0.062254 -0.131347 0.030099
v 0.062254 -0.132726 0.028552
v 0.062254 -0.195511 0.010754
v 0.062254 -0.193927 0.006946
v 0.062254 -0.196209 0.014819
v 0.062254 -0.195985 0.018938
v 0.062254 -0.194849 0.022903
v 0.062254 -0.192860 0.026516
v 0.062254 -0.190117 0.029596
v 0.062254 -0.186757 0.031989
v 0.062254 -0.123661 0.045934
v 0.062254 -0.126053 0.049294
v 0.062254 -0.129133 0.052037
v 0.062254 -0.132747 0.054026
v 0.062254 -0.136712 0.055161
v 0.062254 -0.140830 0.055386
v 0.062254 -0.144896 0.054688
v 0.062254 -0.148704 0.053103
v 0.062254 -0.129967 0.019336
v 0.062254 -0.126607 0.021728
v 0.062254 -0.123864 0.024808
v 0.062254 -0.121875 0.028422
v 0.062254 -0.120740 0.032387
v 0.062254 -0.120515 0.036506
v 0.062254 -0.121213 0.040571
v 0.062254 -0.122798 0.044379
v 0.062254 -0.193064 0.005391
v 0.062254 -0.190671 0.002031
v 0.062254 -0.187591 -0.000712
v 0.062254 -0.183978 -0.002702
v 0.062254 -0.180012 -0.003837
v 0.062254 -0.175894 -0.004061
v 0.062254 -0.171829 -0.003363
v 0.062254 -0.168021 -0.001779
v 0.052864 -0.186709 0.013306
v 0.052864 -0.185715 0.010917
v 0.052864 -0.187060 0.015348
v 0.052864 -0.186947 0.017418
v 0.052864 -0.186377 0.019410
v 0.052864 -0.185377 0.021226
v 0.052864 -0.183999 0.022773
v 0.052864 -0.181891 0.024274
v 0.052864 -0.131376 0.041068
v 0.052864 -0.132877 0.043176
v 0.052864 -0.134424 0.044554
v 0.052864 -0.136240 0.045553
v 0.052864 -0.138232 0.046124
v 0.052864 -0.140301 0.046237
v 0.052864 -0.142344 0.045886
v 0.052864 -0.144732 0.044892
v 0.052864 -0.134833 0.027051
v 0.052864 -0.132726 0.028552
v 0.052864 -0.131347 0.030099
v 0.052864 -0.130348 0.031915
v 0.052864 -0.129777 0.033907
v 0.052864 -0.129665 0.035976
v 0.052864 -0.130015 0.038019
v 0.052864 -0.131009 0.040407
v 0.052864 -0.185348 0.010257
v 0.052864 -0.183848 0.008149
v 0.052864 -0.182300 0.006771
v 0.052864 -0.180485 0.005771
v 0.052864 -0.178492 0.005201
v 0.052864 -0.176423 0.005088
v 0.052864 -0.174381 0.005439
v 0.052864 -0.171992 0.006433
v 0.077272 -0.171829 0.228480
v 0.077272 -0.168021 0.152784
v 0.077272 -0.136712 0.209724
v 0.077272 -0.136712 0.287005
v 0.077272 -0.168021 0.075502
v 0.077272 -0.168021 0.230065
v 0.077272 -0.193064 0.082672
v 0.077272 -0.140830 0.209948
v 0.077272 -0.140830 0.287229
v 0.077272 -0.193064 0.005391
v 0.077272 -0.193927 0.084227
v 0.077272 -0.193064 0.159953
v 0.077272 -0.193927 0.006946
v 0.077272 -0.144896 0.209250
v 0.077272 -0.129967 0.096617
v 0.077272 -0.193927 0.161508
v 0.077272 -0.144896 0.286531
v 0.077272 -0.129967 0.019336
v 0.077272 -0.129967 0.173898
v 0.077272 -0.168021 -0.001779
v 0.077272 -0.148704 0.207666
v 0.077272 -0.186757 0.109270
v 0.077272 -0.148704 0.284947
v 0.077272 -0.186757 0.031989
v 0.077272 -0.129967 0.251179
v 0.077272 -0.148704 0.130384
v 0.077272 -0.154365 0.127243
v 0.077272 -0.148704 0.053103
v 0.077272 -0.186757 0.186551
v 0.077272 -0.126607 0.176290
v 0.077272 -0.126607 0.253572
v 0.077272 -0.123661 0.123215
v 0.077272 -0.123661 0.045934
v 0.077272 -0.122798 0.121660
v 0.077272 -0.122798 0.044379
v 0.077272 -0.123864 0.179371
v 0.077272 -0.123661 0.200496
v 0.077272 -0.123864 0.256652
v 0.077272 -0.122798 0.198941
v 0.077272 -0.195511 0.088035
v 0.077272 -0.195511 0.010754
v 0.077272 -0.121875 0.182984
v 0.077272 -0.121875 0.260265
v 0.077272 -0.195511 0.165316
v 0.077272 -0.196209 0.092100
v 0.077272 -0.196209 0.014819
v 0.077272 -0.120740 0.186949
v 0.077272 -0.120740 0.264230
v 0.077272 -0.196209 0.169381
v 0.077272 -0.195985 0.096219
v 0.077272 -0.195985 0.018938
v 0.077272 -0.120515 0.191068
v 0.077272 -0.120515 0.268349
v 0.077272 -0.195985 0.173500
v 0.077272 -0.194849 0.100184
v 0.077272 -0.194849 0.022903
v 0.077272 -0.121213 0.195133
v 0.077272 -0.121213 0.272414
v 0.077272 -0.194849 0.177465
v 0.077272 -0.192860 0.103797
v 0.077272 -0.192860 0.026516
v 0.077272 -0.122798 0.276222
v 0.077272 -0.192860 0.181079
v 0.077272 -0.190117 0.106878
v 0.077272 -0.193064 0.237234
v 0.077272 -0.190117 0.029596
v 0.077272 -0.196209 0.246662
v 0.077272 -0.193927 0.238789
v 0.077272 -0.195511 0.242597
v 0.077272 -0.190671 0.156593
v 0.077272 -0.190117 0.184159
v 0.077272 -0.190671 0.233874
v 0.077272 -0.187591 0.153850
v 0.077272 -0.187591 0.231131
v 0.077272 -0.171829 0.151199
v 0.077272 -0.126053 0.126575
v 0.077272 -0.183978 0.151861
v 0.077272 -0.126053 0.049294
v 0.077272 -0.180012 0.150725
v 0.077272 -0.175894 0.150501
v 0.077272 -0.183978 0.229142
v 0.077272 -0.129133 0.052037
v 0.077272 -0.126053 0.203856
v 0.077272 -0.129133 0.129318
v 0.077272 -0.180012 0.228006
v 0.077272 -0.129133 0.206599
v 0.077272 -0.132747 0.054026
v 0.077272 -0.187591 0.076569
v 0.077272 -0.183978 0.074580
v 0.077272 -0.175894 0.073220
v 0.077272 -0.140830 0.055386
v 0.077272 -0.132747 0.131307
v 0.077272 -0.180012 0.073444
v 0.077272 -0.132747 0.208588
v 0.077272 -0.171829 0.073918
v 0.077272 -0.175894 0.227782
v 0.077272 -0.121875 0.028422
v 0.077272 -0.136712 0.055161
v 0.077272 -0.144896 0.054688
v 0.077272 -0.126607 0.021728
v 0.077272 -0.136712 0.132443
v 0.077272 -0.190671 0.002031
v 0.077272 -0.187591 -0.000712
v 0.077272 -0.171829 -0.003363
v 0.077272 -0.140830 0.132667
v 0.077272 -0.180012 -0.003837
v 0.077272 -0.175894 -0.004061
v 0.077272 -0.183978 -0.002702
v 0.077272 -0.144896 0.131969
v 0.077272 -0.123864 0.024808
v 0.077272 -0.190671 0.079312
v 0.077272 -0.126607 0.099009
v 0.077272 -0.123864 0.102089
v 0.077272 -0.121875 0.105703
v 0.077272 -0.120740 0.032387
v 0.077272 -0.120740 0.109668
v 0.077272 -0.120515 0.113787
v 0.077272 -0.120515 0.036506
v 0.077272 -0.121213 0.117852
v 0.077272 -0.121213 0.040571
v 0.077272 -0.126053 0.281137
v 0.077272 -0.129133 0.283880
v 0.077272 -0.132747 0.285869
v 0.077272 -0.123661 0.277777
v 0.077272 -0.192860 0.258360
v 0.077272 -0.190117 0.261440
v 0.077272 -0.186757 0.263832
v 0.077272 -0.195985 0.250781
v 0.077272 -0.194849 0.254746
v 0.000000 -0.255447 0.308932
v 0.000000 -0.242284 -0.116241
v 0.000000 -0.102887 -0.021823
v 0.000000 -0.101337 0.392071
v -0.062254 -0.187060 0.247192
v -0.062254 -0.186947 0.249261
v -0.046251 -0.255447 0.308932
v -0.062254 -0.186377 0.251253
v -0.056311 -0.242284 -0.116241
v -0.062254 -0.185377 0.253069
v -0.062254 -0.183999 0.254616
v -0.077272 -0.214855 -0.097663
v -0.077272 -0.101431 0.366822
v -0.077272 -0.214856 0.302410
v -0.051982 -0.247947 0.312978
v -0.055570 -0.101337 0.392071
v -0.062254 -0.144732 0.276735
v -0.062254 -0.131376 0.272911
v -0.062254 -0.142344 0.277729
v -0.062254 -0.140301 0.278080
v -0.062254 -0.138232 0.277967
v -0.062254 -0.136240 0.277397
v -0.062254 -0.134424 0.276397
v -0.062254 -0.132877 0.275019
v -0.062254 -0.171992 0.238276
v -0.062254 -0.185348 0.242100
v -0.062254 -0.174381 0.237282
v -0.062254 -0.176423 0.236931
v -0.062254 -0.178492 0.237044
v -0.062254 -0.180485 0.237615
v -0.062254 -0.182300 0.238614
v -0.062254 -0.183848 0.239992
v -0.062254 -0.131009 0.272251
v -0.062254 -0.134833 0.258894
v -0.062254 -0.130015 0.269862
v -0.062254 -0.129665 0.267820
v -0.062254 -0.129777 0.265750
v -0.062254 -0.130348 0.263758
v -0.062254 -0.131347 0.261942
v -0.062254 -0.132726 0.260395
v -0.062254 -0.195511 0.242597
v -0.062254 -0.193927 0.238789
v -0.062254 -0.196209 0.246662
v -0.062254 -0.195985 0.250781
v -0.062254 -0.194849 0.254746
v -0.062254 -0.192860 0.258360
v -0.062254 -0.190117 0.261440
v -0.062254 -0.186757 0.263832
v -0.062254 -0.123661 0.277777
v -0.062254 -0.126053 0.281137
v -0.062254 -0.129133 0.283880
v -0.062254 -0.132747 0.285869
v -0.062254 -0.136712 0.287005
v -0.062254 -0.140830 0.287229
v -0.062254 -0.144896 0.286531
v -0.062254 -0.148704 0.284947
v -0.062254 -0.129967 0.251179
v -0.062254 -0.126607 0.253572
v -0.062254 -0.123864 0.256652
v -0.062254 -0.121875 0.260265
v -0.062254 -0.120740 0.264230
v -0.062254 -0.120515 0.268349
v -0.062254 -0.121213 0.272414
v -0.062254 -0.122798 0.276222
v -0.062254 -0.193064 0.237234
v -0.062254 -0.190671 0.233874
v -0.062254 -0.187591 0.231131
v -0.062254 -0.183978 0.229142
v -0.062254 -0.180012 0.228006
v -0.062254 -0.175894 0.227782
v -0.062254 -0.171829 0.228480
v -0.062254 -0.168021 0.230065
v -0.052864 -0.186709 0.245149
v -0.052864 -0.185715 0.242760
v -0.052864 -0.187060 0.247192
v -0.052864 -0.186947 0.249261
v -0.052864 -0.186377 0.251253
v -0.052864 -0.185377 0.253069
v -0.052864 -0.183999 0.254616
v -0.052864 -0.181891 0.256117
v -0.052864 -0.131376 0.272911
v -0.052864 -0.132877 0.275019
v -0.052864 -0.134424 0.276397
v -0.052864 -0.136240 0.277397
v -0.052864 -0.138232 0.277967
v -0.052864 -0.140301 0.278080
v -0.052864 -0.142344 0.277729
v -0.052864 -0.144732 0.276735
v -0.052864 -0.134833 0.258894
v -0.052864 -0.132726 0.260395
v -0.052864 -0.131347 0.261942
v -0.052864 -0.130348 0.263758
v -0.052864 -0.129777 0.265750
v -0.052864 -0.129665 0.267820
v -0.052864 -0.130015 0.269862
v -0.052864 -0.131009 0.272251
v -0.052864 -0.185348 0.242100
v -0.052864 -0.183848 0.239992
v -0.052864 -0.182300 0.238614
v -0.052864 -0.180485 0.237615
v -0.052864 -0.178492 0.237044
v -0.052864 -0.176423 0.236931
v -0.052864 -0.174381 0.237282
v -0.052864 -0.171992 0.238276
v -0.062254 -0.185715 0.165479
v -0.062254 -0.181891 0.178836
v -0.062254 -0.186709 0.167868
v -0.062254 -0.187060 0.169910
v -0.062254 -0.186947 0.171980
v -0.062254 -0.186377 0.173972
v -0.062254 -0.185377 0.175788
v -0.062254 -0.183999 0.177335
v -0.062254 -0.144732 0.199454
v -0.062254 -0.131376 0.195630
v -0.062254 -0.142344 0.200448
v -0.062254 -0.140301 0.200799
v -0.062254 -0.138232 0.200686
v -0.062254 -0.136240 0.200116
v -0.062254 -0.134424 0.199116
v -0.062254 -0.132877 0.197738
v -0.062254 -0.171992 0.160995
v -0.062254 -0.185348 0.164819
v -0.062254 -0.174381 0.160001
v -0.062254 -0.176423 0.159650
v -0.062254 -0.178492 0.159763
v -0.062254 -0.180485 0.160334
v -0.062254 -0.182300 0.161333
v -0.062254 -0.183848 0.162711
v -0.062254 -0.131009 0.194970
v -0.062254 -0.134833 0.181613
v -0.062254 -0.130015 0.192581
v -0.062254 -0.129665 0.190539
v -0.062254 -0.129777 0.188469
v -0.062254 -0.130348 0.186477
v -0.062254 -0.131347 0.184661
v -0.062254 -0.132726 0.183114
v -0.062254 -0.195511 0.165316
v -0.062254 -0.193927 0.161508
v -0.062254 -0.196209 0.169381
v -0.062254 -0.195985 0.173500
v -0.062254 -0.194849 0.177465
v -0.062254 -0.192860 0.181079
v -0.062254 -0.190117 0.184159
v -0.062254 -0.186757 0.186551
v -0.062254 -0.123661 0.200496
v -0.062254 -0.126053 0.203856
v -0.062254 -0.129133 0.206599
v -0.062254 -0.132747 0.208588
v -0.062254 -0.136712 0.209724
v -0.062254 -0.140830 0.209948
v -0.062254 -0.144896 0.209250
v -0.062254 -0.148704 0.207666
v -0.062254 -0.129967 0.173898
v -0.062254 -0.126607 0.176290
v -0.062254 -0.123864 0.179371
v -0.062254 -0.121875 0.182984
v -0.062254 -0.120740 0.186949
v -0.062254 -0.120515 0.191068
v -0.062254 -0.121213 0.195133
v -0.062254 -0.122798 0.198941
v -0.062254 -0.193064 0.159953
v -0.062254 -0.190671 0.156593
v -0.062254 -0.187591 0.153850
v -0.062254 -0.183978 0.151861
v -0.062254 -0.180012 0.150725
v -0.062254 -0.175894 0.150501
v -0.062254 -0.171829 0.151199
v -0.062254 -0.168021 0.152784
v -0.052864 -0.186709 0.167868
v -0.052864 -0.185715 0.165479
v -0.052864 -0.187060 0.169910
v -0.052864 -0.186947 0.171980
v -0.052864 -0.186377 0.173972
v -0.052864 -0.185377 0.175788
v -0.052864 -0.183999 0.177335
v -0.052864 -0.181891 0.178836
v -0.052864 -0.131376 0.195630
v -0.052864 -0.132877 0.197738
v -0.052864 -0.134424 0.199116
v -0.052864 -0.136240 0.200116
v -0.052864 -0.138232 0.200686
v -0.052864 -0.140301 0.200799
v -0.052864 -0.142344 0.200448
v -0.052864 -0.144732 0.199454
v -0.052864 -0.134833 0.181613
v -0.052864 -0.132726 0.183114
v -0.052864 -0.131347 0.184661
v -0.052864 -0.130348 0.186477
v -0.052864 -0.129777 0.188469
v -0.052864 -0.129665 0.190539
v -0.052864 -0.130015 0.192581
v -0.052864 -0.131009 0.194970
v -0.052864 -0.185348 0.164819
v -0.052864 -0.183848 0.162711
v -0.052864 -0.182300 0.161333
v -0.052864 -0.180485 0.160334
v -0.052864 -0.178492 0.159763
v -0.052864 -0.176423 0.159650
v -0.052864 -0.174381 0.160001
v -0.052864 -0.171992 0.160995
v -0.062254 -0.185715 0.088198
v -0.062254 -0.181891 0.101555
v -0.062254 -0.186709 0.090587
v -0.062254 -0.187060 0.092629
v -0.062254 -0.186947 0.094699
v -0.062254 -0.186377 0.096691
v -0.062254 -0.185377 0.098507
v -0.062254 -0.183999 0.100054
v -0.062254 -0.144732 0.122173
v -0.062254 -0.131376 0.118349
v -0.062254 -0.142344 0.123167
v -0.062254 -0.140301 0.123518
v -0.062254 -0.138232 0.123405
v -0.062254 -0.136240 0.122834
v -0.062254 -0.134424 0.121835
v -0.062254 -0.132877 0.120457
v -0.062254 -0.171992 0.083714
v -0.062254 -0.185348 0.087538
v -0.062254 -0.174381 0.082720
v -0.062254 -0.176423 0.082369
v -0.062254 -0.178492 0.082482
v -0.062254 -0.180485 0.083052
v -0.062254 -0.182300 0.084052
v -0.062254 -0.183848 0.085430
v -0.062254 -0.131009 0.117689
v -0.062254 -0.134833 0.104332
v -0.062254 -0.130015 0.115300
v -0.062254 -0.129665 0.113257
v -0.062254 -0.129777 0.111188
v -0.062254 -0.130348 0.109196
v -0.062254 -0.131347 0.107380
v -0.062254 -0.132726 0.105833
v -0.062254 -0.195511 0.088035
v -0.062254 -0.193927 0.084227
v -0.062254 -0.196209 0.092100
v -0.062254 -0.195985 0.096219
v -0.062254 -0.194849 0.100184
v -0.062254 -0.192860 0.103797
v -0.062254 -0.190117 0.106878
v -0.062254 -0.186757 0.109270
v -0.062254 -0.123661 0.123215
v -0.062254 -0.126053 0.126575
v -0.062254 -0.129133 0.129318
v -0.062254 -0.132747 0.131307
v -0.062254 -0.136712 0.132443
v -0.062254 -0.140830 0.132667
v -0.062254 -0.144896 0.131969
v -0.062254 -0.148704 0.130384
v -0.062254 -0.129967 0.096617
v -0.062254 -0.126607 0.099009
v -0.062254 -0.123864 0.102089
v -0.062254 -0.121875 0.105703
v -0.062254 -0.120740 0.109668
v -0.062254 -0.120515 0.113787
v -0.062254 -0.121213 0.117852
v -0.062254 -0.122798 0.121660
v -0.062254 -0.193064 0.082672
v -0.062254 -0.190671 0.079312
v -0.062254 -0.187591 0.076569
v -0.062254 -0.183978 0.074580
v -0.062254 -0.180012 0.073444
v -0.062254 -0.175894 0.073220
v -0.062254 -0.171829 0.073918
v -0.062254 -0.168021 0.075502
v -0.052864 -0.186709 0.090587
v -0.052864 -0.185715 0.088198
v -0.052864 -0.187060 0.092629
v -0.052864 -0.186947 0.094699
v -0.052864 -0.186377 0.096691
v -0.052864 -0.185377 0.098507
v -0.052864 -0.183999 0.100054
v -0.052864 -0.181891 0.101555
v -0.052864 -0.131376 0.118349
v -0.052864 -0.132877 0.120457
v -0.052864 -0.134424 0.121835
v -0.052864 -0.136240 0.122834
v -0.052864 -0.138232 0.123405
v -0.052864 -0.140301 0.123518
v -0.052864 -0.142344 0.123167
v -0.052864 -0.144732 0.122173
v -0.052864 -0.134833 0.104332
v -0.052864 -0.132726 0.105833
v -0.052864 -0.131347 0.107380
v -0.052864 -0.130348 0.109196
v -0.052864 -0.129777 0.111188
v -0.052864 -0.129665 0.113257
v -0.052864 -0.130015 0.115300
v -0.052864 -0.131009 0.117689
v -0.052864 -0.185348 0.087538
v -0.052864 -0.183848 0.085430
v -0.052864 -0.182300 0.084052
v -0.052864 -0.180485 0.083052
v -0.052864 -0.178492 0.082482
v -0.052864 -0.176423 0.082369
v -0.052864 -0.174381 0.082720
v -0.052864 -0.171992 0.083714
v -0.062254 -0.185715 0.010917
v -0.062254 -0.181891 0.024274
v -0.062254 -0.186709 0.013306
v -0.062254 -0.187060 0.015348
v -0.062254 -0.186947 0.017418
v -0.062254 -0.186377 0.019410
v -0.062254 -0.185377 0.021226
v -0.062254 -0.183999 0.022773
v -0.062254 -0.144732 0.044892
v -0.062254 -0.131376 0.041068
v -0.062254 -0.142344 0.045886
v -0.062254 -0.140301 0.046237
v -0.062254 -0.138232 0.046124
v -0.062254 -0.136240 0.045553
v -0.062254 -0.134424 0.044554
v -0.062254 -0.132877 0.043176
v -0.062254 -0.171992 0.006433
v -0.062254 -0.185348 0.010257
v -0.062254 -0.174381 0.005439
v -0.062254 -0.176423 0.005088
v -0.062254 -0.178492 0.005201
v -0.062254 -0.180485 0.005771
v -0.062254 -0.182300 0.006771
v -0.062254 -0.183848 0.008149
v -0.062254 -0.131009 0.040407
v -0.062254 -0.134833 0.027051
v -0.062254 -0.130015 0.038019
v -0.062254 -0.129665 0.035976
v -0.062254 -0.129777 0.033907
v -0.062254 -0.130348 0.031915
v -0.062254 -0.131347 0.030099
v -0.062254 -0.132726 0.028552
v -0.062254 -0.195511 0.010754
v -0.062254 -0.193927 0.006946
v -0.062254 -0.196209 0.014819
v -0.062254 -0.195985 0.018938
v -0.062254 -0.194849 0.022903
v -0.062254 -0.192860 0.026516
v -0.062254 -0.190117 0.029596
v -0.062254 -0.186757 0.031989
v -0.062254 -0.123661 0.045934
v -0.062254 -0.126053 0.049294
v -0.062254 -0.129133 0.052037
v -0.062254 -0.132747 0.054026
v -0.062254 -0.136712 0.055161
v -0.062254 -0.140830 0.055386
v -0.062254 -0.144896 0.054688
v -0.062254 -0.148704 0.053103
v -0.062254 -0.129967 0.019336
v -0.062254 -0.126607 0.021728
v -0.062254 -0.123864 0.024808
v -0.062254 -0.121875 0.028422
v -0.062254 -0.120740 0.032387
v -0.062254 -0.120515 0.036506
v -0.062254 -0.121213 0.040571
v -0.062254 -0.122798 0.044379
v -0.062254 -0.193064 0.005391
v -0.062254 -0.190671 0.002031
v -0.062254 -0.187591 -0.000712
v -0.062254 -0.183978 -0.002702
v -0.062254 -0.180012 -0.003837
v -0.062254 -0.175894 -0.004061
v -0.062254 -0.171829 -0.003363
v -0.062254 -0.168021 -0.001779
v -0.052864 -0.186709 0.013306
v -0.052864 -0.185715 0.010917
v -0.052864 -0.187060 0.015348
v -0.052864 -0.186947 0.017418
v -0.052864 -0.186377 0.019410
v -0.052864 -0.185377 0.021226
v -0.052864 -0.183999 0.022773
v -0.052864 -0.181891 0.024274
v -0.052864 -0.131376 0.041068
v -0.052864 -0.132877 0.043176
v -0.052864 -0.134424 0.044554
v -0.052864 -0.136240 0.045553
v -0.052864 -0.138232 0.046124
v -0.052864 -0.140301 0.046237
v -0.052864 -0.142344 0.045886
v -0.052864 -0.144732 0.044892
v -0.052864 -0.134833 0.027051
v -0.052864 -0.132726 0.028552
v -0.052864 -0.131347 0.030099
v -0.052864 -0.130348 0.031915
v -0.052864 -0.129777 0.033907
v -0.052864 -0.129665 0.035976
v -0.052864 -0.130015 0.038019
v -0.052864 -0.131009 0.040407
v -0.052864 -0.185348 0.010257
v -0.052864 -0.183848 0.008149
v -0.052864 -0.182300 0.006771
v -0.052864 -0.180485 0.005771
v -0.052864 -0.178492 0.005201
v -0.052864 -0.176423 0.005088
v -0.052864 -0.174381 0.005439
v -0.052864 -0.171992 0.006433
v -0.077272 -0.171829 0.228480
v -0.077272 -0.168021 0.152784
v -0.077272 -0.136712 0.209724
v -0.077272 -0.136712 0.287005
v -0.077272 -0.168021 0.075502
v -0.077272 -0.168021 0.230065
v -0.077272 -0.193064 0.082672
v -0.077272 -0.140830 0.209948
v -0.077272 -0.140830 0.287229
v -0.077272 -0.193064 0.005391
v -0.077272 -0.193927 0.084227
v -0.077272 -0.193064 0.159953
v -0.077272 -0.193927 0.006946
v -0.077272 -0.144896 0.209250
v -0.077272 -0.129967 0.096617
v -0.077272 -0.193927 0.161508
v -0.077272 -0.144896 0.286531
v -0.077272 -0.129967 0.019336
v -0.077272 -0.129967 0.173898
v -0.077272 -0.168021 -0.001779
v -0.077272 -0.148704 0.207666
v -0.077272 -0.186757 0.109270
v -0.077272 -0.148704 0.284947
v -0.077272 -0.186757 0.031989
v -0.077272 -0.129967 0.251179
v -0.077272 -0.148704 0.130384
v -0.077272 -0.154365 0.127243
v -0.077272 -0.148704 0.053103
v -0.077272 -0.186757 0.186551
v -0.077272 -0.126607 0.176290
v -0.077272 -0.126607 0.253572
v -0.077272 -0.123661 0.123215
v -0.077272 -0.123661 0.045934
v -0.077272 -0.122798 0.121660
v -0.077272 -0.122798 0.044379
v -0.077272 -0.123864 0.179371
v -0.077272 -0.123661 0.200496
v -0.077272 -0.123864 0.256652
v -0.077272 -0.122798 0.198941
v -0.077272 -0.195511 0.088035
v -0.077272 -0.195511 0.010754
v -0.077272 -0.121875 0.182984
v -0.077272 -0.121875 0.260265
v -0.077272 -0.195511 0.165316
v -0.077272 -0.196209 0.092100
v -0.077272 -0.196209 0.014819
v -0.077272 -0.120740 0.186949
v -0.077272 -0.120740 0.264230
v -0.077272 -0.196209 0.169381
v -0.077272 -0.195985 0.096219
v -0.077272 -0.195985 0.018938
v -0.077272 -0.120515 0.191068
v -0.077272 -0.120515 0.268349
v -0.077272 -0.195985 0.173500
v -0.077272 -0.194849 0.100184
v -0.077272 -0.194849 0.022903
v -0.077272 -0.121213 0.195133
v -0.077272 -0.121213 0.272414
v -0.077272 -0.194849 0.177465
v -0.077272 -0.192860 0.103797
v -0.077272 -0.192860 0.026516
v -0.077272 -0.122798 0.276222
v -0.077272 -0.192860 0.181079
v -0.077272 -0.190117 0.106878
v -0.077272 -0.193064 0.237234
v -0.077272 -0.190117 0.029596
v -0.077272 -0.196209 0.246662
v -0.077272 -0.193927 0.238789
v -0.077272 -0.195511 0.242597
v -0.077272 -0.190671 0.156593
v -0.077272 -0.190117 0.184159
v -0.077272 -0.190671 0.233874
v -0.077272 -0.187591 0.153850
v -0.077272 -0.187591 0.231131
v -0.077272 -0.171829 0.151199
v -0.077272 -0.126053 0.126575
v -0.077272 -0.183978 0.151861
v -0.077272 -0.126053 0.049294
v -0.077272 -0.180012 0.150725
v -0.077272 -0.175894 0.150501
v -0.077272 -0.183978 0.229142
v -0.077272 -0.129133 0.052037
v -0.077272 -0.126053 0.203856
v -0.077272 -0.129133 0.129318
v -0.077272 -0.180012 0.228006
v -0.077272 -0.129133 0.206599
v -0.077272 -0.132747 0.054026
v -0.077272 -0.187591 0.076569
v -0.077272 -0.183978 0.074580
v -0.077272 -0.175894 0.073220
v -0.077272 -0.140830 0.055386
v -0.077272 -0.132747 0.131307
v -0.077272 -0.180012 0.073444
v -0.077272 -0.132747 0.208588
v -0.077272 -0.171829 0.073918
v -0.077272 -0.175894 0.227782
v -0.077272 -0.121875 0.028422
v -0.077272 -0.136712 0.055161
v -0.077272 -0.144896 0.054688
v -0.077272 -0.126607 0.021728
v -0.077272 -0.136712 0.132443
v -0.077272 -0.190671 0.002031
v -0.077272 -0.187591 -0.000712
v -0.077272 -0.171829 -0.003363
v -0.077272 -0.140830 0.132667
v -0.077272 -0.180012 -0.003837
v -0.077272 -0.175894 -0.004061
v -0.077272 -0.183978 -0.002702
v -0.077272 -0.144896 0.131969
v -0.077272 -0.123864 0.024808
v -0.077272 -0.190671 0.079312
v -0.077272 -0.126607 0.099009
v -0.077272 -0.123864 0.102089
v -0.077272 -0.121875 0.105703
v -0.077272 -0.120740 0.032387
v -0.077272 -0.120740 0.109668
v -0.077272 -0.120515 0.113787
v -0.077272 -0.120515 0.036506
v -0.077272 -0.121213 0.117852
v -0.077272 -0.121213 0.040571
v -0.077272 -0.126053 0.281137
v -0.077272 -0.129133 0.283880
v -0.077272 -0.132747 0.285869
v -0.077272 -0.123661 0.277777
v -0.077272 -0.192860 0.258360
v -0.077272 -0.190117 0.261440
v -0.077272 -0.186757 0.263832
v -0.077272 -0.195985 0.250781
v -0.077272 -0.194849 0.254746
vt 0.644113 0.829558
vt 0.644370 0.830017
vt 0.638039 0.860519
vt 0.222696 0.714265
vt 0.229026 0.744767
vt 0.228769 0.745226
vt 0.255726 0.851761
vt 0.249250 0.825401
vt 0.249507 0.824942
vt 0.671069 0.715556
vt 0.637596 0.742198
vt 0.627797 0.739109
vt 0.660895 0.792379
vt 0.659676 0.792318
vt 0.662844 0.780111
vt 0.629948 0.866044
vt 0.625584 0.740314
vt 0.966219 0.658549
vt 0.970660 0.658079
vt 0.970660 0.658549
vt 0.210240 0.834469
vt 0.214604 0.708740
vt 0.222252 0.832585
vt 0.255726 0.859228
vt 0.212454 0.835674
vt 0.952687 0.658079
vt 0.957129 0.658549
vt 0.952687 0.658549
vt 0.447913 0.979106
vt 0.452354 0.990658
vt 0.447913 0.990658
vt 0.992701 0.241730
vt 0.988259 0.230234
vt 0.992701 0.230234
vt 0.203274 0.975992
vt 0.198832 0.975522
vt 0.203274 0.975522
vt 0.952687 0.656935
vt 0.957129 0.658079
vt 0.952687 0.655726
vt 0.957129 0.656935
vt 0.952687 0.654511
vt 0.957129 0.655726
vt 0.957129 0.653353
vt 0.957129 0.654511
vt 0.952687 0.652308
vt 0.952687 0.653353
vt 0.952687 0.651430
vt 0.957129 0.652308
vt 0.988259 0.229212
vt 0.992701 0.229212
vt 0.198832 0.974501
vt 0.203274 0.974501
vt 0.992701 0.248378
vt 0.988259 0.247501
vt 0.992701 0.247501
vt 0.988259 0.246457
vt 0.992701 0.246457
vt 0.988259 0.245299
vt 0.992701 0.245299
vt 0.988259 0.244084
vt 0.992701 0.244084
vt 0.988259 0.242875
vt 0.992701 0.242875
vt 0.988259 0.241730
vt 0.452354 0.991686
vt 0.447913 0.991686
vt 0.203274 0.982641
vt 0.198832 0.981763
vt 0.203274 0.981763
vt 0.198832 0.980719
vt 0.203274 0.980719
vt 0.198832 0.979560
vt 0.203274 0.979560
vt 0.198832 0.978346
vt 0.203274 0.978346
vt 0.198832 0.977136
vt 0.203274 0.977136
vt 0.198832 0.975992
vt 0.957129 0.659569
vt 0.952687 0.659569
vt 0.447913 0.972472
vt 0.452354 0.973341
vt 0.447913 0.973341
vt 0.452354 0.974379
vt 0.447913 0.974379
vt 0.452354 0.975534
vt 0.447913 0.975534
vt 0.452354 0.976747
vt 0.447913 0.976747
vt 0.452354 0.977958
vt 0.447913 0.977958
vt 0.452354 0.979106
vt 0.802315 0.203240
vt 0.799538 0.203850
vt 0.799538 0.203240
vt 0.356322 0.975243
vt 0.356931 0.972464
vt 0.357082 0.975157
vt 0.354567 0.973003
vt 0.355743 0.975445
vt 0.353534 0.973652
vt 0.355224 0.975771
vt 0.354791 0.976205
vt 0.352023 0.975548
vt 0.354465 0.976724
vt 0.351620 0.976699
vt 0.354262 0.977302
vt 0.351483 0.977911
vt 0.354177 0.978063
vt 0.356931 0.996229
vt 0.356322 0.993450
vt 0.357082 0.993536
vt 0.354567 0.995690
vt 0.355743 0.993248
vt 0.353534 0.995041
vt 0.355224 0.992922
vt 0.354791 0.992489
vt 0.352023 0.993146
vt 0.354465 0.991970
vt 0.354262 0.991391
vt 0.351483 0.990782
vt 0.354177 0.990631
vt 0.362904 0.990782
vt 0.360125 0.991391
vt 0.360211 0.990631
vt 0.362365 0.993146
vt 0.359923 0.991970
vt 0.361716 0.994178
vt 0.359597 0.992489
vt 0.359163 0.992922
vt 0.360853 0.995041
vt 0.358644 0.993248
vt 0.359820 0.995690
vt 0.358066 0.993450
vt 0.357457 0.996229
vt 0.357305 0.993536
vt 0.357457 0.972464
vt 0.358066 0.975243
vt 0.357305 0.975157
vt 0.358669 0.972600
vt 0.358644 0.975445
vt 0.360853 0.973652
vt 0.359163 0.975771
vt 0.359597 0.976205
vt 0.362365 0.975548
vt 0.359923 0.976724
vt 0.360125 0.977302
vt 0.362904 0.977911
vt 0.360211 0.978063
vt 0.712883 0.959613
vt 0.714414 0.958651
vt 0.712355 0.960710
vt 0.719343 0.649962
vt 0.722120 0.649520
vt 0.722120 0.649962
vt 0.802315 0.202632
vt 0.799538 0.202632
vt 0.525996 0.582782
vt 0.523219 0.583423
vt 0.523219 0.582782
vt 0.802315 0.201915
vt 0.799538 0.201915
vt 0.802315 0.201075
vt 0.799538 0.201715
vt 0.799538 0.201075
vt 0.719343 0.653844
vt 0.722120 0.653204
vt 0.722120 0.653844
vt 0.525996 0.597692
vt 0.523219 0.598133
vt 0.523219 0.597692
vt 0.354440 0.431294
vt 0.357217 0.430857
vt 0.357217 0.431294
vt 0.525996 0.597167
vt 0.523219 0.597167
vt 0.357217 0.431815
vt 0.525996 0.596585
vt 0.523219 0.596585
vt 0.357217 0.432395
vt 0.354440 0.431815
vt 0.525996 0.595975
vt 0.523219 0.595975
vt 0.354440 0.433005
vt 0.357217 0.433005
vt 0.525996 0.595367
vt 0.523219 0.595367
vt 0.354440 0.433613
vt 0.357217 0.433613
vt 0.523219 0.594650
vt 0.719343 0.653004
vt 0.722120 0.652287
vt 0.722120 0.653004
vt 0.354440 0.434334
vt 0.357217 0.434334
vt 0.354440 0.446258
vt 0.357217 0.445614
vt 0.357217 0.446258
vt 0.719343 0.652287
vt 0.722120 0.651679
vt 0.525996 0.583423
vt 0.802315 0.204957
vt 0.799538 0.205398
vt 0.799538 0.204957
vt 0.719343 0.651679
vt 0.722120 0.651069
vt 0.802315 0.201715
vt 0.802315 0.204432
vt 0.799538 0.204432
vt 0.719343 0.651069
vt 0.722120 0.650487
vt 0.354440 0.445614
vt 0.802315 0.203850
vt 0.719343 0.650487
vt 0.719343 0.653204
vt 0.963895 0.652920
vt 0.959453 0.652450
vt 0.963895 0.652450
vt 0.775922 0.960321
vt 0.780363 0.971873
vt 0.775922 0.971873
vt 0.992348 0.139725
vt 0.987906 0.128228
vt 0.992348 0.128228
vt 0.980718 0.430509
vt 0.976277 0.430039
vt 0.980718 0.430039
vt 0.963895 0.654064
vt 0.959453 0.652920
vt 0.963895 0.655273
vt 0.959453 0.654064
vt 0.963895 0.656488
vt 0.959453 0.655273
vt 0.959453 0.657646
vt 0.959453 0.656488
vt 0.963895 0.658691
vt 0.963895 0.657646
vt 0.963895 0.659569
vt 0.959453 0.658691
vt 0.987906 0.127206
vt 0.992348 0.127206
vt 0.976277 0.429018
vt 0.980718 0.429018
vt 0.992348 0.146373
vt 0.987906 0.145495
vt 0.992348 0.145495
vt 0.987906 0.144451
vt 0.992348 0.144451
vt 0.987906 0.143293
vt 0.992348 0.143293
vt 0.987906 0.142078
vt 0.992348 0.142078
vt 0.987906 0.140869
vt 0.992348 0.140869
vt 0.987906 0.139725
vt 0.780363 0.972901
vt 0.775922 0.972901
vt 0.980718 0.436280
vt 0.976277 0.437158
vt 0.976277 0.436280
vt 0.980718 0.435236
vt 0.976277 0.435236
vt 0.980718 0.434077
vt 0.976277 0.434077
vt 0.980718 0.432863
vt 0.976277 0.432863
vt 0.980718 0.431653
vt 0.976277 0.431653
vt 0.976277 0.430509
vt 0.959453 0.651430
vt 0.963895 0.651430
vt 0.775922 0.953687
vt 0.780363 0.954556
vt 0.775922 0.954556
vt 0.780363 0.955594
vt 0.775922 0.955594
vt 0.780363 0.956749
vt 0.775922 0.956749
vt 0.780363 0.957962
vt 0.775922 0.957962
vt 0.780363 0.959173
vt 0.775922 0.959173
vt 0.780363 0.960321
vt 0.119511 0.784344
vt 0.116734 0.784954
vt 0.116734 0.784344
vt 0.521363 0.820408
vt 0.520754 0.823187
vt 0.520602 0.820493
vt 0.521941 0.820205
vt 0.521966 0.823050
vt 0.522460 0.819879
vt 0.523117 0.822647
vt 0.522893 0.819446
vt 0.524150 0.821998
vt 0.525662 0.820103
vt 0.523220 0.818927
vt 0.526065 0.818951
vt 0.523422 0.818348
vt 0.526201 0.817739
vt 0.523508 0.817588
vt 0.520754 0.799421
vt 0.521363 0.802200
vt 0.520602 0.802114
vt 0.521966 0.799558
vt 0.521941 0.802403
vt 0.523117 0.799960
vt 0.522460 0.802729
vt 0.525013 0.801472
vt 0.522893 0.803162
vt 0.523220 0.803681
vt 0.526065 0.803656
vt 0.523422 0.804260
vt 0.526201 0.804869
vt 0.523508 0.805020
vt 0.514780 0.804869
vt 0.517559 0.804260
vt 0.517473 0.805020
vt 0.514917 0.803656
vt 0.517762 0.803681
vt 0.515320 0.802505
vt 0.518088 0.803162
vt 0.516831 0.800610
vt 0.518521 0.802729
vt 0.517864 0.799960
vt 0.519040 0.802403
vt 0.519015 0.799558
vt 0.519619 0.802200
vt 0.520228 0.799421
vt 0.520379 0.802114
vt 0.520228 0.823187
vt 0.519619 0.820408
vt 0.520379 0.820493
vt 0.517864 0.822647
vt 0.519040 0.820205
vt 0.518521 0.819879
vt 0.515969 0.821136
vt 0.518088 0.819446
vt 0.515320 0.820103
vt 0.517762 0.818927
vt 0.514917 0.818951
vt 0.517559 0.818348
vt 0.514780 0.817739
vt 0.517473 0.817588
vt 0.783141 0.204350
vt 0.781610 0.205312
vt 0.783669 0.203253
vt 0.719343 0.663256
vt 0.722120 0.662815
vt 0.722120 0.663256
vt 0.119511 0.783736
vt 0.116734 0.783736
vt 0.357217 0.607957
vt 0.354440 0.608598
vt 0.354440 0.607957
vt 0.119511 0.783018
vt 0.116734 0.783018
vt 0.119511 0.782178
vt 0.116734 0.782819
vt 0.116734 0.782178
vt 0.719343 0.667139
vt 0.722120 0.666498
vt 0.722120 0.667139
vt 0.357217 0.622867
vt 0.354440 0.623308
vt 0.354440 0.622867
vt 0.354440 0.449019
vt 0.357217 0.448582
vt 0.357217 0.449019
vt 0.357217 0.622342
vt 0.354440 0.622342
vt 0.354440 0.449540
vt 0.357217 0.449540
vt 0.357217 0.621760
vt 0.354440 0.621760
vt 0.354440 0.450121
vt 0.357217 0.450121
vt 0.357217 0.621150
vt 0.354440 0.621150
vt 0.354440 0.450730
vt 0.357217 0.450730
vt 0.357217 0.620542
vt 0.354440 0.620542
vt 0.354440 0.451339
vt 0.357217 0.451339
vt 0.357217 0.619824
vt 0.354440 0.619824
vt 0.719343 0.666299
vt 0.722120 0.665581
vt 0.722120 0.666299
vt 0.354440 0.452059
vt 0.357217 0.452059
vt 0.354440 0.463984
vt 0.357217 0.463339
vt 0.357217 0.463984
vt 0.719343 0.665581
vt 0.722120 0.664974
vt 0.357217 0.608598
vt 0.119511 0.786060
vt 0.116734 0.786501
vt 0.116734 0.786060
vt 0.719343 0.664974
vt 0.722120 0.664363
vt 0.119511 0.782819
vt 0.119511 0.785536
vt 0.116734 0.785536
vt 0.719343 0.664363
vt 0.722120 0.663781
vt 0.354440 0.463339
vt 0.119511 0.784954
vt 0.719343 0.663781
vt 0.719343 0.666498
vt 0.974212 0.877055
vt 0.978654 0.877525
vt 0.974212 0.877525
vt 0.434382 0.979106
vt 0.438823 0.990658
vt 0.434382 0.990658
vt 0.992927 0.896903
vt 0.988486 0.896903
vt 0.988486 0.895193
vt 0.196508 0.975992
vt 0.192067 0.975522
vt 0.196508 0.975522
vt 0.974212 0.875911
vt 0.978654 0.877055
vt 0.974212 0.874702
vt 0.978654 0.875911
vt 0.974212 0.873488
vt 0.978654 0.874702
vt 0.978654 0.872329
vt 0.978654 0.873488
vt 0.974212 0.871284
vt 0.974212 0.872329
vt 0.974212 0.870406
vt 0.978654 0.871284
vt 0.992927 0.885406
vt 0.988486 0.884385
vt 0.992927 0.884385
vt 0.192067 0.974501
vt 0.196508 0.974501
vt 0.992927 0.903551
vt 0.988486 0.902674
vt 0.992927 0.902674
vt 0.988486 0.901630
vt 0.992927 0.901630
vt 0.988486 0.900472
vt 0.992927 0.900472
vt 0.988486 0.899257
vt 0.992927 0.899257
vt 0.988486 0.898048
vt 0.992927 0.898048
vt 0.434382 0.991686
vt 0.438823 0.991686
vt 0.196508 0.981763
vt 0.192067 0.982641
vt 0.192067 0.981763
vt 0.196508 0.980719
vt 0.192067 0.980719
vt 0.192067 0.979560
vt 0.196508 0.979560
vt 0.192067 0.978346
vt 0.196508 0.978346
vt 0.192067 0.977136
vt 0.196508 0.977136
vt 0.192067 0.975992
vt 0.978654 0.878546
vt 0.974212 0.878546
vt 0.434382 0.972472
vt 0.438823 0.973341
vt 0.434382 0.973341
vt 0.438823 0.974379
vt 0.434382 0.974379
vt 0.438823 0.975534
vt 0.434382 0.975534
vt 0.438823 0.976747
vt 0.434382 0.976747
vt 0.438823 0.977958
vt 0.434382 0.977958
vt 0.438823 0.979106
vt 0.119511 0.804285
vt 0.116734 0.804896
vt 0.116734 0.804285
vt 0.696328 0.522099
vt 0.695719 0.524878
vt 0.695567 0.522184
vt 0.696906 0.521896
vt 0.696931 0.524741
vt 0.697425 0.521570
vt 0.698082 0.524338
vt 0.697859 0.521137
vt 0.699115 0.523689
vt 0.700627 0.521794
vt 0.698185 0.520618
vt 0.701030 0.520643
vt 0.698387 0.520039
vt 0.701166 0.519430
vt 0.698473 0.519279
vt 0.695719 0.501112
vt 0.696328 0.503891
vt 0.695567 0.503806
vt 0.696931 0.501249
vt 0.696906 0.504094
vt 0.698082 0.501652
vt 0.697425 0.504420
vt 0.699978 0.503163
vt 0.697859 0.504853
vt 0.698185 0.505372
vt 0.701030 0.505347
vt 0.698387 0.505951
vt 0.701166 0.506560
vt 0.698473 0.506711
vt 0.689745 0.506560
vt 0.692524 0.505951
vt 0.692438 0.506711
vt 0.689882 0.505347
vt 0.692726 0.505372
vt 0.690934 0.503163
vt 0.693053 0.504853
vt 0.691796 0.502301
vt 0.693486 0.504420
vt 0.694005 0.504094
vt 0.693980 0.501249
vt 0.694584 0.503891
vt 0.695193 0.501112
vt 0.695344 0.503806
vt 0.695193 0.524878
vt 0.694584 0.522099
vt 0.695344 0.522184
vt 0.692829 0.524338
vt 0.694005 0.521896
vt 0.693486 0.521570
vt 0.691796 0.523689
vt 0.693053 0.521137
vt 0.690284 0.521794
vt 0.692726 0.520618
vt 0.689882 0.520643
vt 0.692524 0.520039
vt 0.689745 0.519430
vt 0.692438 0.519279
vt 0.786693 0.188067
vt 0.788224 0.187105
vt 0.786165 0.189164
vt 0.719343 0.676551
vt 0.722120 0.676110
vt 0.722120 0.676551
vt 0.119511 0.803678
vt 0.116734 0.803678
vt 0.525996 0.565108
vt 0.523219 0.565749
vt 0.523219 0.565108
vt 0.119511 0.802960
vt 0.116734 0.802960
vt 0.119511 0.802120
vt 0.116734 0.802760
vt 0.116734 0.802120
vt 0.719343 0.680433
vt 0.722120 0.679793
vt 0.722120 0.680433
vt 0.525996 0.580018
vt 0.523219 0.580459
vt 0.523219 0.580018
vt 0.354440 0.484470
vt 0.357217 0.484033
vt 0.357217 0.484470
vt 0.525996 0.579493
vt 0.523219 0.579493
vt 0.357217 0.484991
vt 0.525996 0.578911
vt 0.523219 0.578911
vt 0.357217 0.485571
vt 0.354440 0.484991
vt 0.525996 0.578301
vt 0.523219 0.578301
vt 0.354440 0.486181
vt 0.357217 0.486181
vt 0.525996 0.577693
vt 0.523219 0.577693
vt 0.354440 0.486789
vt 0.357217 0.486789
vt 0.525996 0.576976
vt 0.523219 0.576976
vt 0.719343 0.679593
vt 0.722120 0.678876
vt 0.722120 0.679593
vt 0.354440 0.487510
vt 0.357217 0.487510
vt 0.354440 0.499434
vt 0.357217 0.498790
vt 0.357217 0.499434
vt 0.719343 0.678876
vt 0.722120 0.678268
vt 0.525996 0.565749
vt 0.119511 0.806002
vt 0.116734 0.806443
vt 0.116734 0.806002
vt 0.719343 0.678268
vt 0.722120 0.677658
vt 0.119511 0.802760
vt 0.116734 0.805478
vt 0.719343 0.677658
vt 0.722120 0.677076
vt 0.354440 0.498790
vt 0.119511 0.804896
vt 0.719343 0.677076
vt 0.719343 0.679793
vt 0.967446 0.877055
vt 0.971888 0.877525
vt 0.967446 0.877525
vt 0.454678 0.979106
vt 0.459120 0.990658
vt 0.454678 0.990658
vt 0.992701 0.220240
vt 0.988259 0.208743
vt 0.992701 0.208743
vt 0.117805 0.977719
vt 0.113364 0.977249
vt 0.117805 0.977249
vt 0.967446 0.875911
vt 0.971888 0.877055
vt 0.967446 0.874702
vt 0.971888 0.875911
vt 0.967446 0.873488
vt 0.971888 0.874702
vt 0.971888 0.872329
vt 0.971888 0.873488
vt 0.967446 0.871284
vt 0.967446 0.872329
vt 0.967446 0.870406
vt 0.971888 0.871284
vt 0.988259 0.207722
vt 0.992701 0.207722
vt 0.113364 0.976228
vt 0.117805 0.976228
vt 0.992701 0.226888
vt 0.988259 0.226011
vt 0.992701 0.226011
vt 0.988259 0.224967
vt 0.992701 0.224967
vt 0.988259 0.223808
vt 0.992701 0.223808
vt 0.988259 0.222594
vt 0.992701 0.222594
vt 0.988259 0.221384
vt 0.992701 0.221384
vt 0.988259 0.220240
vt 0.459120 0.991686
vt 0.454678 0.991686
vt 0.117805 0.984367
vt 0.113364 0.983489
vt 0.117805 0.983489
vt 0.113364 0.982445
vt 0.117805 0.982445
vt 0.113364 0.981287
vt 0.117805 0.981287
vt 0.113364 0.980072
vt 0.117805 0.980072
vt 0.117805 0.978863
vt 0.113364 0.978863
vt 0.113364 0.977719
vt 0.971888 0.878546
vt 0.967446 0.878546
vt 0.454678 0.972472
vt 0.459120 0.973341
vt 0.454678 0.973341
vt 0.459120 0.974379
vt 0.454678 0.974379
vt 0.459120 0.975534
vt 0.454678 0.975534
vt 0.459120 0.976747
vt 0.454678 0.976747
vt 0.459120 0.977958
vt 0.454678 0.977958
vt 0.459120 0.979106
vt 0.525996 0.792038
vt 0.523219 0.792648
vt 0.523219 0.792038
vt 0.900513 0.988838
vt 0.899904 0.991617
vt 0.899752 0.988924
vt 0.901091 0.988636
vt 0.901116 0.991480
vt 0.901610 0.988309
vt 0.902267 0.991078
vt 0.902044 0.987876
vt 0.903300 0.990429
vt 0.904812 0.988533
vt 0.902370 0.987357
vt 0.902572 0.986779
vt 0.905351 0.986170
vt 0.902658 0.986018
vt 0.899904 0.967851
vt 0.900513 0.970630
vt 0.899752 0.970545
vt 0.901116 0.967988
vt 0.901091 0.970833
vt 0.903300 0.969040
vt 0.901610 0.971159
vt 0.902044 0.971592
vt 0.904163 0.969902
vt 0.902370 0.972111
vt 0.905215 0.972087
vt 0.902572 0.972690
vt 0.905351 0.973299
vt 0.902658 0.973450
vt 0.893930 0.973299
vt 0.896709 0.972690
vt 0.896624 0.973450
vt 0.894067 0.972087
vt 0.896912 0.972111
vt 0.895119 0.969902
vt 0.897238 0.971592
vt 0.897671 0.971159
vt 0.895981 0.969040
vt 0.898190 0.970833
vt 0.898166 0.967988
vt 0.898769 0.970630
vt 0.899378 0.967851
vt 0.899529 0.970545
vt 0.899378 0.991617
vt 0.898769 0.988838
vt 0.899529 0.988924
vt 0.897014 0.991078
vt 0.898190 0.988636
vt 0.897671 0.988309
vt 0.895981 0.990429
vt 0.897238 0.987876
vt 0.894470 0.988533
vt 0.896912 0.987357
vt 0.894067 0.987382
vt 0.896709 0.986779
vt 0.893930 0.986170
vt 0.896624 0.986018
vt 0.619959 0.958726
vt 0.618428 0.959687
vt 0.620488 0.957628
vt 0.719343 0.669904
vt 0.722120 0.669462
vt 0.722120 0.669904
vt 0.525996 0.791430
vt 0.523219 0.791430
vt 0.357217 0.554934
vt 0.354440 0.555575
vt 0.354440 0.554934
vt 0.525996 0.790712
vt 0.523219 0.790712
vt 0.525996 0.789872
vt 0.523219 0.790513
vt 0.523219 0.789872
vt 0.719343 0.673786
vt 0.722120 0.673146
vt 0.722120 0.673786
vt 0.357217 0.569844
vt 0.354440 0.570285
vt 0.354440 0.569844
vt 0.354440 0.466744
vt 0.357217 0.466308
vt 0.357217 0.466744
vt 0.357217 0.569319
vt 0.354440 0.569319
vt 0.354440 0.467266
vt 0.357217 0.467266
vt 0.357217 0.568737
vt 0.354440 0.568737
vt 0.354440 0.467846
vt 0.357217 0.467846
vt 0.357217 0.568127
vt 0.354440 0.568127
vt 0.354440 0.468455
vt 0.357217 0.468455
vt 0.357217 0.567519
vt 0.354440 0.567519
vt 0.354440 0.469064
vt 0.357217 0.469064
vt 0.357217 0.566802
vt 0.354440 0.566802
vt 0.719343 0.672946
vt 0.722120 0.672229
vt 0.722120 0.672946
vt 0.354440 0.469784
vt 0.357217 0.469784
vt 0.354440 0.481709
vt 0.357217 0.481064
vt 0.357217 0.481709
vt 0.719343 0.672229
vt 0.722120 0.671621
vt 0.357217 0.555575
vt 0.525996 0.793754
vt 0.523219 0.794195
vt 0.523219 0.793754
vt 0.719343 0.671621
vt 0.722120 0.671011
vt 0.525996 0.790513
vt 0.525996 0.793230
vt 0.523219 0.793230
vt 0.719343 0.671011
vt 0.722120 0.670429
vt 0.354440 0.481064
vt 0.525996 0.792648
vt 0.719343 0.670429
vt 0.719343 0.673146
vt 0.719099 0.723016
vt 0.696246 0.837852
vt 0.696246 0.715556
vt 0.968875 0.499415
vt 0.977202 0.522268
vt 0.934883 0.522268
vt 0.176594 0.682510
vt 0.190273 0.808310
vt 0.173619 0.808310
vt 0.595780 0.941394
vt 0.611154 0.943669
vt 0.595780 0.988142
vt 0.461444 0.990658
vt 0.465885 0.979106
vt 0.465885 0.990658
vt 0.479722 0.973493
vt 0.475280 0.984990
vt 0.475280 0.973493
vt 0.780363 0.976246
vt 0.775922 0.976715
vt 0.775922 0.976246
vt 0.966219 0.658079
vt 0.970660 0.656935
vt 0.966219 0.656935
vt 0.970660 0.655726
vt 0.966219 0.655726
vt 0.970660 0.654511
vt 0.966219 0.653353
vt 0.970660 0.653353
vt 0.970660 0.652308
vt 0.966219 0.652308
vt 0.970660 0.651430
vt 0.479722 0.972472
vt 0.475280 0.972472
vt 0.780363 0.975224
vt 0.775922 0.975224
vt 0.479722 0.990761
vt 0.475280 0.991638
vt 0.475280 0.990761
vt 0.479722 0.989717
vt 0.475280 0.989717
vt 0.479722 0.988558
vt 0.475280 0.988558
vt 0.479722 0.987344
vt 0.475280 0.987344
vt 0.479722 0.986134
vt 0.475280 0.986134
vt 0.479722 0.984990
vt 0.461444 0.991686
vt 0.465885 0.991686
vt 0.780363 0.982486
vt 0.775922 0.983364
vt 0.775922 0.982486
vt 0.780363 0.981442
vt 0.775922 0.981442
vt 0.780363 0.980284
vt 0.775922 0.980284
vt 0.780363 0.979069
vt 0.775922 0.979069
vt 0.780363 0.977860
vt 0.775922 0.977860
vt 0.780363 0.976715
vt 0.966219 0.659569
vt 0.970660 0.659569
vt 0.461444 0.973341
vt 0.465885 0.972472
vt 0.465885 0.973341
vt 0.461444 0.974379
vt 0.465885 0.974379
vt 0.461444 0.975534
vt 0.465885 0.975534
vt 0.461444 0.976747
vt 0.465885 0.976747
vt 0.461444 0.977958
vt 0.465885 0.977958
vt 0.461444 0.979106
vt 0.119511 0.798248
vt 0.116734 0.797638
vt 0.119511 0.797638
vt 0.987298 0.656936
vt 0.987907 0.659715
vt 0.986695 0.659579
vt 0.985543 0.659176
vt 0.986719 0.656734
vt 0.984510 0.658527
vt 0.986200 0.656407
vt 0.985767 0.655974
vt 0.983648 0.657664
vt 0.982999 0.656631
vt 0.985441 0.655455
vt 0.982596 0.655480
vt 0.985238 0.654877
vt 0.982459 0.654268
vt 0.985153 0.654116
vt 0.987298 0.638728
vt 0.987907 0.635949
vt 0.988058 0.638643
vt 0.985543 0.636489
vt 0.986695 0.636086
vt 0.986719 0.638931
vt 0.984510 0.637138
vt 0.985767 0.639690
vt 0.986200 0.639257
vt 0.982999 0.639033
vt 0.983648 0.638000
vt 0.985238 0.640788
vt 0.985441 0.640209
vt 0.982459 0.641397
vt 0.982596 0.640185
vt 0.991101 0.640788
vt 0.993880 0.641397
vt 0.991187 0.641548
vt 0.993341 0.639033
vt 0.993744 0.640185
vt 0.990899 0.640209
vt 0.992692 0.638000
vt 0.990139 0.639257
vt 0.990573 0.639690
vt 0.989620 0.638931
vt 0.991829 0.637138
vt 0.989042 0.638728
vt 0.990796 0.636489
vt 0.988433 0.635949
vt 0.989645 0.636086
vt 0.989042 0.656936
vt 0.988433 0.659715
vt 0.988281 0.657022
vt 0.989620 0.656734
vt 0.989645 0.659579
vt 0.991829 0.658527
vt 0.990796 0.659176
vt 0.990573 0.655974
vt 0.990139 0.656407
vt 0.993341 0.656631
vt 0.992692 0.657664
vt 0.991101 0.654877
vt 0.990899 0.655455
vt 0.993880 0.654268
vt 0.993744 0.655480
vt 0.985153 0.641548
vt 0.988281 0.638643
vt 0.991187 0.654116
vt 0.988058 0.657022
vt 0.956121 0.972306
vt 0.955362 0.973259
vt 0.954264 0.973787
vt 0.719343 0.642873
vt 0.722120 0.643314
vt 0.719343 0.643314
vt 0.116734 0.797030
vt 0.119511 0.797030
vt 0.525996 0.601097
vt 0.523219 0.600457
vt 0.525996 0.600457
vt 0.116734 0.796313
vt 0.119511 0.796313
vt 0.119511 0.796113
vt 0.116734 0.795473
vt 0.119511 0.795473
vt 0.719343 0.646556
vt 0.722120 0.647197
vt 0.719343 0.647197
vt 0.525996 0.615807
vt 0.523219 0.615366
vt 0.525996 0.615366
vt 0.354440 0.519484
vt 0.357217 0.519920
vt 0.354440 0.519920
vt 0.523219 0.614842
vt 0.525996 0.614842
vt 0.354440 0.520442
vt 0.357217 0.520442
vt 0.523219 0.614260
vt 0.525996 0.614260
vt 0.357217 0.521022
vt 0.354440 0.521022
vt 0.523219 0.613649
vt 0.525996 0.613649
vt 0.357217 0.521632
vt 0.354440 0.521632
vt 0.525996 0.613042
vt 0.523219 0.613042
vt 0.357217 0.522240
vt 0.354440 0.522240
vt 0.523219 0.612324
vt 0.525996 0.612324
vt 0.719343 0.645639
vt 0.722120 0.646357
vt 0.719343 0.646357
vt 0.357217 0.522960
vt 0.354440 0.522960
vt 0.354440 0.534240
vt 0.357217 0.534885
vt 0.354440 0.534885
vt 0.719343 0.645032
vt 0.722120 0.645639
vt 0.523219 0.601097
vt 0.119511 0.799796
vt 0.116734 0.799355
vt 0.119511 0.799355
vt 0.719343 0.644421
vt 0.722120 0.645032
vt 0.116734 0.796113
vt 0.116734 0.798830
vt 0.119511 0.798830
vt 0.719343 0.643839
vt 0.722120 0.644421
vt 0.357217 0.534240
vt 0.116734 0.798248
vt 0.722120 0.643839
vt 0.722120 0.646556
vt 0.960681 0.877525
vt 0.965123 0.877055
vt 0.965123 0.877525
vt 0.365228 0.990650
vt 0.369670 0.979098
vt 0.369670 0.990650
vt 0.472957 0.973493
vt 0.468515 0.984990
vt 0.468515 0.973493
vt 0.189743 0.975522
vt 0.185301 0.975992
vt 0.185301 0.975522
vt 0.960681 0.877055
vt 0.965123 0.875911
vt 0.960681 0.875911
vt 0.965123 0.874702
vt 0.960681 0.874702
vt 0.965123 0.873487
vt 0.960681 0.872329
vt 0.965123 0.872329
vt 0.965123 0.871284
vt 0.960681 0.871284
vt 0.965123 0.870406
vt 0.472957 0.972472
vt 0.468515 0.972472
vt 0.189743 0.974501
vt 0.185301 0.974501
vt 0.472957 0.990761
vt 0.468515 0.991638
vt 0.468515 0.990761
vt 0.472957 0.989717
vt 0.468515 0.989717
vt 0.472957 0.988558
vt 0.468515 0.988558
vt 0.472957 0.987344
vt 0.468515 0.987344
vt 0.472957 0.986134
vt 0.468515 0.986134
vt 0.472957 0.984990
vt 0.365228 0.991677
vt 0.369670 0.991677
vt 0.185301 0.981763
vt 0.189743 0.982641
vt 0.185301 0.982641
vt 0.189743 0.980719
vt 0.185301 0.980719
vt 0.185301 0.979560
vt 0.185301 0.978346
vt 0.189743 0.979560
vt 0.185301 0.977136
vt 0.189743 0.978346
vt 0.189743 0.975992
vt 0.960681 0.878546
vt 0.965123 0.878546
vt 0.365228 0.973333
vt 0.369670 0.972464
vt 0.369670 0.973333
vt 0.365228 0.974371
vt 0.369670 0.974371
vt 0.365228 0.975526
vt 0.369670 0.975526
vt 0.365228 0.976739
vt 0.369670 0.976739
vt 0.365228 0.977950
vt 0.369670 0.977950
vt 0.365228 0.979098
vt 0.119511 0.778306
vt 0.116734 0.777696
vt 0.119511 0.777696
vt 0.505873 0.820408
vt 0.506483 0.823187
vt 0.505270 0.823050
vt 0.505295 0.820205
vt 0.504119 0.822647
vt 0.504776 0.819879
vt 0.503086 0.821998
vt 0.504343 0.819446
vt 0.502223 0.821136
vt 0.501575 0.820103
vt 0.504017 0.818927
vt 0.501172 0.818951
vt 0.503814 0.818348
vt 0.501035 0.817739
vt 0.503728 0.817588
vt 0.505874 0.802200
vt 0.506483 0.799421
vt 0.506634 0.802114
vt 0.505295 0.802403
vt 0.505270 0.799558
vt 0.504776 0.802729
vt 0.504119 0.799960
vt 0.502223 0.801472
vt 0.503086 0.800610
vt 0.504017 0.803681
vt 0.504343 0.803162
vt 0.501172 0.803656
vt 0.501575 0.802505
vt 0.503814 0.804260
vt 0.501035 0.804869
vt 0.509677 0.804260
vt 0.512456 0.804869
vt 0.509763 0.805020
vt 0.509475 0.803681
vt 0.512320 0.803656
vt 0.509148 0.803162
vt 0.511917 0.802505
vt 0.510405 0.800610
vt 0.511268 0.801472
vt 0.508715 0.802729
vt 0.509372 0.799960
vt 0.508196 0.802403
vt 0.508221 0.799558
vt 0.507618 0.802200
vt 0.507009 0.799421
vt 0.507618 0.820408
vt 0.507009 0.823187
vt 0.506857 0.820493
vt 0.509372 0.822647
vt 0.508221 0.823050
vt 0.508715 0.819879
vt 0.508196 0.820205
vt 0.511268 0.821136
vt 0.510405 0.821998
vt 0.509148 0.819446
vt 0.511917 0.820103
vt 0.509475 0.818927
vt 0.512320 0.818951
vt 0.509677 0.818348
vt 0.512456 0.817739
vt 0.503728 0.805020
vt 0.506857 0.802114
vt 0.509763 0.817588
vt 0.506634 0.820493
vt 0.947089 0.806007
vt 0.953123 0.806007
vt 0.949994 0.808912
vt 0.719343 0.656168
vt 0.722120 0.656609
vt 0.719343 0.656609
vt 0.116734 0.777089
vt 0.119511 0.777089
vt 0.357217 0.590924
vt 0.354440 0.590283
vt 0.357217 0.590283
vt 0.116734 0.776371
vt 0.119511 0.776371
vt 0.119511 0.776171
vt 0.116734 0.775531
vt 0.119511 0.775531
vt 0.719343 0.659851
vt 0.722120 0.660491
vt 0.719343 0.660491
vt 0.357217 0.605633
vt 0.354440 0.605192
vt 0.357217 0.605192
vt 0.523219 0.547383
vt 0.525996 0.547820
vt 0.523219 0.547820
vt 0.354440 0.604668
vt 0.357217 0.604668
vt 0.525996 0.548341
vt 0.523219 0.548341
vt 0.354440 0.604086
vt 0.357217 0.604086
vt 0.525996 0.548921
vt 0.523219 0.548921
vt 0.354440 0.603476
vt 0.357217 0.603476
vt 0.525996 0.549531
vt 0.523219 0.549531
vt 0.354440 0.602868
vt 0.357217 0.602868
vt 0.525996 0.550139
vt 0.523219 0.550139
vt 0.354440 0.602150
vt 0.357217 0.602150
vt 0.719343 0.658934
vt 0.722120 0.659651
vt 0.719343 0.659651
vt 0.525996 0.550860
vt 0.523219 0.550860
vt 0.523219 0.562140
vt 0.525996 0.562784
vt 0.523219 0.562784
vt 0.719343 0.658326
vt 0.722120 0.658934
vt 0.354440 0.590924
vt 0.119511 0.779854
vt 0.116734 0.779413
vt 0.119511 0.779413
vt 0.719343 0.657716
vt 0.722120 0.658326
vt 0.116734 0.776171
vt 0.116734 0.778888
vt 0.119511 0.778888
vt 0.719343 0.657134
vt 0.722120 0.657716
vt 0.525996 0.562140
vt 0.116734 0.778306
vt 0.722120 0.657134
vt 0.722120 0.659851
vt 0.972984 0.658549
vt 0.977426 0.658079
vt 0.977426 0.658549
vt 0.441147 0.990658
vt 0.445589 0.979106
vt 0.445589 0.990658
vt 0.167984 0.985309
vt 0.167984 0.987020
vt 0.163542 0.987020
vt 0.178536 0.981619
vt 0.182977 0.981150
vt 0.182977 0.981619
vt 0.972984 0.658079
vt 0.977426 0.656935
vt 0.972984 0.656935
vt 0.977426 0.655726
vt 0.972984 0.655726
vt 0.977426 0.654511
vt 0.972984 0.653353
vt 0.977426 0.653353
vt 0.977426 0.652308
vt 0.972984 0.652308
vt 0.977426 0.651430
vt 0.167984 0.974501
vt 0.163542 0.975523
vt 0.163542 0.974501
vt 0.178536 0.982641
vt 0.182977 0.982641
vt 0.167984 0.992790
vt 0.163542 0.993668
vt 0.163542 0.992790
vt 0.167984 0.991746
vt 0.163542 0.991746
vt 0.167984 0.990588
vt 0.163542 0.990588
vt 0.167984 0.989373
vt 0.163542 0.989373
vt 0.167984 0.988164
vt 0.163542 0.988164
vt 0.445589 0.991686
vt 0.182977 0.975379
vt 0.178536 0.974501
vt 0.182977 0.974501
vt 0.182977 0.976423
vt 0.178536 0.975379
vt 0.178536 0.977581
vt 0.182977 0.977581
vt 0.178536 0.978796
vt 0.182977 0.978796
vt 0.178536 0.980005
vt 0.182977 0.980005
vt 0.972984 0.659569
vt 0.977426 0.659569
vt 0.441147 0.973341
vt 0.445589 0.972472
vt 0.445589 0.973341
vt 0.441147 0.974379
vt 0.445589 0.974379
vt 0.441147 0.975534
vt 0.445589 0.975534
vt 0.441147 0.976747
vt 0.445589 0.976747
vt 0.441147 0.977958
vt 0.445589 0.977958
vt 0.441147 0.979106
vt 0.797214 0.203850
vt 0.794437 0.203240
vt 0.797214 0.203240
vt 0.710073 0.503891
vt 0.709464 0.501112
vt 0.710676 0.501249
vt 0.710651 0.504094
vt 0.711827 0.501652
vt 0.711170 0.504420
vt 0.712860 0.502301
vt 0.711604 0.504853
vt 0.713723 0.503163
vt 0.714372 0.504196
vt 0.711930 0.505372
vt 0.714774 0.505348
vt 0.712132 0.505951
vt 0.714911 0.506560
vt 0.712218 0.506711
vt 0.710073 0.522099
vt 0.709464 0.524878
vt 0.709312 0.522185
vt 0.710651 0.521896
vt 0.710676 0.524741
vt 0.711170 0.521570
vt 0.711827 0.524338
vt 0.713723 0.522827
vt 0.712860 0.523689
vt 0.711930 0.520618
vt 0.711604 0.521137
vt 0.714774 0.520643
vt 0.714372 0.521794
vt 0.712132 0.520039
vt 0.714911 0.519430
vt 0.706269 0.520039
vt 0.703490 0.519430
vt 0.706183 0.519279
vt 0.706472 0.520618
vt 0.703627 0.520643
vt 0.704679 0.522827
vt 0.704030 0.521794
vt 0.706798 0.521137
vt 0.705541 0.523689
vt 0.707750 0.521896
vt 0.707231 0.521570
vt 0.707725 0.524741
vt 0.706574 0.524338
vt 0.708328 0.522099
vt 0.708938 0.524878
vt 0.708328 0.503891
vt 0.708938 0.501112
vt 0.709089 0.503806
vt 0.706574 0.501652
vt 0.707725 0.501249
vt 0.707231 0.504420
vt 0.707750 0.504094
vt 0.706798 0.504853
vt 0.705541 0.502301
vt 0.704030 0.504196
vt 0.704679 0.503163
vt 0.706472 0.505372
vt 0.703627 0.505348
vt 0.706269 0.505951
vt 0.703490 0.506560
vt 0.712218 0.519279
vt 0.709089 0.522185
vt 0.706183 0.506711
vt 0.709312 0.503806
vt 0.718015 0.954675
vt 0.717256 0.955627
vt 0.716158 0.956156
vt 0.116734 0.768883
vt 0.119511 0.769325
vt 0.116734 0.769325
vt 0.794437 0.202632
vt 0.797214 0.202632
vt 0.525996 0.618772
vt 0.523219 0.618131
vt 0.525996 0.618131
vt 0.794437 0.201915
vt 0.797214 0.201915
vt 0.797214 0.201715
vt 0.794437 0.201075
vt 0.797214 0.201075
vt 0.116734 0.772567
vt 0.119511 0.773207
vt 0.116734 0.773207
vt 0.525996 0.633481
vt 0.523219 0.633040
vt 0.525996 0.633040
vt 0.354440 0.537209
vt 0.357217 0.537646
vt 0.354440 0.537646
vt 0.523219 0.632516
vt 0.525996 0.632516
vt 0.354440 0.538167
vt 0.357217 0.538167
vt 0.523219 0.631934
vt 0.525996 0.631934
vt 0.354440 0.538748
vt 0.357217 0.538748
vt 0.523219 0.631324
vt 0.525996 0.631324
vt 0.357217 0.539357
vt 0.354440 0.539357
vt 0.523219 0.630716
vt 0.525996 0.630716
vt 0.357217 0.539966
vt 0.354440 0.539966
vt 0.523219 0.629998
vt 0.525996 0.629998
vt 0.116734 0.771650
vt 0.119511 0.772367
vt 0.116734 0.772367
vt 0.357217 0.540686
vt 0.354440 0.540686
vt 0.354440 0.551966
vt 0.357217 0.552611
vt 0.354440 0.552611
vt 0.116734 0.771042
vt 0.119511 0.771650
vt 0.523219 0.618772
vt 0.797214 0.205398
vt 0.794437 0.204957
vt 0.797214 0.204957
vt 0.116734 0.770432
vt 0.119511 0.771042
vt 0.794437 0.201715
vt 0.794437 0.204432
vt 0.797214 0.204432
vt 0.116734 0.769850
vt 0.119511 0.770432
vt 0.357217 0.551966
vt 0.794437 0.203850
vt 0.119511 0.769850
vt 0.119511 0.772567
vt 0.294554 0.926724
vt 0.298995 0.926254
vt 0.298995 0.926724
vt 0.371994 0.990650
vt 0.376435 0.979098
vt 0.376435 0.990650
vt 0.992927 0.906897
vt 0.988486 0.918394
vt 0.988486 0.906897
vt 0.954817 0.977218
vt 0.950375 0.977688
vt 0.950375 0.977218
vt 0.294554 0.926254
vt 0.298995 0.925110
vt 0.294554 0.925110
vt 0.298995 0.923901
vt 0.294554 0.923901
vt 0.298995 0.922686
vt 0.294554 0.921528
vt 0.298995 0.921528
vt 0.294554 0.920483
vt 0.298995 0.920483
vt 0.298995 0.919605
vt 0.992927 0.905875
vt 0.988486 0.905875
vt 0.954817 0.976197
vt 0.950375 0.976197
vt 0.992927 0.924164
vt 0.988486 0.925042
vt 0.988486 0.924164
vt 0.992927 0.923120
vt 0.988486 0.923120
vt 0.992927 0.921962
vt 0.988486 0.921962
vt 0.992927 0.920747
vt 0.988486 0.920747
vt 0.992927 0.919538
vt 0.988486 0.919538
vt 0.992927 0.918394
vt 0.371994 0.991677
vt 0.376435 0.991677
vt 0.954817 0.983459
vt 0.950375 0.984336
vt 0.950375 0.983459
vt 0.954817 0.982414
vt 0.950375 0.982414
vt 0.954817 0.981256
vt 0.950375 0.981256
vt 0.954817 0.980042
vt 0.950375 0.980042
vt 0.954817 0.978832
vt 0.950375 0.978832
vt 0.294554 0.927745
vt 0.298995 0.927745
vt 0.371994 0.973333
vt 0.376435 0.972464
vt 0.376435 0.973333
vt 0.371994 0.974371
vt 0.376435 0.974371
vt 0.371994 0.975526
vt 0.376435 0.975526
vt 0.371994 0.976739
vt 0.376435 0.976739
vt 0.371994 0.977950
vt 0.376435 0.977950
vt 0.371994 0.979098
vt 0.119511 0.791601
vt 0.116734 0.790991
vt 0.119511 0.790991
vt 0.952846 0.179203
vt 0.952237 0.176424
vt 0.953449 0.176561
vt 0.953425 0.179406
vt 0.954601 0.176964
vt 0.953943 0.179732
vt 0.955633 0.177613
vt 0.954377 0.180165
vt 0.956496 0.178475
vt 0.957145 0.179508
vt 0.954703 0.180684
vt 0.954905 0.181263
vt 0.957548 0.180660
vt 0.957685 0.181872
vt 0.954991 0.182023
vt 0.952846 0.197411
vt 0.952237 0.200190
vt 0.952086 0.197497
vt 0.953425 0.197209
vt 0.953449 0.200054
vt 0.955633 0.199002
vt 0.954601 0.199651
vt 0.954377 0.196449
vt 0.953943 0.196883
vt 0.954703 0.195930
vt 0.956496 0.198139
vt 0.957548 0.195955
vt 0.957145 0.197106
vt 0.954905 0.195352
vt 0.957685 0.194743
vt 0.949042 0.195352
vt 0.946263 0.194743
vt 0.948957 0.194591
vt 0.949245 0.195930
vt 0.946400 0.195955
vt 0.947452 0.198139
vt 0.946803 0.197106
vt 0.950004 0.196883
vt 0.949571 0.196449
vt 0.950523 0.197209
vt 0.948314 0.199002
vt 0.950499 0.200054
vt 0.949347 0.199651
vt 0.951102 0.197411
vt 0.951711 0.200190
vt 0.951102 0.179203
vt 0.951711 0.176424
vt 0.951862 0.179118
vt 0.949347 0.176964
vt 0.950499 0.176561
vt 0.950004 0.179732
vt 0.950523 0.179406
vt 0.949571 0.180165
vt 0.948314 0.177613
vt 0.946803 0.179508
vt 0.947452 0.178475
vt 0.949245 0.180684
vt 0.946400 0.180660
vt 0.949042 0.181263
vt 0.946263 0.181872
vt 0.954991 0.194591
vt 0.951862 0.197497
vt 0.948957 0.182023
vt 0.952086 0.179118
vt 0.664195 0.949863
vt 0.664955 0.948911
vt 0.666052 0.948383
vt 0.719343 0.682757
vt 0.722120 0.683198
vt 0.719343 0.683198
vt 0.116734 0.790383
vt 0.119511 0.790383
vt 0.357217 0.573249
vt 0.354440 0.572609
vt 0.357217 0.572609
vt 0.116734 0.789665
vt 0.119511 0.789665
vt 0.119511 0.789466
vt 0.116734 0.788825
vt 0.119511 0.788825
vt 0.719343 0.686440
vt 0.722120 0.687081
vt 0.719343 0.687081
vt 0.357217 0.587959
vt 0.354440 0.587518
vt 0.357217 0.587518
vt 0.354440 0.501758
vt 0.357217 0.502195
vt 0.354440 0.502195
vt 0.354440 0.586994
vt 0.357217 0.586994
vt 0.357217 0.502717
vt 0.354440 0.502717
vt 0.354440 0.586412
vt 0.357217 0.586412
vt 0.357217 0.503297
vt 0.354440 0.503297
vt 0.354440 0.585801
vt 0.357217 0.585801
vt 0.357217 0.503906
vt 0.354440 0.503906
vt 0.354440 0.585194
vt 0.357217 0.585194
vt 0.357217 0.504515
vt 0.354440 0.504515
vt 0.354440 0.584476
vt 0.357217 0.584476
vt 0.719343 0.685523
vt 0.722120 0.686241
vt 0.719343 0.686241
vt 0.357217 0.505235
vt 0.354440 0.505235
vt 0.354440 0.516515
vt 0.357217 0.517160
vt 0.354440 0.517160
vt 0.719343 0.684916
vt 0.722120 0.685523
vt 0.354440 0.573249
vt 0.119511 0.793149
vt 0.116734 0.792708
vt 0.119511 0.792708
vt 0.719343 0.684305
vt 0.722120 0.684916
vt 0.116734 0.789466
vt 0.116734 0.792183
vt 0.119511 0.792183
vt 0.719343 0.683723
vt 0.722120 0.684305
vt 0.357217 0.516515
vt 0.116734 0.791601
vt 0.722120 0.683723
vt 0.722120 0.686440
vt 0.673393 0.837852
vt 0.673393 0.723016
vt 0.977202 0.538922
vt 0.968875 0.545121
vt 0.203951 0.682510
vt 0.190273 0.682510
vt 0.580406 0.943669
vt 0.650488 0.786871
vt 0.651613 0.786398
vt 0.655680 0.793936
vt 0.649287 0.787082
vt 0.646120 0.799288
vt 0.648068 0.787020
vt 0.645129 0.799999
vt 0.645824 0.786105
vt 0.646894 0.786689
vt 0.644321 0.800913
vt 0.644910 0.785297
vt 0.643736 0.801984
vt 0.644198 0.784306
vt 0.643405 0.803158
vt 0.643469 0.782722
vt 0.643941 0.783847
vt 0.643343 0.804376
vt 0.643258 0.781521
vt 0.650574 0.809727
vt 0.651698 0.809254
vt 0.657436 0.815857
vt 0.649372 0.809938
vt 0.646205 0.822144
vt 0.648154 0.809876
vt 0.645214 0.822855
vt 0.645909 0.808960
vt 0.646980 0.809545
vt 0.644406 0.823769
vt 0.644995 0.808152
vt 0.643822 0.824840
vt 0.644284 0.807161
vt 0.643491 0.826014
vt 0.643554 0.805578
vt 0.644027 0.806702
vt 0.643429 0.827232
vt 0.651527 0.763542
vt 0.657265 0.770146
vt 0.650403 0.764015
vt 0.646034 0.776432
vt 0.649201 0.764226
vt 0.645043 0.777144
vt 0.645738 0.763249
vt 0.647983 0.764164
vt 0.646809 0.763833
vt 0.644235 0.778058
vt 0.644824 0.762441
vt 0.643651 0.779128
vt 0.644113 0.761450
vt 0.643319 0.780302
vt 0.643383 0.759866
vt 0.643856 0.760991
vt 0.643172 0.758665
vt 0.651784 0.832110
vt 0.663015 0.825823
vt 0.671069 0.837965
vt 0.645948 0.753577
vt 0.644957 0.754288
vt 0.644150 0.755202
vt 0.650659 0.832583
vt 0.643565 0.756273
vt 0.643234 0.757447
vt 0.649458 0.832793
vt 0.648240 0.832732
vt 0.647066 0.832400
vt 0.645995 0.831816
vt 0.643640 0.828434
vt 0.645081 0.831008
vt 0.240337 0.780847
vt 0.236270 0.788385
vt 0.235145 0.787912
vt 0.233944 0.787702
vt 0.230776 0.775496
vt 0.232725 0.787763
vt 0.229785 0.774784
vt 0.230480 0.788679
vt 0.231551 0.788095
vt 0.228978 0.773870
vt 0.229566 0.789487
vt 0.228393 0.772799
vt 0.228855 0.790478
vt 0.228062 0.771626
vt 0.228125 0.792061
vt 0.228598 0.790937
vt 0.228000 0.770407
vt 0.227914 0.793263
vt 0.230691 0.798351
vt 0.241922 0.804638
vt 0.233858 0.810557
vt 0.236184 0.811241
vt 0.235059 0.810768
vt 0.229700 0.797640
vt 0.230395 0.811535
vt 0.232640 0.810619
vt 0.228892 0.796726
vt 0.229481 0.812343
vt 0.231466 0.810950
vt 0.228308 0.795655
vt 0.228770 0.813334
vt 0.227976 0.794481
vt 0.228040 0.814917
vt 0.228513 0.813793
vt 0.227829 0.816119
vt 0.242093 0.758927
vt 0.236355 0.765530
vt 0.235231 0.765057
vt 0.230862 0.752640
vt 0.234029 0.764846
vt 0.229871 0.751929
vt 0.230566 0.765823
vt 0.232811 0.764908
vt 0.231637 0.765239
vt 0.229063 0.751015
vt 0.229652 0.766631
vt 0.228479 0.749944
vt 0.228941 0.767622
vt 0.228147 0.748770
vt 0.228211 0.769206
vt 0.228684 0.768081
vt 0.228086 0.747552
vt 0.229614 0.820496
vt 0.230605 0.821207
vt 0.255726 0.736818
vt 0.235316 0.742201
vt 0.247672 0.748961
vt 0.236441 0.742674
vt 0.228806 0.819582
vt 0.228222 0.818511
vt 0.234115 0.741990
vt 0.227891 0.817337
vt 0.232896 0.742052
vt 0.231722 0.742383
vt 0.230652 0.742968
vt 0.229738 0.743776
vt 0.228297 0.746350
vt 0.247415 0.817528
vt 0.244248 0.805322
vt 0.243046 0.805111
vt 0.248406 0.818239
vt 0.247711 0.804344
vt 0.245466 0.805260
vt 0.249214 0.819153
vt 0.248625 0.803536
vt 0.246640 0.804929
vt 0.249798 0.820224
vt 0.249336 0.802545
vt 0.250129 0.821398
vt 0.250066 0.800962
vt 0.249593 0.802086
vt 0.250191 0.822616
vt 0.250277 0.799760
vt 0.247500 0.794672
vt 0.244333 0.782466
vt 0.242007 0.781782
vt 0.243132 0.782255
vt 0.248491 0.795383
vt 0.247796 0.781489
vt 0.249299 0.796297
vt 0.248710 0.780681
vt 0.245552 0.782404
vt 0.246726 0.782073
vt 0.249884 0.797368
vt 0.249422 0.779690
vt 0.250215 0.798542
vt 0.250151 0.778106
vt 0.249679 0.779231
vt 0.250362 0.776905
vt 0.247586 0.771816
vt 0.244419 0.759610
vt 0.243217 0.759400
vt 0.248577 0.772528
vt 0.247882 0.758633
vt 0.245637 0.759549
vt 0.249385 0.773442
vt 0.248796 0.757825
vt 0.246811 0.759217
vt 0.249969 0.774512
vt 0.249507 0.756834
vt 0.250300 0.775686
vt 0.250237 0.755251
vt 0.249764 0.756375
vt 0.250448 0.754049
vt 0.241836 0.827494
vt 0.248663 0.749672
vt 0.249470 0.750586
vt 0.242961 0.827967
vt 0.250055 0.751657
vt 0.250386 0.752831
vt 0.244162 0.828178
vt 0.245380 0.828116
vt 0.246554 0.827784
vt 0.247625 0.827200
vt 0.249980 0.823818
vt 0.248539 0.826392
vt 0.671069 0.723023
vt 0.658389 0.769673
vt 0.662758 0.757256
vt 0.659591 0.769462
vt 0.663749 0.756544
vt 0.663054 0.770439
vt 0.660809 0.769524
vt 0.664557 0.755630
vt 0.663968 0.771247
vt 0.661983 0.769855
vt 0.665141 0.754560
vt 0.664679 0.772238
vt 0.665473 0.753386
vt 0.665409 0.773822
vt 0.664936 0.772697
vt 0.665534 0.752167
vt 0.665620 0.775023
vt 0.657179 0.747290
vt 0.664006 0.825112
vt 0.664814 0.824198
vt 0.658304 0.746817
vt 0.665398 0.823127
vt 0.665729 0.821953
vt 0.659505 0.746606
vt 0.660724 0.746668
vt 0.665791 0.820735
vt 0.665644 0.799097
vt 0.661898 0.746999
vt 0.662968 0.747584
vt 0.665706 0.797879
vt 0.665580 0.819533
vt 0.665107 0.818409
vt 0.665312 0.800271
vt 0.663882 0.748391
vt 0.664594 0.749382
vt 0.664850 0.817950
vt 0.664851 0.749841
vt 0.665323 0.750966
vt 0.658561 0.815384
vt 0.659762 0.815173
vt 0.662929 0.802967
vt 0.660980 0.815235
vt 0.663920 0.802256
vt 0.663225 0.816151
vt 0.662154 0.815566
vt 0.664728 0.801342
vt 0.664139 0.816959
vt 0.665558 0.776241
vt 0.665495 0.796677
vt 0.665227 0.777415
vt 0.665022 0.795553
vt 0.664643 0.778486
vt 0.664765 0.795094
vt 0.663835 0.779400
vt 0.664054 0.794103
vt 0.657350 0.793001
vt 0.658475 0.792528
vt 0.663140 0.793295
vt 0.662069 0.792711
vt 0.957129 0.651430
vt 0.988259 0.248378
vt 0.198832 0.982641
vt 0.452354 0.972472
vt 0.355718 0.972600
vt 0.352672 0.974515
vt 0.355718 0.996093
vt 0.352672 0.994178
vt 0.351620 0.991994
vt 0.362768 0.991994
vt 0.358669 0.996093
vt 0.359820 0.973003
vt 0.361716 0.974515
vt 0.362768 0.976699
vt 0.715174 0.958565
vt 0.715398 0.958565
vt 0.718303 0.961471
vt 0.716158 0.958651
vt 0.716737 0.958853
vt 0.717256 0.959179
vt 0.717689 0.959613
vt 0.718015 0.960132
vt 0.718217 0.960710
vt 0.718303 0.974039
vt 0.712269 0.974039
vt 0.718217 0.974799
vt 0.715398 0.976944
vt 0.718015 0.975378
vt 0.717689 0.975897
vt 0.717256 0.976330
vt 0.716737 0.976656
vt 0.716158 0.976858
vt 0.715174 0.976944
vt 0.714414 0.976858
vt 0.713835 0.976656
vt 0.713316 0.976330
vt 0.712883 0.975897
vt 0.712557 0.975378
vt 0.712355 0.974799
vt 0.712269 0.961471
vt 0.712557 0.960132
vt 0.713316 0.959179
vt 0.713835 0.958853
vt 0.719343 0.649520
vt 0.525996 0.598133
vt 0.354440 0.430857
vt 0.354440 0.432395
vt 0.525996 0.594650
vt 0.802315 0.205398
vt 0.959453 0.659569
vt 0.987906 0.146373
vt 0.980718 0.437158
vt 0.780363 0.953687
vt 0.525013 0.821136
vt 0.524150 0.800610
vt 0.525662 0.802505
vt 0.515969 0.801472
vt 0.519015 0.823050
vt 0.516831 0.821998
vt 0.780850 0.205398
vt 0.780626 0.205398
vt 0.777721 0.202493
vt 0.779866 0.205312
vt 0.779287 0.205110
vt 0.778768 0.204784
vt 0.778335 0.204350
vt 0.778009 0.203831
vt 0.777807 0.203253
vt 0.777721 0.189924
vt 0.783755 0.189924
vt 0.777807 0.189164
vt 0.780626 0.187019
vt 0.778009 0.188586
vt 0.778335 0.188067
vt 0.778768 0.187633
vt 0.779287 0.187307
vt 0.779866 0.187105
vt 0.780850 0.187019
vt 0.781610 0.187105
vt 0.782189 0.187307
vt 0.782708 0.187633
vt 0.783141 0.188067
vt 0.783467 0.188586
vt 0.783669 0.189164
vt 0.783755 0.202493
vt 0.783467 0.203831
vt 0.782708 0.204784
vt 0.782189 0.205110
vt 0.719343 0.662815
vt 0.357217 0.623308
vt 0.354440 0.448582
vt 0.119511 0.786501
vt 0.988486 0.885406
vt 0.978654 0.870406
vt 0.988486 0.903551
vt 0.196508 0.982641
vt 0.438823 0.972472
vt 0.699978 0.522827
vt 0.699115 0.502301
vt 0.700627 0.504196
vt 0.690284 0.504196
vt 0.692829 0.501652
vt 0.693980 0.524741
vt 0.690934 0.522827
vt 0.788984 0.187019
vt 0.789208 0.187019
vt 0.792113 0.189924
vt 0.789968 0.187105
vt 0.790547 0.187307
vt 0.791066 0.187633
vt 0.791499 0.188067
vt 0.791825 0.188586
vt 0.792027 0.189164
vt 0.792113 0.202493
vt 0.786079 0.202493
vt 0.792027 0.203253
vt 0.789208 0.205398
vt 0.791825 0.203831
vt 0.791499 0.204350
vt 0.791066 0.204784
vt 0.790547 0.205110
vt 0.789968 0.205312
vt 0.788984 0.205398
vt 0.788224 0.205312
vt 0.787645 0.205110
vt 0.787126 0.204784
vt 0.786693 0.204350
vt 0.786367 0.203831
vt 0.786165 0.203253
vt 0.786079 0.189924
vt 0.786367 0.188586
vt 0.787126 0.187633
vt 0.787645 0.187307
vt 0.719343 0.676110
vt 0.525996 0.580459
vt 0.354440 0.484033
vt 0.354440 0.485571
vt 0.119511 0.806443
vt 0.119511 0.805478
vt 0.971888 0.870406
vt 0.988259 0.226888
vt 0.113364 0.984367
vt 0.459120 0.972472
vt 0.904163 0.989566
vt 0.905215 0.987382
vt 0.902267 0.968391
vt 0.904812 0.970935
vt 0.894470 0.970935
vt 0.897014 0.968391
vt 0.898166 0.991480
vt 0.895119 0.989566
vt 0.617668 0.959773
vt 0.617445 0.959773
vt 0.614539 0.956868
vt 0.616684 0.959687
vt 0.616106 0.959485
vt 0.615587 0.959159
vt 0.615153 0.958726
vt 0.614827 0.958207
vt 0.614625 0.957628
vt 0.614539 0.944300
vt 0.620573 0.944300
vt 0.614625 0.943539
vt 0.617445 0.941394
vt 0.614827 0.942961
vt 0.615153 0.942442
vt 0.615587 0.942008
vt 0.616106 0.941682
vt 0.616684 0.941480
vt 0.617668 0.941394
vt 0.618428 0.941480
vt 0.619007 0.941682
vt 0.619526 0.942008
vt 0.619959 0.942442
vt 0.620285 0.942961
vt 0.620488 0.943539
vt 0.620573 0.956868
vt 0.620285 0.958207
vt 0.619526 0.959159
vt 0.619007 0.959485
vt 0.719343 0.669462
vt 0.357217 0.570285
vt 0.354440 0.466308
vt 0.525996 0.794195
vt 0.712681 0.715556
vt 0.719099 0.837852
vt 0.934883 0.499415
vt 0.977202 0.505614
vt 0.609459 0.941394
vt 0.612215 0.988142
vt 0.966219 0.654511
vt 0.966219 0.651430
vt 0.479722 0.991638
vt 0.780363 0.983364
vt 0.461444 0.972472
vt 0.953504 0.973873
vt 0.956409 0.970968
vt 0.953281 0.973873
vt 0.952520 0.973787
vt 0.950461 0.971728
vt 0.951942 0.973585
vt 0.951423 0.973259
vt 0.950989 0.972825
vt 0.950663 0.972306
vt 0.950375 0.970968
vt 0.950375 0.958399
vt 0.950461 0.957639
vt 0.952520 0.955580
vt 0.950663 0.957061
vt 0.950989 0.956542
vt 0.951423 0.956108
vt 0.951942 0.955782
vt 0.953281 0.955494
vt 0.953504 0.955494
vt 0.954264 0.955580
vt 0.956324 0.957639
vt 0.954843 0.955782
vt 0.955362 0.956108
vt 0.955795 0.956542
vt 0.956121 0.957061
vt 0.956409 0.958399
vt 0.956324 0.971728
vt 0.955795 0.972825
vt 0.954843 0.973585
vt 0.722120 0.642873
vt 0.523219 0.615807
vt 0.357217 0.519484
vt 0.116734 0.799796
vt 0.960681 0.873487
vt 0.960681 0.870406
vt 0.472957 0.991638
vt 0.189743 0.981763
vt 0.189743 0.977136
vt 0.365228 0.972464
vt 0.949234 0.790619
vt 0.949994 0.790533
vt 0.947089 0.793438
vt 0.950218 0.790533
vt 0.950978 0.790619
vt 0.953038 0.792678
vt 0.951557 0.790821
vt 0.952076 0.791147
vt 0.952509 0.791581
vt 0.952835 0.792100
vt 0.953123 0.793438
vt 0.953038 0.806767
vt 0.950978 0.808826
vt 0.952835 0.807345
vt 0.952509 0.807864
vt 0.952076 0.808298
vt 0.951557 0.808624
vt 0.950218 0.808912
vt 0.949234 0.808826
vt 0.947175 0.806767
vt 0.948655 0.808624
vt 0.948136 0.808298
vt 0.947703 0.807864
vt 0.947377 0.807345
vt 0.947175 0.792678
vt 0.947377 0.792100
vt 0.947703 0.791581
vt 0.948136 0.791147
vt 0.948655 0.790821
vt 0.722120 0.656168
vt 0.354440 0.605633
vt 0.525996 0.547383
vt 0.116734 0.779854
vt 0.167984 0.975523
vt 0.178536 0.981150
vt 0.972984 0.654511
vt 0.972984 0.651430
vt 0.167984 0.993668
vt 0.441147 0.991686
vt 0.178536 0.976423
vt 0.441147 0.972472
vt 0.715398 0.956241
vt 0.718303 0.953336
vt 0.715174 0.956241
vt 0.714414 0.956156
vt 0.712355 0.954096
vt 0.713835 0.955953
vt 0.713316 0.955627
vt 0.712883 0.955194
vt 0.712557 0.954675
vt 0.712269 0.953336
vt 0.712269 0.940768
vt 0.712355 0.940007
vt 0.714414 0.937948
vt 0.712557 0.939429
vt 0.712883 0.938910
vt 0.713316 0.938477
vt 0.713835 0.938150
vt 0.715174 0.937862
vt 0.715398 0.937862
vt 0.716158 0.937948
vt 0.718217 0.940007
vt 0.716737 0.938150
vt 0.717256 0.938477
vt 0.717689 0.938910
vt 0.718015 0.939429
vt 0.718303 0.940768
vt 0.718217 0.954096
vt 0.717689 0.955194
vt 0.716737 0.955953
vt 0.119511 0.768883
vt 0.523219 0.633481
vt 0.357217 0.537209
vt 0.794437 0.205398
vt 0.954817 0.977688
vt 0.294554 0.922686
vt 0.294554 0.919605
vt 0.992927 0.925042
vt 0.954817 0.984336
vt 0.371994 0.972464
vt 0.666812 0.948297
vt 0.663907 0.951202
vt 0.667036 0.948297
vt 0.667796 0.948383
vt 0.669856 0.950442
vt 0.668375 0.948585
vt 0.668894 0.948911
vt 0.669327 0.949344
vt 0.669653 0.949863
vt 0.669941 0.951202
vt 0.669941 0.963770
vt 0.669856 0.964531
vt 0.667796 0.966590
vt 0.669653 0.965109
vt 0.669327 0.965628
vt 0.668894 0.966062
vt 0.668375 0.966388
vt 0.667036 0.966676
vt 0.666812 0.966676
vt 0.666052 0.966590
vt 0.663993 0.964531
vt 0.665474 0.966388
vt 0.664955 0.966062
vt 0.664521 0.965628
vt 0.664195 0.965109
vt 0.663907 0.963770
vt 0.663993 0.950442
vt 0.664521 0.949344
vt 0.665474 0.948585
vt 0.722120 0.682757
vt 0.354440 0.587959
vt 0.357217 0.501758
vt 0.116734 0.793149
vt 0.679811 0.715556
vt 0.934883 0.545121
vt 0.206927 0.808310
vt 0.579345 0.988142
vt 0.582102 0.941394
vn -1.0000 0.0000 0.0000
vn 1.0000 -0.0000 0.0000
vn -0.7105 -0.3475 0.6119
vn -0.7945 -0.6072 -0.0000
vn 0.0000 0.8458 0.5334
vn 0.0000 0.9002 0.4354
vn 0.0000 0.8458 0.5335
vn 0.7945 -0.6072 -0.0000
vn 0.7105 -0.3475 0.6119
vn 0.0000 -0.4354 0.9002
vn 0.0000 -0.5334 0.8458
vn 0.0000 0.4354 -0.9002
vn 0.0000 0.5334 -0.8458
vn 0.0000 -0.9002 -0.4354
vn 0.0000 -0.8458 -0.5335
vn 0.0000 -0.8458 -0.5334
vn 0.0000 0.9605 0.2784
vn 0.0000 0.9983 0.0577
vn 0.0000 0.9861 -0.1659
vn 0.0000 0.9245 -0.3811
vn 0.0000 0.8165 -0.5773
vn 0.0000 0.6676 -0.7445
vn 0.0000 -0.7445 -0.6676
vn 0.0000 -0.5773 -0.8165
vn 0.0000 -0.3811 -0.9245
vn 0.0000 -0.1659 -0.9861
vn 0.0000 0.0577 -0.9983
vn 0.0000 0.2784 -0.9605
vn 0.0000 -0.6676 0.7445
vn 0.0000 -0.8165 0.5773
vn 0.0000 -0.9245 0.3811
vn 0.0000 -0.9862 0.1659
vn 0.0000 -0.9983 -0.0577
vn 0.0000 -0.9605 -0.2784
vn 0.0000 0.7445 0.6676
vn 0.0000 0.5773 0.8165
vn 0.0000 0.3811 0.9245
vn 0.0000 0.1659 0.9861
vn 0.0000 -0.0577 0.9983
vn 0.0000 -0.2784 0.9605
vn 0.0000 -0.9861 0.1659
vn 0.0000 0.9003 0.4354
vn -0.0000 0.4852 -0.8744
vn 0.0000 0.1659 0.9862
vn 0.0000 0.5335 -0.8458
vn -0.0000 1.0000 -0.0037
vn 0.0000 0.5608 -0.8280
vn 0.0000 -0.9995 -0.0309
vn 0.0000 -0.4748 0.8801
usemtl Paint.001
s 1
f 3028/4679/873 3025/4680/873 2635/4681/873
f 2114/4682/874 2504/4683/874 2507/4684/874
f 2115/4685/874 2618/4686/874 2556/4687/874
f 2639/4688/875 2637/4689/875 2638/4690/875
f 3116/4691/873 3120/4692/873 3034/4693/873
f 2635/4681/876 2632/4694/876 2630/4695/876
f 3080/4696/877 2665/4697/878 2688/4698/879
f 2109/4699/880 2111/4700/880 2114/4682/880
f 2116/4701/881 2118/4702/881 2117/4703/881
f 2144/4704/878 2559/4705/877 2167/4706/879
f 2174/4707/882 2519/4708/883 2159/4709/883
f 2158/4710/884 2621/4711/885 2150/4712/885
f 2166/4713/886 2618/4714/887 2151/4715/888
f 2143/4716/889 2562/4717/878 2144/4704/878
f 2145/4718/890 2563/4719/889 2143/4716/889
f 2146/4720/891 2561/4721/890 2145/4718/890
f 2146/4720/891 2623/4722/892 2622/4723/891
f 2148/4724/893 2623/4722/892 2147/4725/892
f 2149/4726/894 2619/4727/893 2148/4724/893
f 2150/4712/885 2620/4728/894 2149/4729/894
f 2151/4715/888 2615/4730/895 2152/4731/895
f 2152/4732/895 2616/4733/896 2153/4734/896
f 2153/4734/896 2617/4735/897 2154/4736/897
f 2154/4736/897 2498/4737/898 2155/4738/898
f 2155/4738/898 2503/4739/899 2156/4740/899
f 2156/4740/899 2511/4741/900 2157/4742/900
f 2157/4742/900 2517/4743/884 2158/4710/884
f 2159/4709/883 2525/4744/901 2160/4745/901
f 2160/4746/901 2532/4747/902 2161/4748/902
f 2161/4748/902 2537/4749/903 2162/4750/903
f 2162/4750/903 2542/4751/904 2163/4752/904
f 2163/4752/904 2547/4753/905 2164/4754/905
f 2164/4754/905 2552/4755/906 2165/4756/906
f 2166/4713/886 2552/4755/906 2556/4757/886
f 2167/4706/879 2566/4758/907 2168/4759/907
f 2168/4760/907 2568/4761/908 2169/4762/908
f 2169/4762/908 2575/4763/909 2170/4764/909
f 2170/4764/909 2579/4765/910 2171/4766/910
f 2171/4766/910 2590/4767/911 2172/4768/911
f 2172/4768/911 2495/4769/912 2173/4770/912
f 2173/4770/912 2500/4771/882 2174/4707/882
f 2196/4772/905 2139/4773/913 2138/4774/905
f 2104/4775/874 2144/4776/874 2100/4777/874
f 2145/4778/874 2104/4775/874 2105/4779/874
f 2146/4780/874 2105/4779/874 2107/4781/874
f 2110/4782/874 2146/4780/874 2107/4781/874
f 2148/4783/874 2110/4782/874 2112/4784/874
f 2149/4785/874 2112/4784/874 2113/4786/874
f 2150/4787/874 2113/4786/874 2102/4788/874
f 2151/4789/874 2126/4790/874 2120/4791/874
f 2126/4790/874 2153/4792/874 2125/4793/874
f 2125/4793/874 2154/4794/874 2124/4795/874
f 2154/4794/874 2123/4796/874 2124/4795/874
f 2123/4796/874 2156/4797/874 2122/4798/874
f 2156/4797/874 2121/4799/874 2122/4798/874
f 2121/4799/874 2158/4800/874 2119/4801/874
f 2159/4802/874 2142/4803/874 2136/4804/874
f 2142/4803/874 2161/4805/874 2141/4806/874
f 2141/4806/874 2162/4807/874 2140/4808/874
f 2162/4807/874 2139/4809/874 2140/4808/874
f 2163/4810/874 2138/4811/874 2139/4809/874
f 2164/4812/874 2137/4813/874 2138/4811/874
f 2137/4813/874 2166/4814/874 2135/4815/874
f 2167/4816/874 2134/4817/874 2128/4818/874
f 2168/4819/874 2133/4820/874 2134/4817/874
f 2133/4820/874 2170/4821/874 2132/4822/874
f 2170/4821/874 2131/4823/874 2132/4822/874
f 2131/4823/874 2172/4824/874 2130/4825/874
f 2172/4824/874 2129/4826/874 2130/4825/874
f 2129/4826/874 2174/4827/874 2127/4828/874
f 2158/4800/874 2102/4788/874 2119/4801/874
f 2135/4815/874 2151/4789/874 2120/4791/874
f 2174/4827/874 2136/4804/874 2127/4828/874
f 2100/4777/874 2167/4816/874 2128/4818/874
f 2194/4829/874 2197/4830/874 2192/4831/874
f 2180/4832/893 2113/4833/894 2112/4834/893
f 2197/4835/906 2138/4774/905 2137/4836/906
f 2181/4837/894 2102/4838/885 2113/4839/894
f 2198/4840/886 2137/4836/906 2135/4841/886
f 2184/4842/895 2120/4843/888 2126/4844/895
f 2200/4845/907 2128/4846/879 2134/4847/907
f 2185/4848/896 2126/4849/895 2125/4850/896
f 2201/4851/908 2134/4852/907 2133/4853/908
f 2186/4854/897 2125/4850/896 2124/4855/897
f 2132/4856/909 2201/4851/908 2133/4853/908
f 2187/4857/898 2124/4855/897 2123/4858/898
f 2131/4859/910 2202/4860/909 2132/4856/909
f 2188/4861/899 2123/4858/898 2122/4862/899
f 2204/4863/911 2131/4859/910 2130/4864/911
f 2189/4865/900 2122/4862/899 2121/4866/900
f 2205/4867/912 2130/4864/911 2129/4868/912
f 2119/4869/884 2189/4865/900 2121/4866/900
f 2176/4870/914 2104/4871/889 2100/4872/878
f 2206/4873/882 2129/4868/912 2127/4874/882
f 2192/4875/901 2136/4876/883 2142/4877/901
f 2175/4878/889 2105/4879/890 2104/4871/889
f 2182/4880/885 2119/4869/884 2102/4838/885
f 2193/4881/902 2142/4882/901 2141/4883/902
f 2177/4884/890 2107/4885/891 2105/4879/890
f 2183/4886/887 2135/4841/886 2120/4843/888
f 2194/4887/903 2141/4883/902 2140/4888/903
f 2178/4889/891 2110/4890/892 2107/4885/891
f 2191/4891/883 2127/4874/882 2136/4876/883
f 2195/4892/904 2140/4888/903 2139/4773/913
f 2179/4893/892 2112/4834/893 2110/4890/892
f 2199/4894/877 2100/4872/878 2128/4846/879
f 2240/4895/878 2506/4896/877 2263/4897/879
f 2270/4898/882 2513/4899/883 2255/4900/883
f 2254/4901/884 2523/4902/885 2246/4903/885
f 2262/4904/886 2531/4905/888 2247/4906/888
f 2239/4907/889 2510/4908/878 2240/4895/878
f 2241/4909/890 2538/4910/889 2239/4907/889
f 2242/4911/891 2543/4912/890 2241/4909/890
f 2242/4911/891 2553/4913/892 2548/4914/891
f 2244/4915/893 2553/4913/892 2243/4916/892
f 2245/4917/894 2557/4918/893 2244/4915/893
f 2246/4903/885 2565/4919/894 2245/4920/894
f 2247/4906/888 2577/4921/895 2248/4922/895
f 2248/4923/895 2580/4924/896 2249/4925/896
f 2249/4925/896 2588/4926/897 2250/4927/897
f 2250/4927/897 2497/4928/898 2251/4929/898
f 2251/4929/898 2502/4930/899 2252/4931/899
f 2252/4931/899 2508/4932/900 2253/4933/900
f 2253/4933/900 2515/4934/884 2254/4901/884
f 2255/4900/883 2524/4935/901 2256/4936/901
f 2257/4937/902 2524/4938/901 2530/4939/902
f 2258/4940/903 2530/4939/902 2536/4941/903
f 2259/4942/904 2536/4941/903 2541/4943/913
f 2260/4944/905 2541/4943/913 2546/4945/905
f 2261/4946/906 2546/4945/905 2551/4947/906
f 2261/4946/906 2533/4948/886 2262/4904/886
f 2263/4897/879 2564/4949/907 2264/4950/907
f 2264/4951/907 2567/4952/908 2265/4953/908
f 2265/4953/908 2571/4954/909 2266/4955/909
f 2266/4955/909 2573/4956/910 2267/4957/910
f 2267/4957/910 2574/4958/911 2268/4959/911
f 2268/4959/911 2569/4960/912 2269/4961/912
f 2269/4961/912 2496/4962/882 2270/4898/882
f 2292/4963/905 2235/4964/913 2234/4965/905
f 2209/4966/874 2240/4967/874 2207/4968/874
f 2210/4969/874 2239/4970/874 2209/4966/874
f 2211/4971/874 2241/4972/874 2210/4969/874
f 2212/4973/874 2242/4974/874 2211/4971/874
f 2244/4975/874 2212/4973/874 2213/4976/874
f 2245/4977/874 2213/4976/874 2214/4978/874
f 2246/4979/874 2214/4978/874 2208/4980/874
f 2247/4981/874 2222/4982/874 2216/4983/874
f 2248/4984/874 2221/4985/874 2222/4982/874
f 2249/4986/874 2220/4987/874 2221/4985/874
f 2220/4987/874 2251/4988/874 2219/4989/874
f 2251/4988/874 2218/4990/874 2219/4989/874
f 2218/4990/874 2253/4991/874 2217/4992/874
f 2217/4992/874 2254/4993/874 2215/4994/874
f 2255/4995/874 2238/4996/874 2232/4997/874
f 2256/4998/874 2237/4999/874 2238/4996/874
f 2257/5000/874 2236/5001/874 2237/4999/874
f 2236/5001/874 2259/5002/874 2235/5003/874
f 2235/5003/874 2260/5004/874 2234/5005/874
f 2234/5005/874 2261/5006/874 2233/5007/874
f 2233/5007/874 2262/5008/874 2231/5009/874
f 2263/5010/874 2230/5011/874 2224/5012/874
f 2230/5011/874 2265/5013/874 2229/5014/874
f 2265/5013/874 2228/5015/874 2229/5014/874
f 2228/5015/874 2267/5016/874 2227/5017/874
f 2227/5017/874 2268/5018/874 2226/5019/874
f 2226/5019/874 2269/5020/874 2225/5021/874
f 2225/5021/874 2270/5022/874 2223/5023/874
f 2215/4994/874 2246/4979/874 2208/4980/874
f 2262/5008/874 2216/4983/874 2231/5009/874
f 2270/5022/874 2232/4997/874 2223/5023/874
f 2240/4967/874 2224/5012/874 2207/4968/874
f 2290/5024/874 2293/5025/874 2288/5026/874
f 2276/5027/893 2214/5028/894 2213/5029/893
f 2293/5030/906 2234/4965/905 2233/5031/906
f 2277/5032/894 2208/5033/885 2214/5034/894
f 2294/5035/886 2233/5031/906 2231/5036/886
f 2280/5037/895 2216/5038/888 2222/5039/895
f 2296/5040/907 2224/5041/879 2230/5042/907
f 2281/5043/896 2222/5044/895 2221/5045/896
f 2297/5046/908 2230/5047/907 2229/5048/908
f 2282/5049/897 2221/5045/896 2220/5050/897
f 2298/5051/909 2229/5048/908 2228/5052/909
f 2283/5053/898 2220/5050/897 2219/5054/898
f 2299/5055/910 2228/5052/909 2227/5056/910
f 2284/5057/899 2219/5054/898 2218/5058/899
f 2300/5059/911 2227/5056/910 2226/5060/911
f 2285/5061/900 2218/5058/899 2217/5062/900
f 2301/5063/912 2226/5060/911 2225/5064/912
f 2286/5065/884 2217/5062/900 2215/5066/884
f 2272/5067/914 2209/5068/889 2207/5069/878
f 2302/5070/882 2225/5064/912 2223/5071/882
f 2288/5072/901 2232/5073/883 2238/5074/901
f 2271/5075/889 2210/5076/890 2209/5068/889
f 2278/5077/885 2215/5066/884 2208/5033/885
f 2289/5078/902 2238/5079/901 2237/5080/902
f 2273/5081/890 2211/5082/891 2210/5076/890
f 2279/5083/887 2231/5036/886 2216/5038/888
f 2290/5084/903 2237/5080/902 2236/5085/903
f 2274/5086/891 2212/5087/892 2211/5082/891
f 2287/5088/883 2223/5071/882 2232/5073/883
f 2291/5089/904 2236/5085/903 2235/4964/913
f 2275/5090/892 2213/5029/893 2212/5087/892
f 2295/5091/877 2207/5069/878 2224/5041/879
f 2336/5092/878 2501/5093/877 2359/5094/879
f 2366/5095/882 2509/5096/883 2351/5097/883
f 2350/5098/884 2520/5099/884 2521/5100/915
f 2358/5101/886 2526/5102/888 2343/5103/888
f 2335/5104/889 2505/5105/878 2336/5092/878
f 2337/5106/890 2534/5107/889 2335/5104/889
f 2338/5108/891 2539/5109/890 2337/5106/890
f 2338/5108/891 2549/5110/892 2544/5111/891
f 2340/5112/893 2549/5110/892 2339/5113/892
f 2341/5114/894 2554/5115/893 2340/5112/893
f 2342/5116/885 2558/5117/894 2341/5118/894
f 2343/5103/888 2570/5119/895 2344/5120/895
f 2344/5121/895 2578/5122/896 2345/5123/896
f 2345/5123/896 2586/5124/897 2346/5125/897
f 2346/5125/897 2595/5126/898 2347/5127/898
f 2347/5127/898 2599/5128/899 2348/5129/899
f 2348/5129/899 2603/5130/900 2349/5131/900
f 2349/5131/900 2520/5099/884 2350/5098/884
f 2352/5132/901 2509/5096/883 2606/5133/901
f 2353/5134/902 2606/5135/901 2607/5136/902
f 2354/5137/903 2607/5136/902 2608/5138/903
f 2354/5137/903 2610/5139/913 2355/5140/913
f 2355/5140/913 2611/5141/905 2356/5142/905
f 2356/5142/905 2613/5143/906 2357/5144/906
f 2358/5101/886 2613/5143/906 2528/5145/886
f 2359/5094/879 2605/5146/907 2360/5147/907
f 2360/5148/907 2582/5149/908 2361/5150/908
f 2361/5150/908 2583/5151/909 2362/5152/909
f 2362/5152/909 2587/5153/910 2363/5154/910
f 2363/5154/910 2584/5155/911 2364/5156/911
f 2364/5156/911 2589/5157/912 2365/5158/912
f 2365/5158/912 2499/5159/882 2366/5095/882
f 2388/5160/905 2331/5161/913 2330/5162/905
f 2305/5163/874 2336/5164/874 2303/5165/874
f 2306/5166/874 2335/5167/874 2305/5163/874
f 2307/5168/874 2337/5169/874 2306/5166/874
f 2308/5170/874 2338/5171/874 2307/5168/874
f 2340/5172/874 2308/5170/874 2309/5173/874
f 2341/5174/874 2309/5173/874 2310/5175/874
f 2342/5176/874 2310/5175/874 2304/5177/874
f 2343/5178/874 2318/5179/874 2312/5180/874
f 2344/5181/874 2317/5182/874 2318/5179/874
f 2345/5183/874 2316/5184/874 2317/5182/874
f 2316/5184/874 2347/5185/874 2315/5186/874
f 2347/5185/874 2314/5187/874 2315/5186/874
f 2314/5187/874 2349/5188/874 2313/5189/874
f 2313/5189/874 2350/5190/874 2311/5191/874
f 2351/5192/874 2334/5193/874 2328/5194/874
f 2352/5195/874 2333/5196/874 2334/5193/874
f 2333/5196/874 2354/5197/874 2332/5198/874
f 2332/5198/874 2355/5199/874 2331/5200/874
f 2355/5199/874 2330/5201/874 2331/5200/874
f 2330/5201/874 2357/5202/874 2329/5203/874
f 2329/5203/874 2358/5204/874 2327/5205/874
f 2359/5206/874 2326/5207/874 2320/5208/874
f 2326/5207/874 2361/5209/874 2325/5210/874
f 2361/5209/874 2324/5211/874 2325/5210/874
f 2362/5212/874 2323/5213/874 2324/5211/874
f 2323/5213/874 2364/5214/874 2322/5215/874
f 2322/5215/874 2365/5216/874 2321/5217/874
f 2321/5217/874 2366/5218/874 2319/5219/874
f 2350/5190/874 2304/5177/874 2311/5191/874
f 2358/5204/874 2312/5180/874 2327/5205/874
f 2366/5218/874 2328/5194/874 2319/5219/874
f 2303/5165/874 2359/5206/874 2320/5208/874
f 2386/5220/874 2389/5221/874 2384/5222/874
f 2372/5223/893 2310/5224/894 2309/5225/893
f 2389/5226/906 2330/5162/905 2329/5227/906
f 2373/5228/894 2304/5229/885 2310/5230/894
f 2390/5231/886 2329/5227/906 2327/5232/886
f 2376/5233/895 2312/5234/888 2318/5235/895
f 2392/5236/907 2320/5237/879 2326/5238/907
f 2377/5239/896 2318/5240/895 2317/5241/896
f 2393/5242/908 2326/5243/907 2325/5244/908
f 2378/5245/897 2317/5241/896 2316/5246/897
f 2324/5247/909 2393/5242/908 2325/5244/908
f 2379/5248/898 2316/5246/897 2315/5249/898
f 2323/5250/910 2394/5251/909 2324/5247/909
f 2380/5252/899 2315/5249/898 2314/5253/899
f 2396/5254/911 2323/5250/910 2322/5255/911
f 2381/5256/900 2314/5253/899 2313/5257/900
f 2397/5258/912 2322/5255/911 2321/5259/912
f 2382/5260/884 2313/5257/900 2311/5261/884
f 2368/5262/914 2305/5263/889 2303/5264/878
f 2398/5265/882 2321/5259/912 2319/5266/882
f 2384/5267/901 2328/5268/883 2334/5269/901
f 2367/5270/889 2306/5271/890 2305/5263/889
f 2374/5272/885 2311/5261/884 2304/5229/885
f 2385/5273/902 2334/5274/901 2333/5275/902
f 2369/5276/890 2307/5277/891 2306/5271/890
f 2375/5278/887 2327/5232/886 2312/5234/888
f 2332/5279/903 2385/5273/902 2333/5275/902
f 2370/5280/891 2308/5281/892 2307/5277/891
f 2383/5282/883 2319/5266/882 2328/5268/883
f 2387/5283/904 2332/5279/903 2331/5161/913
f 2371/5284/892 2309/5225/893 2308/5281/892
f 2391/5285/877 2303/5264/878 2320/5237/879
f 2432/5286/878 2504/5287/877 2455/5288/879
f 2462/5289/882 2512/5290/883 2447/5291/883
f 2446/5292/884 2518/5293/885 2438/5294/885
f 2454/5295/886 2527/5296/887 2439/5297/888
f 2431/5298/889 2507/5299/878 2432/5286/878
f 2433/5300/890 2535/5301/889 2431/5298/889
f 2434/5302/891 2540/5303/890 2433/5300/890
f 2434/5302/891 2550/5304/892 2545/5305/891
f 2436/5306/893 2550/5304/892 2435/5307/892
f 2437/5308/894 2555/5309/893 2436/5306/893
f 2438/5294/885 2560/5310/894 2437/5311/894
f 2439/5297/888 2572/5312/895 2440/5313/895
f 2440/5314/895 2576/5315/896 2441/5316/896
f 2441/5316/896 2581/5317/897 2442/5318/897
f 2442/5318/897 2592/5319/898 2443/5320/898
f 2443/5320/898 2585/5321/899 2444/5322/899
f 2444/5322/899 2593/5323/900 2445/5324/900
f 2445/5324/900 2522/5325/884 2446/5292/884
f 2447/5291/883 2594/5326/901 2448/5327/901
f 2448/5328/901 2604/5329/902 2449/5330/902
f 2449/5330/902 2591/5331/903 2450/5332/903
f 2450/5332/903 2609/5333/913 2451/5334/913
f 2451/5334/913 2612/5335/905 2452/5336/905
f 2453/5337/906 2612/5335/905 2614/5338/906
f 2454/5295/886 2614/5338/906 2529/5339/886
f 2455/5288/879 2596/5340/907 2456/5341/907
f 2456/5342/907 2597/5343/908 2457/5344/908
f 2457/5344/908 2602/5345/909 2458/5346/909
f 2458/5346/909 2600/5347/916 2459/5348/916
f 2459/5348/916 2601/5349/911 2460/5350/911
f 2460/5350/911 2598/5351/912 2461/5352/912
f 2461/5352/912 2514/5353/882 2462/5289/882
f 2484/5354/905 2427/5355/913 2426/5356/905
f 2401/5357/874 2432/5358/874 2399/5359/874
f 2402/5360/874 2431/5361/874 2401/5357/874
f 2403/5362/874 2433/5363/874 2402/5360/874
f 2404/5364/874 2434/5365/874 2403/5362/874
f 2436/5366/874 2404/5364/874 2405/5367/874
f 2406/5368/874 2436/5366/874 2405/5367/874
f 2438/5369/874 2406/5368/874 2400/5370/874
f 2439/5371/874 2414/5372/874 2408/5373/874
f 2440/5374/874 2413/5375/874 2414/5372/874
f 2413/5375/874 2442/5376/874 2412/5377/874
f 2442/5376/874 2411/5378/874 2412/5377/874
f 2443/5379/874 2410/5380/874 2411/5378/874
f 2410/5380/874 2445/5381/874 2409/5382/874
f 2409/5382/874 2446/5383/874 2407/5384/874
f 2447/5385/874 2430/5386/874 2424/5387/874
f 2448/5388/874 2429/5389/874 2430/5386/874
f 2429/5389/874 2450/5390/874 2428/5391/874
f 2450/5390/874 2427/5392/874 2428/5391/874
f 2451/5393/874 2426/5394/874 2427/5392/874
f 2426/5394/874 2453/5395/874 2425/5396/874
f 2425/5396/874 2454/5397/874 2423/5398/874
f 2455/5399/874 2422/5400/874 2416/5401/874
f 2422/5400/874 2457/5402/874 2421/5403/874
f 2457/5402/874 2420/5404/874 2421/5403/874
f 2458/5405/874 2419/5406/874 2420/5404/874
f 2419/5406/874 2460/5407/874 2418/5408/874
f 2418/5408/874 2461/5409/874 2417/5410/874
f 2417/5410/874 2462/5411/874 2415/5412/874
f 2446/5383/874 2400/5370/874 2407/5384/874
f 2423/5398/874 2439/5371/874 2408/5373/874
f 2415/5412/874 2447/5385/874 2424/5387/874
f 2432/5358/874 2416/5401/874 2399/5359/874
f 2482/5413/874 2485/5414/874 2480/5415/874
f 2468/5416/893 2406/5417/894 2405/5418/893
f 2485/5419/906 2426/5356/905 2425/5420/906
f 2469/5421/894 2400/5422/917 2406/5423/894
f 2486/5424/886 2425/5420/906 2423/5425/886
f 2472/5426/895 2408/5427/888 2414/5428/895
f 2488/5429/907 2416/5430/879 2422/5431/907
f 2473/5432/896 2414/5433/895 2413/5434/896
f 2489/5435/908 2422/5436/907 2421/5437/908
f 2474/5438/897 2413/5434/896 2412/5439/897
f 2490/5440/909 2421/5437/908 2420/5441/909
f 2475/5442/898 2412/5439/897 2411/5443/898
f 2491/5444/910 2420/5441/909 2419/5445/910
f 2476/5446/899 2411/5443/898 2410/5447/899
f 2492/5448/911 2419/5445/910 2418/5449/911
f 2477/5450/900 2410/5447/899 2409/5451/900
f 2493/5452/912 2418/5449/911 2417/5453/912
f 2478/5454/884 2409/5451/900 2407/5455/884
f 2464/5456/914 2401/5457/889 2399/5458/878
f 2494/5459/882 2417/5453/912 2415/5460/882
f 2480/5461/901 2424/5462/883 2430/5463/901
f 2463/5464/889 2402/5465/890 2401/5457/889
f 2470/5466/917 2407/5455/884 2400/5422/917
f 2481/5467/902 2430/5468/901 2429/5469/902
f 2465/5470/890 2403/5471/891 2402/5465/890
f 2471/5472/887 2423/5425/886 2408/5427/888
f 2482/5473/903 2429/5469/902 2428/5474/903
f 2466/5475/891 2404/5476/892 2403/5471/891
f 2479/5477/883 2415/5460/882 2424/5462/883
f 2483/5478/913 2428/5474/903 2427/5355/913
f 2467/5479/892 2405/5418/893 2404/5476/892
f 2487/5480/877 2399/5458/878 2416/5430/879
f 2115/5481/918 2626/5482/918 2627/5483/918
f 2114/5484/919 2625/5485/919 2626/5486/919
f 2109/5487/920 2625/5488/920 2111/5489/920
f 2624/5490/921 2117/5491/921 2627/5492/921
f 3040/5493/883 2695/5494/882 2680/5495/883
f 3142/5496/885 2679/5497/884 2671/5498/885
f 3139/5499/887 2687/5500/886 2672/5501/888
f 3083/5502/878 2664/5503/889 2665/4697/878
f 3084/5504/889 2666/5505/890 2664/5503/889
f 3082/5506/890 2667/5507/891 2666/5505/890
f 2667/5507/891 3144/5508/892 2668/5509/892
f 3144/5508/892 2669/5510/893 2668/5509/892
f 3140/5511/893 2670/5512/894 2669/5510/893
f 3141/5513/894 2671/5498/885 2670/5514/894
f 3136/5515/895 2672/5501/888 2673/5516/895
f 3137/5517/896 2673/5518/895 2674/5519/896
f 3138/5520/897 2674/5519/896 2675/5521/897
f 3019/5522/898 2675/5521/897 2676/5523/898
f 3024/5524/899 2676/5523/898 2677/5525/899
f 3032/5526/900 2677/5525/899 2678/5527/900
f 3038/5528/884 2678/5527/900 2679/5497/884
f 3046/5529/901 2680/5495/883 2681/5530/901
f 3053/5531/902 2681/5532/901 2682/5533/902
f 3058/5534/903 2682/5533/902 2683/5535/903
f 3063/5536/904 2683/5535/903 2684/5537/904
f 3068/5538/905 2684/5537/904 2685/5539/905
f 3073/5540/906 2685/5539/905 2686/5541/906
f 3077/5542/886 2686/5541/906 2687/5500/886
f 3087/5543/907 2688/4698/879 2689/5544/907
f 3089/5545/908 2689/5546/907 2690/5547/908
f 3096/5548/909 2690/5547/908 2691/5549/909
f 3100/5550/910 2691/5549/909 2692/5551/910
f 3111/5552/911 2692/5551/910 2693/5553/911
f 3016/5554/912 2693/5553/911 2694/5555/912
f 3021/5556/882 2694/5555/912 2695/5494/882
f 2660/5557/913 2717/5558/905 2659/5559/905
f 2108/5560/873 2665/5561/873 2664/5562/873
f 2108/5560/873 2666/5563/873 2628/5564/873
f 2628/5564/873 2667/5565/873 2629/5566/873
f 2631/5567/873 2667/5565/873 2668/5568/873
f 2631/5567/873 2669/5569/873 2633/5570/873
f 2633/5570/873 2670/5571/873 2634/5572/873
f 2634/5572/873 2671/5573/873 2101/5574/873
f 2647/5575/873 2672/5576/873 2641/5577/873
f 2647/5575/873 2674/5578/873 2673/5579/873
f 2646/5580/873 2675/5581/873 2674/5578/873
f 2644/5582/873 2675/5581/873 2645/5583/873
f 2644/5582/873 2677/5584/873 2676/5585/873
f 2642/5586/873 2677/5584/873 2643/5587/873
f 2642/5586/873 2679/5588/873 2678/5589/873
f 2663/5590/873 2680/5591/873 2657/5592/873
f 2663/5590/873 2682/5593/873 2681/5594/873
f 2662/5595/873 2683/5596/873 2682/5593/873
f 2660/5597/873 2683/5596/873 2661/5598/873
f 2659/5599/873 2684/5600/873 2660/5597/873
f 2658/5601/873 2685/5602/873 2659/5599/873
f 2658/5601/873 2687/5603/873 2686/5604/873
f 2655/5605/873 2688/5606/873 2649/5607/873
f 2654/5608/873 2689/5609/873 2655/5605/873
f 2654/5608/873 2691/5610/873 2690/5611/873
f 2652/5612/873 2691/5610/873 2653/5613/873
f 2652/5612/873 2693/5614/873 2692/5615/873
f 2650/5616/873 2693/5614/873 2651/5617/873
f 2650/5616/873 2695/5618/873 2694/5619/873
f 2101/5574/873 2679/5588/873 2640/5620/873
f 2656/5621/873 2672/5576/873 2687/5603/873
f 2657/5592/873 2695/5618/873 2648/5622/873
f 2099/5623/873 2688/5606/873 2665/5561/873
f 2709/5624/873 2707/5625/873 2705/5626/873
f 2634/5627/894 2701/5628/893 2633/5629/893
f 2659/5559/905 2718/5630/906 2658/5631/906
f 2101/5632/885 2702/5633/894 2634/5634/894
f 2658/5631/906 2719/5635/886 2656/5636/886
f 2641/5637/888 2705/5638/895 2647/5639/895
f 2649/5640/879 2721/5641/907 2655/5642/907
f 2647/5643/895 2706/5644/896 2646/5645/896
f 2655/5646/907 2722/5647/908 2654/5648/908
f 2646/5645/896 2707/5649/897 2645/5650/897
f 2653/5651/909 2722/5647/908 2723/5652/909
f 2645/5650/897 2708/5653/898 2644/5654/898
f 2653/5651/909 2724/5655/910 2652/5656/910
f 2644/5654/898 2709/5657/899 2643/5658/899
f 2652/5656/910 2725/5659/911 2651/5660/911
f 2642/5661/900 2709/5657/899 2710/5662/900
f 2651/5660/911 2726/5663/912 2650/5664/912
f 2642/5661/900 2711/5665/884 2640/5666/884
f 2108/5667/889 2697/5668/914 2099/5669/878
f 2650/5664/912 2727/5670/882 2648/5671/882
f 2657/5672/883 2713/5673/901 2663/5674/901
f 2628/5675/890 2696/5676/889 2108/5667/889
f 2640/5666/884 2703/5677/885 2101/5632/885
f 2663/5678/901 2714/5679/902 2662/5680/902
f 2629/5681/891 2698/5682/890 2628/5675/890
f 2656/5636/886 2704/5683/887 2641/5637/888
f 2662/5680/902 2715/5684/903 2661/5685/903
f 2631/5686/892 2699/5687/891 2629/5681/891
f 2648/5671/882 2712/5688/883 2657/5672/883
f 2661/5685/903 2716/5689/904 2660/5557/913
f 2633/5629/893 2700/5690/892 2631/5686/892
f 2099/5669/878 2720/5691/877 2649/5640/879
f 3027/5692/877 2761/5693/878 2784/5694/879
f 3034/5695/883 2791/5696/882 2776/5697/883
f 3044/5698/885 2775/5699/884 2767/5700/885
f 3052/5701/888 2783/5702/886 2768/5703/888
f 3031/5704/878 2760/5705/889 2761/5693/878
f 3059/5706/889 2762/5707/890 2760/5705/889
f 3064/5708/890 2763/5709/891 2762/5707/890
f 2763/5709/891 3074/5710/892 2764/5711/892
f 3074/5710/892 2765/5712/893 2764/5711/892
f 3078/5713/893 2766/5714/894 2765/5712/893
f 3086/5715/894 2767/5700/885 2766/5716/894
f 3098/5717/895 2768/5703/888 2769/5718/895
f 3101/5719/896 2769/5720/895 2770/5721/896
f 3109/5722/897 2770/5721/896 2771/5723/897
f 3018/5724/898 2771/5723/897 2772/5725/898
f 3023/5726/899 2772/5725/898 2773/5727/899
f 3029/5728/900 2773/5727/899 2774/5729/900
f 3036/5730/884 2774/5729/900 2775/5699/884
f 3045/5731/901 2776/5697/883 2777/5732/901
f 2778/5733/902 3045/5734/901 2777/5735/901
f 3057/5736/903 2778/5733/902 2779/5737/903
f 2780/5738/904 3057/5736/903 2779/5737/903
f 2781/5739/905 3062/5740/913 2780/5738/904
f 2782/5741/906 3067/5742/905 2781/5739/905
f 3054/5743/886 2782/5741/906 2783/5702/886
f 3085/5744/907 2784/5694/879 2785/5745/907
f 3088/5746/908 2785/5747/907 2786/5748/908
f 3092/5749/909 2786/5748/908 2787/5750/909
f 3094/5751/910 2787/5750/909 2788/5752/910
f 3095/5753/911 2788/5752/910 2789/5754/911
f 3090/5755/912 2789/5754/911 2790/5756/912
f 3017/5757/882 2790/5756/912 2791/5696/882
f 2756/5758/913 2813/5759/905 2755/5760/905
f 2730/5761/873 2761/5762/873 2760/5763/873
f 2731/5764/873 2760/5763/873 2762/5765/873
f 2732/5766/873 2762/5765/873 2763/5767/873
f 2733/5768/873 2763/5767/873 2764/5769/873
f 2733/5768/873 2765/5770/873 2734/5771/873
f 2734/5771/873 2766/5772/873 2735/5773/873
f 2735/5773/873 2767/5774/873 2729/5775/873
f 2743/5776/873 2768/5777/873 2737/5778/873
f 2742/5779/873 2769/5780/873 2743/5776/873
f 2741/5781/873 2770/5782/873 2742/5779/873
f 2741/5781/873 2772/5783/873 2771/5784/873
f 2739/5785/873 2772/5783/873 2740/5786/873
f 2739/5785/873 2774/5787/873 2773/5788/873
f 2738/5789/873 2775/5790/873 2774/5787/873
f 2759/5791/873 2776/5792/873 2753/5793/873
f 2758/5794/873 2777/5795/873 2759/5791/873
f 2757/5796/873 2778/5797/873 2758/5794/873
f 2757/5796/873 2780/5798/873 2779/5799/873
f 2756/5800/873 2781/5801/873 2780/5798/873
f 2755/5802/873 2782/5803/873 2781/5801/873
f 2754/5804/873 2783/5805/873 2782/5803/873
f 2751/5806/873 2784/5807/873 2745/5808/873
f 2751/5806/873 2786/5809/873 2785/5810/873
f 2749/5811/873 2786/5809/873 2750/5812/873
f 2749/5811/873 2788/5813/873 2787/5814/873
f 2748/5815/873 2789/5816/873 2788/5813/873
f 2747/5817/873 2790/5818/873 2789/5816/873
f 2746/5819/873 2791/5820/873 2790/5818/873
f 2729/5775/873 2775/5790/873 2736/5821/873
f 2737/5778/873 2783/5805/873 2752/5822/873
f 2753/5793/873 2791/5820/873 2744/5823/873
f 2745/5808/873 2761/5762/873 2728/5824/873
f 2799/5825/873 2823/5826/873 2793/5827/873
f 2735/5828/894 2797/5829/893 2734/5830/893
f 2755/5760/905 2814/5831/906 2754/5832/906
f 2729/5833/885 2798/5834/894 2735/5835/894
f 2754/5832/906 2815/5836/886 2752/5837/886
f 2737/5838/888 2801/5839/895 2743/5840/895
f 2745/5841/879 2817/5842/907 2751/5843/907
f 2743/5844/895 2802/5845/896 2742/5846/896
f 2751/5847/907 2818/5848/908 2750/5849/908
f 2742/5846/896 2803/5850/897 2741/5851/897
f 2750/5849/908 2819/5852/909 2749/5853/909
f 2741/5851/897 2804/5854/898 2740/5855/898
f 2749/5853/909 2820/5856/910 2748/5857/910
f 2740/5855/898 2805/5858/899 2739/5859/899
f 2748/5857/910 2821/5860/911 2747/5861/911
f 2739/5859/899 2806/5862/900 2738/5863/900
f 2747/5861/911 2822/5864/912 2746/5865/912
f 2738/5863/900 2807/5866/884 2736/5867/884
f 2730/5868/889 2793/5869/914 2728/5870/878
f 2746/5865/912 2823/5871/882 2744/5872/882
f 2753/5873/883 2809/5874/901 2759/5875/901
f 2731/5876/890 2792/5877/889 2730/5868/889
f 2736/5867/884 2799/5878/885 2729/5833/885
f 2759/5879/901 2810/5880/902 2758/5881/902
f 2732/5882/891 2794/5883/890 2731/5876/890
f 2752/5837/886 2800/5884/887 2737/5838/888
f 2758/5881/902 2811/5885/903 2757/5886/903
f 2733/5887/892 2795/5888/891 2732/5882/891
f 2744/5872/882 2808/5889/883 2753/5873/883
f 2757/5886/903 2812/5890/904 2756/5758/913
f 2734/5830/893 2796/5891/892 2733/5887/892
f 2728/5870/878 2816/5892/877 2745/5841/879
f 3022/5893/877 2857/5894/878 2880/5895/879
f 3030/5896/883 2887/5897/882 2872/5898/883
f 3042/5899/915 3041/5900/884 2871/5901/884
f 3047/5902/888 2879/5903/886 2864/5904/888
f 3026/5905/878 2856/5906/889 2857/5894/878
f 3055/5907/889 2858/5908/890 2856/5906/889
f 3060/5909/890 2859/5910/891 2858/5908/890
f 2859/5910/891 3070/5911/892 2860/5912/892
f 3070/5911/892 2861/5913/893 2860/5912/892
f 3075/5914/893 2862/5915/894 2861/5913/893
f 3079/5916/894 2863/5917/885 2862/5918/894
f 3091/5919/895 2864/5904/888 2865/5920/895
f 3099/5921/896 2865/5922/895 2866/5923/896
f 3107/5924/897 2866/5923/896 2867/5925/897
f 3116/5926/898 2867/5925/897 2868/5927/898
f 3120/5928/899 2868/5927/898 2869/5929/899
f 3124/5930/900 2869/5929/899 2870/5931/900
f 3041/5900/884 2870/5931/900 2871/5901/884
f 2873/5932/901 3030/5896/883 2872/5898/883
f 2874/5933/902 3127/5934/901 2873/5935/901
f 2875/5936/903 3128/5937/902 2874/5933/902
f 3131/5938/913 2875/5936/903 2876/5939/913
f 3132/5940/905 2876/5939/913 2877/5941/905
f 3134/5942/906 2877/5941/905 2878/5943/906
f 2879/5903/886 3134/5942/906 2878/5943/906
f 3126/5944/907 2880/5895/879 2881/5945/907
f 3103/5946/908 2881/5947/907 2882/5948/908
f 3104/5949/909 2882/5948/908 2883/5950/909
f 3108/5951/910 2883/5950/909 2884/5952/910
f 3105/5953/911 2884/5952/910 2885/5954/911
f 3110/5955/912 2885/5954/911 2886/5956/912
f 3020/5957/882 2886/5956/912 2887/5897/882
f 2852/5958/913 2909/5959/905 2851/5960/905
f 2826/5961/873 2857/5962/873 2856/5963/873
f 2827/5964/873 2856/5963/873 2858/5965/873
f 2828/5966/873 2858/5965/873 2859/5967/873
f 2829/5968/873 2859/5967/873 2860/5969/873
f 2829/5968/873 2861/5970/873 2830/5971/873
f 2830/5971/873 2862/5972/873 2831/5973/873
f 2831/5973/873 2863/5974/873 2825/5975/873
f 2839/5976/873 2864/5977/873 2833/5978/873
f 2838/5979/873 2865/5980/873 2839/5976/873
f 2837/5981/873 2866/5982/873 2838/5979/873
f 2837/5981/873 2868/5983/873 2867/5984/873
f 2835/5985/873 2868/5983/873 2836/5986/873
f 2835/5985/873 2870/5987/873 2869/5988/873
f 2834/5989/873 2871/5990/873 2870/5987/873
f 2855/5991/873 2872/5992/873 2849/5993/873
f 2854/5994/873 2873/5995/873 2855/5991/873
f 2854/5994/873 2875/5996/873 2874/5997/873
f 2853/5998/873 2876/5999/873 2875/5996/873
f 2851/6000/873 2876/5999/873 2852/6001/873
f 2851/6000/873 2878/6002/873 2877/6003/873
f 2850/6004/873 2879/6005/873 2878/6002/873
f 2847/6006/873 2880/6007/873 2841/6008/873
f 2847/6006/873 2882/6009/873 2881/6010/873
f 2845/6011/873 2882/6009/873 2846/6012/873
f 2844/6013/873 2883/6014/873 2845/6011/873
f 2844/6013/873 2885/6015/873 2884/6016/873
f 2843/6017/873 2886/6018/873 2885/6015/873
f 2842/6019/873 2887/6020/873 2886/6018/873
f 2832/6021/873 2863/5974/873 2871/5990/873
f 2833/5978/873 2879/6005/873 2848/6022/873
f 2849/5993/873 2887/6020/873 2840/6023/873
f 2824/6024/873 2880/6007/873 2857/5962/873
f 2901/6025/873 2899/6026/873 2897/6027/873
f 2831/6028/894 2893/6029/893 2830/6030/893
f 2851/5960/905 2910/6031/906 2850/6032/906
f 2825/6033/885 2894/6034/894 2831/6035/894
f 2850/6032/906 2911/6036/886 2848/6037/886
f 2833/6038/888 2897/6039/895 2839/6040/895
f 2841/6041/879 2913/6042/907 2847/6043/907
f 2839/6044/895 2898/6045/896 2838/6046/896
f 2847/6047/907 2914/6048/908 2846/6049/908
f 2838/6046/896 2899/6050/897 2837/6051/897
f 2845/6052/909 2914/6048/908 2915/6053/909
f 2837/6051/897 2900/6054/898 2836/6055/898
f 2844/6056/910 2915/6053/909 2916/6057/910
f 2836/6055/898 2901/6058/899 2835/6059/899
f 2844/6056/910 2917/6060/911 2843/6061/911
f 2835/6059/899 2902/6062/900 2834/6063/900
f 2843/6061/911 2918/6064/912 2842/6065/912
f 2834/6063/900 2903/6066/884 2832/6067/884
f 2826/6068/889 2889/6069/914 2824/6070/878
f 2842/6065/912 2919/6071/882 2840/6072/882
f 2849/6073/883 2905/6074/901 2855/6075/901
f 2827/6076/890 2888/6077/889 2826/6068/889
f 2832/6067/884 2895/6078/885 2825/6033/885
f 2855/6079/901 2906/6080/902 2854/6081/902
f 2828/6082/891 2890/6083/890 2827/6076/890
f 2848/6037/886 2896/6084/887 2833/6038/888
f 2854/6081/902 2907/6085/903 2853/6086/903
f 2829/6087/892 2891/6088/891 2828/6082/891
f 2840/6072/882 2904/6089/883 2849/6073/883
f 2853/6086/903 2908/6090/904 2852/5958/913
f 2830/6030/893 2892/6091/892 2829/6087/892
f 2824/6070/878 2912/6092/877 2841/6041/879
f 3025/6093/877 2953/6094/878 2976/6095/879
f 3033/6096/883 2983/6097/882 2968/6098/883
f 3039/6099/885 2967/6100/884 2959/6101/885
f 3048/6102/887 2975/6103/886 2960/6104/888
f 3028/6105/878 2952/6106/889 2953/6094/878
f 3056/6107/889 2954/6108/890 2952/6106/889
f 3061/6109/890 2955/6110/891 2954/6108/890
f 2955/6110/891 3071/6111/892 2956/6112/892
f 2956/6112/892 3076/6113/893 2957/6114/893
f 3076/6113/893 2958/6115/894 2957/6114/893
f 3081/6116/894 2959/6101/885 2958/6117/894
f 3093/6118/895 2960/6104/888 2961/6119/895
f 3097/6120/896 2961/6121/895 2962/6122/896
f 3102/6123/897 2962/6122/896 2963/6124/897
f 3113/6125/898 2963/6124/897 2964/6126/898
f 3106/6127/899 2964/6126/898 2965/6128/899
f 3114/6129/900 2965/6128/899 2966/6130/900
f 3043/6131/884 2966/6130/900 2967/6100/884
f 3115/6132/901 2968/6098/883 2969/6133/901
f 3125/6134/902 2969/6135/901 2970/6136/902
f 3112/6137/903 2970/6136/902 2971/6138/903
f 3130/6139/913 2971/6138/903 2972/6140/913
f 3133/6141/905 2972/6140/913 2973/6142/905
f 3135/6143/906 2973/6142/905 2974/6144/906
f 2975/6103/886 3135/6143/906 2974/6144/906
f 3117/6145/907 2976/6095/879 2977/6146/907
f 3118/6147/908 2977/6148/907 2978/6149/908
f 3123/6150/909 2978/6149/908 2979/6151/909
f 3121/6152/916 2979/6151/909 2980/6153/916
f 3122/6154/911 2980/6153/916 2981/6155/911
f 3119/6156/912 2981/6155/911 2982/6157/912
f 3035/6158/882 2982/6157/912 2983/6097/882
f 2948/6159/913 3005/6160/905 2947/6161/905
f 2922/6162/873 2953/6163/873 2952/6164/873
f 2923/6165/873 2952/6164/873 2954/6166/873
f 2924/6167/873 2954/6166/873 2955/6168/873
f 2925/6169/873 2955/6168/873 2956/6170/873
f 2925/6169/873 2957/6171/873 2926/6172/873
f 2927/6173/873 2957/6171/873 2958/6174/873
f 2927/6173/873 2959/6175/873 2921/6176/873
f 2935/6177/873 2960/6178/873 2929/6179/873
f 2934/6180/873 2961/6181/873 2935/6177/873
f 2934/6180/873 2963/6182/873 2962/6183/873
f 2932/6184/873 2963/6182/873 2933/6185/873
f 2931/6186/873 2964/6187/873 2932/6184/873
f 2931/6186/873 2966/6188/873 2965/6189/873
f 2930/6190/873 2967/6191/873 2966/6188/873
f 2951/6192/873 2968/6193/873 2945/6194/873
f 2950/6195/873 2969/6196/873 2951/6192/873
f 2950/6195/873 2971/6197/873 2970/6198/873
f 2948/6199/873 2971/6197/873 2949/6200/873
f 2947/6201/873 2972/6202/873 2948/6199/873
f 2947/6201/873 2974/6203/873 2973/6204/873
f 2946/6205/873 2975/6206/873 2974/6203/873
f 2943/6207/873 2976/6208/873 2937/6209/873
f 2943/6207/873 2978/6210/873 2977/6211/873
f 2941/6212/873 2978/6210/873 2942/6213/873
f 2940/6214/873 2979/6215/873 2941/6212/873
f 2940/6214/873 2981/6216/873 2980/6217/873
f 2939/6218/873 2982/6219/873 2981/6216/873
f 2938/6220/873 2983/6221/873 2982/6219/873
f 2921/6176/873 2967/6191/873 2928/6222/873
f 2944/6223/873 2960/6178/873 2975/6206/873
f 2936/6224/873 2968/6193/873 2983/6221/873
f 2937/6209/873 2953/6163/873 2920/6225/873
f 2997/6226/873 2995/6227/873 2993/6228/873
f 2927/6229/894 2989/6230/893 2926/6231/893
f 2947/6161/905 3006/6232/906 2946/6233/906
f 2921/6234/917 2990/6235/894 2927/6236/894
f 2946/6233/906 3007/6237/886 2944/6238/886
f 2929/6239/888 2993/6240/895 2935/6241/895
f 2937/6242/879 3009/6243/907 2943/6244/907
f 2935/6245/895 2994/6246/896 2934/6247/896
f 2943/6248/907 3010/6249/908 2942/6250/908
f 2934/6247/896 2995/6251/897 2933/6252/897
f 2942/6250/908 3011/6253/909 2941/6254/909
f 2933/6252/897 2996/6255/898 2932/6256/898
f 2941/6254/909 3012/6257/910 2940/6258/910
f 2932/6256/898 2997/6259/899 2931/6260/899
f 2940/6258/910 3013/6261/911 2939/6262/911
f 2931/6260/899 2998/6263/900 2930/6264/900
f 2939/6262/911 3014/6265/912 2938/6266/912
f 2930/6264/900 2999/6267/884 2928/6268/884
f 2922/6269/889 2985/6270/914 2920/6271/878
f 2938/6266/912 3015/6272/882 2936/6273/882
f 2945/6274/883 3001/6275/901 2951/6276/901
f 2923/6277/890 2984/6278/889 2922/6269/889
f 2928/6268/884 2991/6279/917 2921/6234/917
f 2951/6280/901 3002/6281/902 2950/6282/902
f 2924/6283/891 2986/6284/890 2923/6277/890
f 2944/6238/886 2992/6285/887 2929/6239/888
f 2950/6282/902 3003/6286/903 2949/6287/903
f 2925/6288/892 2987/6289/891 2924/6283/891
f 2936/6273/882 3000/6290/883 2945/6274/883
f 2949/6287/903 3004/6291/913 2948/6159/913
f 2926/6231/893 2988/6292/892 2925/6288/892
f 2920/6271/878 3008/6293/877 2937/6242/879
f 2626/5482/918 2106/6294/918 2636/6295/918
f 2625/5485/919 2632/6296/919 2635/6297/919
f 2630/6298/920 2625/5488/920 2624/6299/920
f 2627/5492/921 2638/6300/921 2624/5490/921
f 3090/6301/873 3017/6302/873 3042/6303/873
f 3090/6301/873 3042/6303/873 3095/6304/873
f 3042/6303/873 3037/6305/873 3095/6304/873
f 3095/6304/873 3037/6305/873 3094/6306/873
f 3037/6305/873 3079/6307/873 3088/6308/873
f 3094/6306/873 3037/6305/873 3092/6309/873
f 3092/6309/873 3037/6305/873 3088/6308/873
f 3079/6307/873 3075/6310/873 3085/6311/873
f 3088/6308/873 3079/6307/873 3085/6311/873
f 3075/6310/873 3070/6312/873 3027/6313/873
f 3085/6311/873 3075/6310/873 3027/6313/873
f 3070/6312/873 3065/6314/873 3059/6315/873
f 3027/6313/873 3070/6312/873 3031/6316/873
f 3031/6316/873 3070/6312/873 3059/6315/873
f 3065/6314/873 3060/6317/873 3064/6318/873
f 3059/6315/873 3065/6314/873 3064/6318/873
f 3110/6319/873 3020/6320/873 3043/6321/873
f 3110/6319/873 3043/6321/873 3105/6322/873
f 3043/6321/873 3039/6323/873 3105/6322/873
f 3105/6322/873 3039/6323/873 3108/6324/873
f 3039/6323/873 3081/6325/873 3103/6326/873
f 3108/6324/873 3039/6323/873 3104/6327/873
f 3104/6327/873 3039/6323/873 3103/6326/873
f 3081/6325/873 3076/6328/873 3126/6329/873
f 3103/6326/873 3081/6325/873 3126/6329/873
f 3076/6328/873 3071/6330/873 3022/6331/873
f 3126/6329/873 3076/6328/873 3022/6331/873
f 3071/6330/873 3066/6332/873 3055/6333/873
f 3022/6331/873 3071/6330/873 3026/6334/873
f 3026/6334/873 3071/6330/873 3055/6333/873
f 3066/6332/873 3061/6335/873 2635/4681/873
f 3055/6333/873 3066/6332/873 3060/6317/873
f 3060/6317/873 3066/6332/873 2635/4681/873
f 3064/6318/873 3060/6317/873 2637/4689/873
f 2637/4689/873 3060/6317/873 2635/4681/873
f 3021/6336/873 3036/6337/873 3016/6338/873
f 3036/6337/873 3044/6339/873 3111/6340/873
f 3016/6338/873 3036/6337/873 3111/6340/873
f 3044/6339/873 3086/6341/873 3089/6342/873
f 3111/6340/873 3044/6339/873 3100/6343/873
f 3100/6343/873 3044/6339/873 3096/6344/873
f 3086/6341/873 3078/6345/873 3087/6346/873
f 3096/6344/873 3044/6339/873 3089/6342/873
f 3078/6345/873 3074/6347/873 3080/6348/873
f 3089/6342/873 3086/6341/873 3087/6346/873
f 3074/6347/873 3069/6349/873 3084/6350/873
f 3087/6346/873 3078/6345/873 3080/6348/873
f 3080/6348/873 3074/6347/873 3083/6351/873
f 3083/6351/873 3074/6347/873 3084/6350/873
f 3069/6349/873 3064/6318/873 2637/4689/873
f 3084/6350/873 3069/6349/873 2637/4689/873
f 3084/6350/873 2637/4689/873 3082/6352/873
f 3035/6353/873 3033/6354/873 2106/6355/873
f 2637/4689/873 3142/6356/873 3141/6357/873
f 2637/4689/873 3141/6357/873 3140/6358/873
f 3035/6353/873 2106/6355/873 3119/6359/873
f 2106/6355/873 2635/4681/873 3119/6359/873
f 2637/4689/873 3140/6358/873 3144/6360/873
f 2637/4689/873 3144/6360/873 3143/6361/873
f 3122/6362/873 3119/6359/873 2635/4681/873
f 3121/6363/873 3122/6362/873 2635/4681/873
f 2637/4689/873 3143/6361/873 3082/6352/873
f 3123/6364/873 3121/6363/873 2635/4681/873
f 3118/6365/873 3123/6364/873 2635/4681/873
f 2635/4681/873 3061/6335/873 3056/6366/873
f 3117/6367/873 3118/6365/873 2635/4681/873
f 3025/4680/873 3117/6367/873 2635/4681/873
f 2635/4681/873 3056/6366/873 3028/4679/873
f 2521/6368/874 2496/6369/874 2569/6370/874
f 2521/6368/874 2569/6370/874 2574/6371/874
f 2516/6372/874 2521/6368/874 2574/6371/874
f 2516/6372/874 2574/6371/874 2573/6373/874
f 2558/6374/874 2516/6372/874 2567/6375/874
f 2516/6372/874 2573/6373/874 2571/6376/874
f 2516/6372/874 2571/6376/874 2567/6375/874
f 2554/6377/874 2558/6374/874 2564/6378/874
f 2558/6374/874 2567/6375/874 2564/6378/874
f 2549/6379/874 2554/6377/874 2506/6380/874
f 2554/6377/874 2564/6378/874 2506/6380/874
f 2544/6381/874 2549/6379/874 2538/6382/874
f 2549/6379/874 2506/6380/874 2510/6383/874
f 2539/6384/874 2544/6381/874 2543/6385/874
f 2549/6379/874 2510/6383/874 2538/6382/874
f 2544/6381/874 2538/6382/874 2543/6385/874
f 2523/6386/874 2515/6387/874 2590/6388/874
f 2515/6387/874 2500/6389/874 2495/6390/874
f 2515/6387/874 2495/6390/874 2590/6388/874
f 2565/6391/874 2523/6386/874 2568/6392/874
f 2523/6386/874 2590/6388/874 2579/6393/874
f 2557/6394/874 2565/6391/874 2566/6395/874
f 2523/6386/874 2579/6393/874 2575/6396/874
f 2523/6386/874 2575/6396/874 2568/6392/874
f 2553/6397/874 2557/6394/874 2559/6398/874
f 2565/6391/874 2568/6392/874 2566/6395/874
f 2548/6399/874 2553/6397/874 2563/6400/874
f 2557/6394/874 2566/6395/874 2559/6398/874
f 2553/6397/874 2559/6398/874 2562/6401/874
f 2543/6385/874 2548/6399/874 2116/4701/874
f 2553/6397/874 2562/6401/874 2563/6400/874
f 2548/6399/874 2563/6400/874 2116/4701/874
f 2116/4701/874 2563/6400/874 2561/6402/874
f 2539/6384/874 2543/6385/874 2116/4701/874
f 2539/6384/874 2116/4701/874 2114/4682/874
f 2522/6403/874 2499/6404/874 2589/6405/874
f 2518/6406/874 2522/6403/874 2584/6407/874
f 2522/6403/874 2589/6405/874 2584/6407/874
f 2560/6408/874 2518/6406/874 2582/6409/874
f 2518/6406/874 2584/6407/874 2587/6410/874
f 2518/6406/874 2587/6410/874 2583/6411/874
f 2555/6412/874 2560/6408/874 2605/6413/874
f 2518/6406/874 2583/6411/874 2582/6409/874
f 2550/6414/874 2555/6412/874 2501/6415/874
f 2560/6408/874 2582/6409/874 2605/6413/874
f 2545/6416/874 2550/6414/874 2534/6417/874
f 2555/6412/874 2605/6413/874 2501/6415/874
f 2550/6414/874 2501/6415/874 2505/6418/874
f 2550/6414/874 2505/6418/874 2534/6417/874
f 2540/6419/874 2545/6416/874 2114/4682/874
f 2545/6416/874 2534/6417/874 2539/6384/874
f 2545/6416/874 2539/6384/874 2114/4682/874
f 2620/6420/874 2621/6421/874 2116/4701/874
f 2114/4682/874 2103/6422/874 2598/6423/874
f 2103/6422/874 2512/6424/874 2514/6425/874
f 2103/6422/874 2514/6425/874 2598/6423/874
f 2619/6426/874 2620/6420/874 2116/4701/874
f 2623/6427/874 2619/6426/874 2116/4701/874
f 2114/4682/874 2598/6423/874 2601/6428/874
f 2622/6429/874 2623/6427/874 2116/4701/874
f 2561/6402/874 2622/6429/874 2116/4701/874
f 2114/4682/874 2601/6428/874 2600/6430/874
f 2114/4682/874 2600/6430/874 2602/6431/874
f 2114/4682/874 2602/6431/874 2597/6432/874
f 2114/4682/874 2597/6432/874 2596/6433/874
f 2535/6434/874 2540/6419/874 2114/4682/874
f 2507/4684/874 2535/6434/874 2114/4682/874
f 2114/4682/874 2596/6433/874 2504/4683/874
f 2519/6435/874 2500/6389/874 2502/6436/874
f 2500/6389/874 2515/6387/874 2508/6437/874
f 2500/6389/874 2508/6437/874 2502/6436/874
f 2525/6438/874 2519/6435/874 2580/6439/874
f 2519/6435/874 2502/6436/874 2497/6440/874
f 2532/6441/874 2525/6438/874 2577/6442/874
f 2519/6435/874 2497/6440/874 2588/6443/874
f 2519/6435/874 2588/6443/874 2580/6439/874
f 2537/6444/874 2532/6441/874 2531/6445/874
f 2525/6438/874 2580/6439/874 2577/6442/874
f 2542/6446/874 2537/6444/874 2551/6447/874
f 2532/6441/874 2577/6442/874 2531/6445/874
f 2537/6444/874 2531/6445/874 2533/6448/874
f 2547/6449/874 2542/6446/874 2115/4685/874
f 2537/6444/874 2533/6448/874 2551/6447/874
f 2542/6446/874 2551/6447/874 2546/6450/874
f 2542/6446/874 2546/6450/874 2115/4685/874
f 2513/6451/874 2496/6369/874 2599/6452/874
f 2496/6369/874 2521/6368/874 2520/6453/874
f 2496/6369/874 2520/6453/874 2603/6454/874
f 2524/6455/874 2513/6451/874 2578/6456/874
f 2496/6369/874 2603/6454/874 2599/6452/874
f 2530/6457/874 2524/6455/874 2570/6458/874
f 2513/6451/874 2599/6452/874 2595/6459/874
f 2513/6451/874 2595/6459/874 2586/6460/874
f 2536/6461/874 2530/6457/874 2526/6462/874
f 2513/6451/874 2586/6460/874 2578/6456/874
f 2524/6455/874 2578/6456/874 2570/6458/874
f 2541/6463/874 2536/6461/874 2613/6464/874
f 2530/6457/874 2570/6458/874 2526/6462/874
f 2536/6461/874 2526/6462/874 2528/6465/874
f 2536/6461/874 2528/6465/874 2613/6464/874
f 2546/6450/874 2541/6463/874 2611/6466/874
f 2541/6463/874 2613/6464/874 2611/6466/874
f 2546/6450/874 2611/6466/874 2103/6422/874
f 2115/4685/874 2546/6450/874 2103/6422/874
f 2509/6467/874 2499/6404/874 2585/6468/874
f 2499/6404/874 2522/6403/874 2593/6469/874
f 2499/6404/874 2593/6469/874 2585/6468/874
f 2606/6470/874 2509/6467/874 2576/6471/874
f 2509/6467/874 2585/6468/874 2592/6472/874
f 2607/6473/874 2606/6470/874 2572/6474/874
f 2509/6467/874 2592/6472/874 2581/6475/874
f 2509/6467/874 2581/6475/874 2576/6471/874
f 2608/6476/874 2607/6473/874 2527/6477/874
f 2606/6470/874 2576/6471/874 2572/6474/874
f 2610/6478/874 2608/6476/874 2614/6479/874
f 2607/6473/874 2572/6474/874 2527/6477/874
f 2608/6476/874 2527/6477/874 2529/6480/874
f 2611/6466/874 2610/6478/874 2103/6422/874
f 2608/6476/874 2529/6480/874 2614/6479/874
f 2610/6478/874 2614/6479/874 2612/6481/874
f 2610/6478/874 2612/6481/874 2103/6422/874
f 2116/4701/874 2621/6421/874 2517/6482/874
f 2594/6483/874 2512/6424/874 2103/6422/874
f 2604/6484/874 2594/6483/874 2103/6422/874
f 2115/4685/874 2116/4701/874 2511/6485/874
f 2116/4701/874 2517/6482/874 2511/6485/874
f 2591/6486/874 2604/6484/874 2103/6422/874
f 2609/6487/874 2591/6486/874 2103/6422/874
f 2115/4685/874 2511/6485/874 2503/6488/874
f 2115/4685/874 2503/6488/874 2498/6489/874
f 2609/6487/874 2103/6422/874 2612/6481/874
f 2115/4685/874 2498/6489/874 2617/6490/874
f 2115/4685/874 2617/6490/874 2616/6491/874
f 2552/6492/874 2547/6449/874 2115/4685/874
f 2115/4685/874 2616/6491/874 2615/6493/874
f 2115/4685/874 2615/6493/874 2618/4686/874
f 2556/4687/874 2552/6492/874 2115/4685/874
f 2639/4688/875 2636/6494/875 2637/4689/875
f 3036/6337/873 3021/6336/873 3029/6495/873
f 3021/6336/873 3040/6496/873 3023/6497/873
f 3029/6495/873 3021/6336/873 3023/6497/873
f 3040/6496/873 3046/6498/873 3101/6499/873
f 3023/6497/873 3040/6496/873 3018/6500/873
f 3046/6498/873 3053/6501/873 3098/6502/873
f 3018/6500/873 3040/6496/873 3109/6503/873
f 3109/6503/873 3040/6496/873 3101/6499/873
f 3053/6501/873 3058/6504/873 3052/6505/873
f 3101/6499/873 3046/6498/873 3098/6502/873
f 3098/6502/873 3053/6501/873 3052/6505/873
f 3058/6504/873 3063/6506/873 3072/6507/873
f 3052/6505/873 3058/6504/873 3054/6508/873
f 3054/6508/873 3058/6504/873 3072/6507/873
f 3063/6506/873 3068/6509/873 2636/6494/873
f 3072/6507/873 3063/6506/873 3067/6510/873
f 3067/6510/873 3063/6506/873 2636/6494/873
f 3038/6511/873 3142/6356/873 2637/4689/873
f 2106/6355/873 3033/6354/873 3115/6512/873
f 2106/6355/873 3115/6512/873 3125/6513/873
f 3038/6511/873 2637/4689/873 3032/6514/873
f 2637/4689/873 2636/6494/873 3032/6514/873
f 2106/6355/873 3125/6513/873 3112/6515/873
f 2106/6355/873 3112/6515/873 3130/6516/873
f 3024/6517/873 3032/6514/873 2636/6494/873
f 3019/6518/873 3024/6517/873 2636/6494/873
f 2636/6494/873 2106/6355/873 3067/6510/873
f 2106/6355/873 3130/6516/873 3133/6519/873
f 2106/6355/873 3133/6519/873 3131/6520/873
f 3138/6521/873 3019/6518/873 2636/6494/873
f 3137/6522/873 3138/6521/873 2636/6494/873
f 2106/6355/873 3131/6520/873 3132/6523/873
f 3133/6519/873 3135/6524/873 3131/6520/873
f 3135/6524/873 3050/6525/873 3129/6526/873
f 3131/6520/873 3135/6524/873 3129/6526/873
f 3136/6527/873 3137/6522/873 2636/6494/873
f 3139/6528/873 3136/6527/873 2636/6494/873
f 3050/6525/873 3048/6529/873 3129/6526/873
f 3077/6530/873 3139/6528/873 2636/6494/873
f 3073/6531/873 3077/6530/873 2636/6494/873
f 3114/6532/873 3043/6321/873 3020/6320/873
f 3114/6532/873 3020/6320/873 3106/6533/873
f 3020/6320/873 3030/6534/873 3106/6533/873
f 3106/6533/873 3030/6534/873 3113/6535/873
f 3030/6534/873 3127/6536/873 3097/6537/873
f 3113/6535/873 3030/6534/873 3102/6538/873
f 3102/6538/873 3030/6534/873 3097/6537/873
f 3127/6536/873 3128/6539/873 3093/6540/873
f 3097/6537/873 3127/6536/873 3093/6540/873
f 3128/6539/873 3129/6526/873 3048/6529/873
f 3093/6540/873 3128/6539/873 3048/6529/873
f 3068/6509/873 3073/6531/873 2636/6494/873
f 2106/6355/873 3132/6523/873 3067/6510/873
f 3067/6510/873 3132/6523/873 3062/6541/873
f 3062/6541/873 3132/6523/873 3134/6542/873
f 3057/6543/873 3062/6541/873 3134/6542/873
f 3057/6543/873 3134/6542/873 3049/6544/873
f 3051/6545/873 3057/6543/873 3049/6544/873
f 3051/6545/873 3049/6544/873 3047/6546/873
f 3045/6547/873 3051/6545/873 3091/6548/873
f 3051/6545/873 3047/6546/873 3091/6548/873
f 3042/6303/873 3017/6302/873 3041/6549/873
f 3017/6302/873 3034/4693/873 3120/4692/873
f 3041/6549/873 3017/6302/873 3124/6550/873
f 3034/4693/873 3045/6547/873 3099/6551/873
f 3045/6547/873 3091/6548/873 3099/6551/873
f 3124/6550/873 3017/6302/873 3120/4692/873
f 3034/4693/873 3099/6551/873 3107/6552/873
f 3034/4693/873 3107/6552/873 3116/4691/873
f 2638/4690/876 2637/4689/876 2630/4695/876
f 2637/4689/876 2635/4681/876 2630/4695/876
f 3080/4696/877 3083/5502/878 2665/4697/878
f 2114/4682/880 2116/4701/880 2109/4699/880
f 2116/4701/880 2117/4703/880 2109/4699/880
f 2116/4701/881 2115/4685/881 2118/4702/881
f 2144/4704/878 2562/4717/878 2559/4705/877
f 2174/4707/882 2500/4771/882 2519/4708/883
f 2158/4710/884 2517/4743/884 2621/4711/885
f 2166/4713/886 2556/4757/886 2618/4714/887
f 2143/4716/889 2563/4719/889 2562/4717/878
f 2145/4718/890 2561/4721/890 2563/4719/889
f 2146/4720/891 2622/4723/891 2561/4721/890
f 2146/4720/891 2147/4725/892 2623/4722/892
f 2148/4724/893 2619/4727/893 2623/4722/892
f 2149/4726/894 2620/6553/894 2619/4727/893
f 2150/4712/885 2621/4711/885 2620/4728/894
f 2151/4715/888 2618/4714/887 2615/4730/895
f 2152/4732/895 2615/6554/895 2616/4733/896
f 2153/4734/896 2616/4733/896 2617/4735/897
f 2154/4736/897 2617/4735/897 2498/4737/898
f 2155/4738/898 2498/4737/898 2503/4739/899
f 2156/4740/899 2503/4739/899 2511/4741/900
f 2157/4742/900 2511/4741/900 2517/4743/884
f 2159/4709/883 2519/4708/883 2525/4744/901
f 2160/4746/901 2525/6555/901 2532/4747/902
f 2161/4748/902 2532/4747/902 2537/4749/903
f 2162/4750/903 2537/4749/903 2542/4751/904
f 2163/4752/904 2542/4751/904 2547/4753/905
f 2164/4754/905 2547/4753/905 2552/4755/906
f 2166/4713/886 2165/4756/906 2552/4755/906
f 2167/4706/879 2559/4705/877 2566/4758/907
f 2168/4760/907 2566/6556/907 2568/4761/908
f 2169/4762/908 2568/4761/908 2575/4763/909
f 2170/4764/909 2575/4763/909 2579/4765/910
f 2171/4766/910 2579/4765/910 2590/4767/911
f 2172/4768/911 2590/4767/911 2495/4769/912
f 2173/4770/912 2495/4769/912 2500/4771/882
f 2196/4772/905 2195/4892/904 2139/4773/913
f 2104/4775/874 2143/6557/874 2144/4776/874
f 2145/4778/874 2143/6557/874 2104/4775/874
f 2146/4780/874 2145/4778/874 2105/4779/874
f 2110/4782/874 2147/6558/874 2146/4780/874
f 2148/4783/874 2147/6558/874 2110/4782/874
f 2149/4785/874 2148/4783/874 2112/4784/874
f 2150/4787/874 2149/4785/874 2113/4786/874
f 2151/4789/874 2152/6559/874 2126/4790/874
f 2126/4790/874 2152/6559/874 2153/4792/874
f 2125/4793/874 2153/4792/874 2154/4794/874
f 2154/4794/874 2155/6560/874 2123/4796/874
f 2123/4796/874 2155/6560/874 2156/4797/874
f 2156/4797/874 2157/6561/874 2121/4799/874
f 2121/4799/874 2157/6561/874 2158/4800/874
f 2159/4802/874 2160/6562/874 2142/4803/874
f 2142/4803/874 2160/6562/874 2161/4805/874
f 2141/4806/874 2161/4805/874 2162/4807/874
f 2162/4807/874 2163/4810/874 2139/4809/874
f 2163/4810/874 2164/4812/874 2138/4811/874
f 2164/4812/874 2165/6563/874 2137/4813/874
f 2137/4813/874 2165/6563/874 2166/4814/874
f 2167/4816/874 2168/4819/874 2134/4817/874
f 2168/4819/874 2169/6564/874 2133/4820/874
f 2133/4820/874 2169/6564/874 2170/4821/874
f 2170/4821/874 2171/6565/874 2131/4823/874
f 2131/4823/874 2171/6565/874 2172/4824/874
f 2172/4824/874 2173/6566/874 2129/4826/874
f 2129/4826/874 2173/6566/874 2174/4827/874
f 2158/4800/874 2150/4787/874 2102/4788/874
f 2135/4815/874 2166/4814/874 2151/4789/874
f 2174/4827/874 2159/4802/874 2136/4804/874
f 2100/4777/874 2144/4776/874 2167/4816/874
f 2198/6567/874 2183/6568/874 2190/6569/874
f 2183/6568/874 2184/6570/874 2190/6569/874
f 2184/6570/874 2185/6571/874 2186/6572/874
f 2186/6572/874 2187/6573/874 2188/6574/874
f 2188/6574/874 2189/6575/874 2186/6572/874
f 2189/6575/874 2190/6569/874 2184/6570/874
f 2186/6572/874 2189/6575/874 2184/6570/874
f 2190/6569/874 2182/6576/874 2206/6577/874
f 2182/6576/874 2181/6578/874 2176/6579/874
f 2206/6577/874 2182/6576/874 2176/6579/874
f 2181/6578/874 2180/6580/874 2179/6581/874
f 2179/6581/874 2178/6582/874 2177/6583/874
f 2177/6583/874 2175/6584/874 2179/6581/874
f 2175/6584/874 2176/6579/874 2181/6578/874
f 2179/6581/874 2175/6584/874 2181/6578/874
f 2176/6579/874 2199/6585/874 2206/6577/874
f 2199/6585/874 2200/6586/874 2206/6577/874
f 2200/6586/874 2201/6587/874 2202/6588/874
f 2202/6588/874 2203/6589/874 2204/6590/874
f 2204/6590/874 2205/6591/874 2202/6588/874
f 2205/6591/874 2206/6577/874 2200/6586/874
f 2202/6588/874 2205/6591/874 2200/6586/874
f 2206/6577/874 2191/6592/874 2190/6569/874
f 2191/6592/874 2192/4831/874 2198/6567/874
f 2190/6569/874 2191/6592/874 2198/6567/874
f 2192/4831/874 2193/6593/874 2194/4829/874
f 2194/4829/874 2195/6594/874 2196/6595/874
f 2196/6595/874 2197/4830/874 2194/4829/874
f 2197/4830/874 2198/6567/874 2192/4831/874
f 2180/4832/893 2181/6596/894 2113/4833/894
f 2197/4835/906 2196/4772/905 2138/4774/905
f 2181/4837/894 2182/4880/885 2102/4838/885
f 2198/4840/886 2197/4835/906 2137/4836/906
f 2184/4842/895 2183/4886/887 2120/4843/888
f 2200/4845/907 2199/4894/877 2128/4846/879
f 2185/4848/896 2184/6597/895 2126/4849/895
f 2201/4851/908 2200/6598/907 2134/4852/907
f 2186/4854/897 2185/4848/896 2125/4850/896
f 2132/4856/909 2202/4860/909 2201/4851/908
f 2187/4857/898 2186/4854/897 2124/4855/897
f 2131/4859/910 2203/6599/910 2202/4860/909
f 2188/4861/899 2187/4857/898 2123/4858/898
f 2204/4863/911 2203/6599/910 2131/4859/910
f 2189/4865/900 2188/4861/899 2122/4862/899
f 2205/4867/912 2204/4863/911 2130/4864/911
f 2119/4869/884 2190/6600/884 2189/4865/900
f 2176/4870/914 2175/4878/889 2104/4871/889
f 2206/4873/882 2205/4867/912 2129/4868/912
f 2192/4875/901 2191/4891/883 2136/4876/883
f 2175/4878/889 2177/4884/890 2105/4879/890
f 2182/4880/885 2190/6600/884 2119/4869/884
f 2193/4881/902 2192/6601/901 2142/4882/901
f 2177/4884/890 2178/4889/891 2107/4885/891
f 2183/4886/887 2198/4840/886 2135/4841/886
f 2194/4887/903 2193/4881/902 2141/4883/902
f 2178/4889/891 2179/4893/892 2110/4890/892
f 2191/4891/883 2206/4873/882 2127/4874/882
f 2195/4892/904 2194/4887/903 2140/4888/903
f 2179/4893/892 2180/4832/893 2112/4834/893
f 2199/4894/877 2176/4870/914 2100/4872/878
f 2240/4895/878 2510/4908/878 2506/4896/877
f 2270/4898/882 2496/4962/882 2513/4899/883
f 2254/4901/884 2515/4934/884 2523/4902/885
f 2262/4904/886 2533/4948/886 2531/4905/888
f 2239/4907/889 2538/4910/889 2510/4908/878
f 2241/4909/890 2543/4912/890 2538/4910/889
f 2242/4911/891 2548/4914/891 2543/4912/890
f 2242/4911/891 2243/4916/892 2553/4913/892
f 2244/4915/893 2557/4918/893 2553/4913/892
f 2245/4917/894 2565/6602/894 2557/4918/893
f 2246/4903/885 2523/4902/885 2565/4919/894
f 2247/4906/888 2531/4905/888 2577/4921/895
f 2248/4923/895 2577/6603/895 2580/4924/896
f 2249/4925/896 2580/4924/896 2588/4926/897
f 2250/4927/897 2588/4926/897 2497/4928/898
f 2251/4929/898 2497/4928/898 2502/4930/899
f 2252/4931/899 2502/4930/899 2508/4932/900
f 2253/4933/900 2508/4932/900 2515/4934/884
f 2255/4900/883 2513/4899/883 2524/4935/901
f 2257/4937/902 2256/6604/901 2524/4938/901
f 2258/4940/903 2257/4937/902 2530/4939/902
f 2259/4942/904 2258/4940/903 2536/4941/903
f 2260/4944/905 2259/4942/904 2541/4943/913
f 2261/4946/906 2260/4944/905 2546/4945/905
f 2261/4946/906 2551/4947/906 2533/4948/886
f 2263/4897/879 2506/4896/877 2564/4949/907
f 2264/4951/907 2564/6605/907 2567/4952/908
f 2265/4953/908 2567/4952/908 2571/4954/909
f 2266/4955/909 2571/4954/909 2573/4956/910
f 2267/4957/910 2573/4956/910 2574/4958/911
f 2268/4959/911 2574/4958/911 2569/4960/912
f 2269/4961/912 2569/4960/912 2496/4962/882
f 2292/4963/905 2291/5089/904 2235/4964/913
f 2209/4966/874 2239/4970/874 2240/4967/874
f 2210/4969/874 2241/4972/874 2239/4970/874
f 2211/4971/874 2242/4974/874 2241/4972/874
f 2212/4973/874 2243/6606/874 2242/4974/874
f 2244/4975/874 2243/6606/874 2212/4973/874
f 2245/4977/874 2244/4975/874 2213/4976/874
f 2246/4979/874 2245/4977/874 2214/4978/874
f 2247/4981/874 2248/4984/874 2222/4982/874
f 2248/4984/874 2249/4986/874 2221/4985/874
f 2249/4986/874 2250/6607/874 2220/4987/874
f 2220/4987/874 2250/6607/874 2251/4988/874
f 2251/4988/874 2252/6608/874 2218/4990/874
f 2218/4990/874 2252/6608/874 2253/4991/874
f 2217/4992/874 2253/4991/874 2254/4993/874
f 2255/4995/874 2256/4998/874 2238/4996/874
f 2256/4998/874 2257/5000/874 2237/4999/874
f 2257/5000/874 2258/6609/874 2236/5001/874
f 2236/5001/874 2258/6609/874 2259/5002/874
f 2235/5003/874 2259/5002/874 2260/5004/874
f 2234/5005/874 2260/5004/874 2261/5006/874
f 2233/5007/874 2261/5006/874 2262/5008/874
f 2263/5010/874 2264/6610/874 2230/5011/874
f 2230/5011/874 2264/6610/874 2265/5013/874
f 2265/5013/874 2266/6611/874 2228/5015/874
f 2228/5015/874 2266/6611/874 2267/5016/874
f 2227/5017/874 2267/5016/874 2268/5018/874
f 2226/5019/874 2268/5018/874 2269/5020/874
f 2225/5021/874 2269/5020/874 2270/5022/874
f 2215/4994/874 2254/4993/874 2246/4979/874
f 2262/5008/874 2247/4981/874 2216/4983/874
f 2270/5022/874 2255/4995/874 2232/4997/874
f 2240/4967/874 2263/5010/874 2224/5012/874
f 2294/6612/874 2279/6613/874 2286/6614/874
f 2279/6613/874 2280/6615/874 2286/6614/874
f 2280/6615/874 2281/6616/874 2282/6617/874
f 2282/6617/874 2283/6618/874 2284/6619/874
f 2284/6619/874 2285/6620/874 2282/6617/874
f 2285/6620/874 2286/6614/874 2280/6615/874
f 2282/6617/874 2285/6620/874 2280/6615/874
f 2286/6614/874 2278/6621/874 2302/6622/874
f 2278/6621/874 2277/6623/874 2272/6624/874
f 2302/6622/874 2278/6621/874 2272/6624/874
f 2277/6623/874 2276/6625/874 2275/6626/874
f 2275/6626/874 2274/6627/874 2273/6628/874
f 2273/6628/874 2271/6629/874 2275/6626/874
f 2271/6629/874 2272/6624/874 2277/6623/874
f 2275/6626/874 2271/6629/874 2277/6623/874
f 2272/6624/874 2295/6630/874 2302/6622/874
f 2295/6630/874 2296/6631/874 2302/6622/874
f 2296/6631/874 2297/6632/874 2298/6633/874
f 2298/6633/874 2299/6634/874 2300/6635/874
f 2300/6635/874 2301/6636/874 2298/6633/874
f 2301/6636/874 2302/6622/874 2296/6631/874
f 2298/6633/874 2301/6636/874 2296/6631/874
f 2302/6622/874 2287/6637/874 2286/6614/874
f 2287/6637/874 2288/5026/874 2294/6612/874
f 2286/6614/874 2287/6637/874 2294/6612/874
f 2288/5026/874 2289/6638/874 2290/5024/874
f 2290/5024/874 2291/6639/874 2292/6640/874
f 2292/6640/874 2293/5025/874 2290/5024/874
f 2293/5025/874 2294/6612/874 2288/5026/874
f 2276/5027/893 2277/6641/894 2214/5028/894
f 2293/5030/906 2292/4963/905 2234/4965/905
f 2277/5032/894 2278/5077/885 2208/5033/885
f 2294/5035/886 2293/5030/906 2233/5031/906
f 2280/5037/895 2279/5083/887 2216/5038/888
f 2296/5040/907 2295/5091/877 2224/5041/879
f 2281/5043/896 2280/6642/895 2222/5044/895
f 2297/5046/908 2296/6643/907 2230/5047/907
f 2282/5049/897 2281/5043/896 2221/5045/896
f 2298/5051/909 2297/5046/908 2229/5048/908
f 2283/5053/898 2282/5049/897 2220/5050/897
f 2299/5055/910 2298/5051/909 2228/5052/909
f 2284/5057/899 2283/5053/898 2219/5054/898
f 2300/5059/911 2299/5055/910 2227/5056/910
f 2285/5061/900 2284/5057/899 2218/5058/899
f 2301/5063/912 2300/5059/911 2226/5060/911
f 2286/5065/884 2285/5061/900 2217/5062/900
f 2272/5067/914 2271/5075/889 2209/5068/889
f 2302/5070/882 2301/5063/912 2225/5064/912
f 2288/5072/901 2287/5088/883 2232/5073/883
f 2271/5075/889 2273/5081/890 2210/5076/890
f 2278/5077/885 2286/5065/884 2215/5066/884
f 2289/5078/902 2288/6644/901 2238/5079/901
f 2273/5081/890 2274/5086/891 2211/5082/891
f 2279/5083/887 2294/5035/886 2231/5036/886
f 2290/5084/903 2289/5078/902 2237/5080/902
f 2274/5086/891 2275/5090/892 2212/5087/892
f 2287/5088/883 2302/5070/882 2223/5071/882
f 2291/5089/904 2290/5084/903 2236/5085/903
f 2275/5090/892 2276/5027/893 2213/5029/893
f 2295/5091/877 2272/5067/914 2207/5069/878
f 2336/5092/878 2505/5105/878 2501/5093/877
f 2366/5095/882 2499/5159/882 2509/5096/883
f 2516/6645/885 2342/5116/885 2521/5100/915
f 2342/5116/885 2350/5098/884 2521/5100/915
f 2358/5101/886 2528/5145/886 2526/5102/888
f 2335/5104/889 2534/5107/889 2505/5105/878
f 2337/5106/890 2539/5109/890 2534/5107/889
f 2338/5108/891 2544/5111/891 2539/5109/890
f 2338/5108/891 2339/5113/892 2549/5110/892
f 2340/5112/893 2554/5115/893 2549/5110/892
f 2341/5114/894 2558/6646/894 2554/5115/893
f 2342/5116/885 2516/6645/885 2558/5117/894
f 2343/5103/888 2526/5102/888 2570/5119/895
f 2344/5121/895 2570/6647/895 2578/5122/896
f 2345/5123/896 2578/5122/896 2586/5124/897
f 2346/5125/897 2586/5124/897 2595/5126/898
f 2347/5127/898 2595/5126/898 2599/5128/899
f 2348/5129/899 2599/5128/899 2603/5130/900
f 2349/5131/900 2603/5130/900 2520/5099/884
f 2352/5132/901 2351/5097/883 2509/5096/883
f 2353/5134/902 2352/6648/901 2606/5135/901
f 2354/5137/903 2353/5134/902 2607/5136/902
f 2354/5137/903 2608/5138/903 2610/5139/913
f 2355/5140/913 2610/5139/913 2611/5141/905
f 2356/5142/905 2611/5141/905 2613/5143/906
f 2358/5101/886 2357/5144/906 2613/5143/906
f 2359/5094/879 2501/5093/877 2605/5146/907
f 2360/5148/907 2605/6649/907 2582/5149/908
f 2361/5150/908 2582/5149/908 2583/5151/909
f 2362/5152/909 2583/5151/909 2587/5153/910
f 2363/5154/910 2587/5153/910 2584/5155/911
f 2364/5156/911 2584/5155/911 2589/5157/912
f 2365/5158/912 2589/5157/912 2499/5159/882
f 2388/5160/905 2387/5283/904 2331/5161/913
f 2305/5163/874 2335/5167/874 2336/5164/874
f 2306/5166/874 2337/5169/874 2335/5167/874
f 2307/5168/874 2338/5171/874 2337/5169/874
f 2308/5170/874 2339/6650/874 2338/5171/874
f 2340/5172/874 2339/6650/874 2308/5170/874
f 2341/5174/874 2340/5172/874 2309/5173/874
f 2342/5176/874 2341/5174/874 2310/5175/874
f 2343/5178/874 2344/5181/874 2318/5179/874
f 2344/5181/874 2345/5183/874 2317/5182/874
f 2345/5183/874 2346/6651/874 2316/5184/874
f 2316/5184/874 2346/6651/874 2347/5185/874
f 2347/5185/874 2348/6652/874 2314/5187/874
f 2314/5187/874 2348/6652/874 2349/5188/874
f 2313/5189/874 2349/5188/874 2350/5190/874
f 2351/5192/874 2352/5195/874 2334/5193/874
f 2352/5195/874 2353/6653/874 2333/5196/874
f 2333/5196/874 2353/6653/874 2354/5197/874
f 2332/5198/874 2354/5197/874 2355/5199/874
f 2355/5199/874 2356/6654/874 2330/5201/874
f 2330/5201/874 2356/6654/874 2357/5202/874
f 2329/5203/874 2357/5202/874 2358/5204/874
f 2359/5206/874 2360/6655/874 2326/5207/874
f 2326/5207/874 2360/6655/874 2361/5209/874
f 2361/5209/874 2362/5212/874 2324/5211/874
f 2362/5212/874 2363/6656/874 2323/5213/874
f 2323/5213/874 2363/6656/874 2364/5214/874
f 2322/5215/874 2364/5214/874 2365/5216/874
f 2321/5217/874 2365/5216/874 2366/5218/874
f 2350/5190/874 2342/5176/874 2304/5177/874
f 2358/5204/874 2343/5178/874 2312/5180/874
f 2366/5218/874 2351/5192/874 2328/5194/874
f 2303/5165/874 2336/5164/874 2359/5206/874
f 2390/6657/874 2375/6658/874 2382/6659/874
f 2375/6658/874 2376/6660/874 2382/6659/874
f 2376/6660/874 2377/6661/874 2378/6662/874
f 2378/6662/874 2379/6663/874 2380/6664/874
f 2380/6664/874 2381/6665/874 2378/6662/874
f 2381/6665/874 2382/6659/874 2376/6660/874
f 2378/6662/874 2381/6665/874 2376/6660/874
f 2382/6659/874 2374/6666/874 2398/6667/874
f 2374/6666/874 2373/6668/874 2368/6669/874
f 2398/6667/874 2374/6666/874 2368/6669/874
f 2373/6668/874 2372/6670/874 2371/6671/874
f 2371/6671/874 2370/6672/874 2369/6673/874
f 2369/6673/874 2367/6674/874 2371/6671/874
f 2367/6674/874 2368/6669/874 2373/6668/874
f 2371/6671/874 2367/6674/874 2373/6668/874
f 2368/6669/874 2391/6675/874 2398/6667/874
f 2391/6675/874 2392/6676/874 2398/6667/874
f 2392/6676/874 2393/6677/874 2394/6678/874
f 2394/6678/874 2395/6679/874 2396/6680/874
f 2396/6680/874 2397/6681/874 2394/6678/874
f 2397/6681/874 2398/6667/874 2392/6676/874
f 2394/6678/874 2397/6681/874 2392/6676/874
f 2398/6667/874 2383/6682/874 2382/6659/874
f 2383/6682/874 2384/5222/874 2390/6657/874
f 2382/6659/874 2383/6682/874 2390/6657/874
f 2384/5222/874 2385/6683/874 2386/5220/874
f 2386/5220/874 2387/6684/874 2388/6685/874
f 2388/6685/874 2389/5221/874 2386/5220/874
f 2389/5221/874 2390/6657/874 2384/5222/874
f 2372/5223/893 2373/6686/894 2310/5224/894
f 2389/5226/906 2388/5160/905 2330/5162/905
f 2373/5228/894 2374/5272/885 2304/5229/885
f 2390/5231/886 2389/5226/906 2329/5227/906
f 2376/5233/895 2375/5278/887 2312/5234/888
f 2392/5236/907 2391/5285/877 2320/5237/879
f 2377/5239/896 2376/6687/895 2318/5240/895
f 2393/5242/908 2392/6688/907 2326/5243/907
f 2378/5245/897 2377/5239/896 2317/5241/896
f 2324/5247/909 2394/5251/909 2393/5242/908
f 2379/5248/898 2378/5245/897 2316/5246/897
f 2323/5250/910 2395/6689/910 2394/5251/909
f 2380/5252/899 2379/5248/898 2315/5249/898
f 2396/5254/911 2395/6689/910 2323/5250/910
f 2381/5256/900 2380/5252/899 2314/5253/899
f 2397/5258/912 2396/5254/911 2322/5255/911
f 2382/5260/884 2381/5256/900 2313/5257/900
f 2368/5262/914 2367/5270/889 2305/5263/889
f 2398/5265/882 2397/5258/912 2321/5259/912
f 2384/5267/901 2383/5282/883 2328/5268/883
f 2367/5270/889 2369/5276/890 2306/5271/890
f 2374/5272/885 2382/5260/884 2311/5261/884
f 2385/5273/902 2384/6690/901 2334/5274/901
f 2369/5276/890 2370/5280/891 2307/5277/891
f 2375/5278/887 2390/5231/886 2327/5232/886
f 2332/5279/903 2386/6691/903 2385/5273/902
f 2370/5280/891 2371/5284/892 2308/5281/892
f 2383/5282/883 2398/5265/882 2319/5266/882
f 2387/5283/904 2386/6691/903 2332/5279/903
f 2371/5284/892 2372/5223/893 2309/5225/893
f 2391/5285/877 2368/5262/914 2303/5264/878
f 2432/5286/878 2507/5299/878 2504/5287/877
f 2462/5289/882 2514/5353/882 2512/5290/883
f 2446/5292/884 2522/5325/884 2518/5293/885
f 2454/5295/886 2529/5339/886 2527/5296/887
f 2431/5298/889 2535/5301/889 2507/5299/878
f 2433/5300/890 2540/5303/890 2535/5301/889
f 2434/5302/891 2545/5305/891 2540/5303/890
f 2434/5302/891 2435/5307/892 2550/5304/892
f 2436/5306/893 2555/5309/893 2550/5304/892
f 2437/5308/894 2560/6692/894 2555/5309/893
f 2438/5294/885 2518/5293/885 2560/5310/894
f 2439/5297/888 2527/5296/887 2572/5312/895
f 2440/5314/895 2572/6693/895 2576/5315/896
f 2441/5316/896 2576/5315/896 2581/5317/897
f 2442/5318/897 2581/5317/897 2592/5319/898
f 2443/5320/898 2592/5319/898 2585/5321/899
f 2444/5322/899 2585/5321/899 2593/5323/900
f 2445/5324/900 2593/5323/900 2522/5325/884
f 2447/5291/883 2512/5290/883 2594/5326/901
f 2448/5328/901 2594/6694/901 2604/5329/902
f 2449/5330/902 2604/5329/902 2591/5331/903
f 2450/5332/903 2591/5331/903 2609/5333/913
f 2451/5334/913 2609/5333/913 2612/5335/905
f 2453/5337/906 2452/5336/905 2612/5335/905
f 2454/5295/886 2453/5337/906 2614/5338/906
f 2455/5288/879 2504/5287/877 2596/5340/907
f 2456/5342/907 2596/6695/907 2597/5343/908
f 2457/5344/908 2597/5343/908 2602/5345/909
f 2458/5346/909 2602/5345/909 2600/5347/916
f 2459/5348/916 2600/5347/916 2601/5349/911
f 2460/5350/911 2601/5349/911 2598/5351/912
f 2461/5352/912 2598/5351/912 2514/5353/882
f 2484/5354/905 2483/5478/913 2427/5355/913
f 2401/5357/874 2431/5361/874 2432/5358/874
f 2402/5360/874 2433/5363/874 2431/5361/874
f 2403/5362/874 2434/5365/874 2433/5363/874
f 2404/5364/874 2435/6696/874 2434/5365/874
f 2436/5366/874 2435/6696/874 2404/5364/874
f 2406/5368/874 2437/6697/874 2436/5366/874
f 2438/5369/874 2437/6697/874 2406/5368/874
f 2439/5371/874 2440/5374/874 2414/5372/874
f 2440/5374/874 2441/6698/874 2413/5375/874
f 2413/5375/874 2441/6698/874 2442/5376/874
f 2442/5376/874 2443/5379/874 2411/5378/874
f 2443/5379/874 2444/6699/874 2410/5380/874
f 2410/5380/874 2444/6699/874 2445/5381/874
f 2409/5382/874 2445/5381/874 2446/5383/874
f 2447/5385/874 2448/5388/874 2430/5386/874
f 2448/5388/874 2449/6700/874 2429/5389/874
f 2429/5389/874 2449/6700/874 2450/5390/874
f 2450/5390/874 2451/5393/874 2427/5392/874
f 2451/5393/874 2452/6701/874 2426/5394/874
f 2426/5394/874 2452/6701/874 2453/5395/874
f 2425/5396/874 2453/5395/874 2454/5397/874
f 2455/5399/874 2456/6702/874 2422/5400/874
f 2422/5400/874 2456/6702/874 2457/5402/874
f 2457/5402/874 2458/5405/874 2420/5404/874
f 2458/5405/874 2459/6703/874 2419/5406/874
f 2419/5406/874 2459/6703/874 2460/5407/874
f 2418/5408/874 2460/5407/874 2461/5409/874
f 2417/5410/874 2461/5409/874 2462/5411/874
f 2446/5383/874 2438/5369/874 2400/5370/874
f 2423/5398/874 2454/5397/874 2439/5371/874
f 2415/5412/874 2462/5411/874 2447/5385/874
f 2432/5358/874 2455/5399/874 2416/5401/874
f 2486/6704/874 2471/6705/874 2478/6706/874
f 2471/6705/874 2472/6707/874 2478/6706/874
f 2472/6707/874 2473/6708/874 2474/6709/874
f 2474/6709/874 2475/6710/874 2476/6711/874
f 2476/6711/874 2477/6712/874 2474/6709/874
f 2477/6712/874 2478/6706/874 2472/6707/874
f 2474/6709/874 2477/6712/874 2472/6707/874
f 2478/6706/874 2470/6713/874 2494/6714/874
f 2470/6713/874 2469/6715/874 2464/6716/874
f 2494/6714/874 2470/6713/874 2464/6716/874
f 2469/6715/874 2468/6717/874 2467/6718/874
f 2467/6718/874 2466/6719/874 2465/6720/874
f 2465/6720/874 2463/6721/874 2467/6718/874
f 2463/6721/874 2464/6716/874 2469/6715/874
f 2467/6718/874 2463/6721/874 2469/6715/874
f 2464/6716/874 2487/6722/874 2494/6714/874
f 2487/6722/874 2488/6723/874 2494/6714/874
f 2488/6723/874 2489/6724/874 2490/6725/874
f 2490/6725/874 2491/6726/874 2492/6727/874
f 2492/6727/874 2493/6728/874 2490/6725/874
f 2493/6728/874 2494/6714/874 2488/6723/874
f 2490/6725/874 2493/6728/874 2488/6723/874
f 2494/6714/874 2479/6729/874 2478/6706/874
f 2479/6729/874 2480/5415/874 2486/6704/874
f 2478/6706/874 2479/6729/874 2486/6704/874
f 2480/5415/874 2481/6730/874 2482/5413/874
f 2482/5413/874 2483/6731/874 2484/6732/874
f 2484/6732/874 2485/5414/874 2482/5413/874
f 2485/5414/874 2486/6704/874 2480/5415/874
f 2468/5416/893 2469/6733/894 2406/5417/894
f 2485/5419/906 2484/5354/905 2426/5356/905
f 2469/5421/894 2470/5466/917 2400/5422/917
f 2486/5424/886 2485/5419/906 2425/5420/906
f 2472/5426/895 2471/5472/887 2408/5427/888
f 2488/5429/907 2487/5480/877 2416/5430/879
f 2473/5432/896 2472/6734/895 2414/5433/895
f 2489/5435/908 2488/6735/907 2422/5436/907
f 2474/5438/897 2473/5432/896 2413/5434/896
f 2490/5440/909 2489/5435/908 2421/5437/908
f 2475/5442/898 2474/5438/897 2412/5439/897
f 2491/5444/910 2490/5440/909 2420/5441/909
f 2476/5446/899 2475/5442/898 2411/5443/898
f 2492/5448/911 2491/5444/910 2419/5445/910
f 2477/5450/900 2476/5446/899 2410/5447/899
f 2493/5452/912 2492/5448/911 2418/5449/911
f 2478/5454/884 2477/5450/900 2409/5451/900
f 2464/5456/914 2463/5464/889 2401/5457/889
f 2494/5459/882 2493/5452/912 2417/5453/912
f 2480/5461/901 2479/5477/883 2424/5462/883
f 2463/5464/889 2465/5470/890 2402/5465/890
f 2470/5466/917 2478/5454/884 2407/5455/884
f 2481/5467/902 2480/6736/901 2430/5468/901
f 2465/5470/890 2466/5475/891 2403/5471/891
f 2471/5472/887 2486/5424/886 2423/5425/886
f 2482/5473/903 2481/5467/902 2429/5469/902
f 2466/5475/891 2467/5479/892 2404/5476/892
f 2479/5477/883 2494/5459/882 2415/5460/882
f 2483/5478/913 2482/5473/903 2428/5474/903
f 2467/5479/892 2468/5416/893 2405/5418/893
f 2487/5480/877 2464/5456/914 2399/5458/878
f 2627/5483/918 2118/6737/918 2115/5481/918
f 2115/5481/918 2103/6738/918 2626/5482/918
f 2626/5486/919 2103/6739/919 2114/5484/919
f 2114/5484/919 2111/6740/919 2625/5485/919
f 2109/5487/920 2624/6299/920 2625/5488/920
f 2109/6741/921 2117/5491/921 2624/5490/921
f 2117/5491/921 2118/6742/921 2627/5492/921
f 3040/5493/883 3021/5556/882 2695/5494/882
f 3142/5496/885 3038/5528/884 2679/5497/884
f 3139/5499/887 3077/5542/886 2687/5500/886
f 3083/5502/878 3084/5504/889 2664/5503/889
f 3084/5504/889 3082/5506/890 2666/5505/890
f 3082/5506/890 3143/6743/891 2667/5507/891
f 2667/5507/891 3143/6743/891 3144/5508/892
f 3144/5508/892 3140/5511/893 2669/5510/893
f 3140/5511/893 3141/6744/894 2670/5512/894
f 3141/5513/894 3142/5496/885 2671/5498/885
f 3136/5515/895 3139/5499/887 2672/5501/888
f 3137/5517/896 3136/6745/895 2673/5518/895
f 3138/5520/897 3137/5517/896 2674/5519/896
f 3019/5522/898 3138/5520/897 2675/5521/897
f 3024/5524/899 3019/5522/898 2676/5523/898
f 3032/5526/900 3024/5524/899 2677/5525/899
f 3038/5528/884 3032/5526/900 2678/5527/900
f 3046/5529/901 3040/5493/883 2680/5495/883
f 3053/5531/902 3046/6746/901 2681/5532/901
f 3058/5534/903 3053/5531/902 2682/5533/902
f 3063/5536/904 3058/5534/903 2683/5535/903
f 3068/5538/905 3063/5536/904 2684/5537/904
f 3073/5540/906 3068/5538/905 2685/5539/905
f 3077/5542/886 3073/5540/906 2686/5541/906
f 3087/5543/907 3080/4696/877 2688/4698/879
f 3089/5545/908 3087/6747/907 2689/5546/907
f 3096/5548/909 3089/5545/908 2690/5547/908
f 3100/5550/910 3096/5548/909 2691/5549/909
f 3111/5552/911 3100/5550/910 2692/5551/910
f 3016/5554/912 3111/5552/911 2693/5553/911
f 3021/5556/882 3016/5554/912 2694/5555/912
f 2660/5557/913 2716/5689/904 2717/5558/905
f 2108/5560/873 2099/5623/873 2665/5561/873
f 2108/5560/873 2664/5562/873 2666/5563/873
f 2628/5564/873 2666/5563/873 2667/5565/873
f 2631/5567/873 2629/5566/873 2667/5565/873
f 2631/5567/873 2668/5568/873 2669/5569/873
f 2633/5570/873 2669/5569/873 2670/5571/873
f 2634/5572/873 2670/5571/873 2671/5573/873
f 2647/5575/873 2673/5579/873 2672/5576/873
f 2647/5575/873 2646/5580/873 2674/5578/873
f 2646/5580/873 2645/5583/873 2675/5581/873
f 2644/5582/873 2676/5585/873 2675/5581/873
f 2644/5582/873 2643/5587/873 2677/5584/873
f 2642/5586/873 2678/5589/873 2677/5584/873
f 2642/5586/873 2640/5620/873 2679/5588/873
f 2663/5590/873 2681/5594/873 2680/5591/873
f 2663/5590/873 2662/5595/873 2682/5593/873
f 2662/5595/873 2661/5598/873 2683/5596/873
f 2660/5597/873 2684/5600/873 2683/5596/873
f 2659/5599/873 2685/5602/873 2684/5600/873
f 2658/5601/873 2686/5604/873 2685/5602/873
f 2658/5601/873 2656/5621/873 2687/5603/873
f 2655/5605/873 2689/5609/873 2688/5606/873
f 2654/5608/873 2690/5611/873 2689/5609/873
f 2654/5608/873 2653/5613/873 2691/5610/873
f 2652/5612/873 2692/5615/873 2691/5610/873
f 2652/5612/873 2651/5617/873 2693/5614/873
f 2650/5616/873 2694/5619/873 2693/5614/873
f 2650/5616/873 2648/5622/873 2695/5618/873
f 2101/5574/873 2671/5573/873 2679/5588/873
f 2656/5621/873 2641/5577/873 2672/5576/873
f 2657/5592/873 2680/5591/873 2695/5618/873
f 2099/5623/873 2649/5607/873 2688/5606/873
f 2705/5626/873 2704/6748/873 2711/6749/873
f 2704/6748/873 2719/6750/873 2711/6749/873
f 2719/6750/873 2718/6751/873 2713/6752/873
f 2718/6751/873 2717/6753/873 2713/6752/873
f 2717/6753/873 2716/6754/873 2715/6755/873
f 2715/6755/873 2714/6756/873 2717/6753/873
f 2714/6756/873 2713/6752/873 2717/6753/873
f 2713/6752/873 2712/6757/873 2719/6750/873
f 2712/6757/873 2727/6758/873 2711/6749/873
f 2727/6758/873 2726/6759/873 2721/6760/873
f 2726/6759/873 2725/6761/873 2721/6760/873
f 2725/6761/873 2724/6762/873 2721/6760/873
f 2724/6762/873 2723/6763/873 2721/6760/873
f 2723/6763/873 2722/6764/873 2721/6760/873
f 2721/6760/873 2720/6765/873 2727/6758/873
f 2720/6765/873 2697/6766/873 2727/6758/873
f 2697/6766/873 2696/6767/873 2702/6768/873
f 2696/6767/873 2698/6769/873 2702/6768/873
f 2698/6769/873 2699/6770/873 2702/6768/873
f 2699/6770/873 2700/6771/873 2702/6768/873
f 2700/6771/873 2701/6772/873 2702/6768/873
f 2702/6768/873 2703/6773/873 2697/6766/873
f 2703/6773/873 2711/6749/873 2727/6758/873
f 2711/6749/873 2710/6774/873 2705/5626/873
f 2710/6774/873 2709/5624/873 2705/5626/873
f 2709/5624/873 2708/6775/873 2707/5625/873
f 2707/5625/873 2706/6776/873 2705/5626/873
f 2712/6757/873 2711/6749/873 2719/6750/873
f 2703/6773/873 2727/6758/873 2697/6766/873
f 2634/5627/894 2702/6777/894 2701/5628/893
f 2659/5559/905 2717/5558/905 2718/5630/906
f 2101/5632/885 2703/5677/885 2702/5633/894
f 2658/5631/906 2718/5630/906 2719/5635/886
f 2641/5637/888 2704/5683/887 2705/5638/895
f 2649/5640/879 2720/5691/877 2721/5641/907
f 2647/5643/895 2705/6778/895 2706/5644/896
f 2655/5646/907 2721/6779/907 2722/5647/908
f 2646/5645/896 2706/5644/896 2707/5649/897
f 2653/5651/909 2654/5648/908 2722/5647/908
f 2645/5650/897 2707/5649/897 2708/5653/898
f 2653/5651/909 2723/5652/909 2724/5655/910
f 2644/5654/898 2708/5653/898 2709/5657/899
f 2652/5656/910 2724/5655/910 2725/5659/911
f 2642/5661/900 2643/5658/899 2709/5657/899
f 2651/5660/911 2725/5659/911 2726/5663/912
f 2642/5661/900 2710/5662/900 2711/5665/884
f 2108/5667/889 2696/5676/889 2697/5668/914
f 2650/5664/912 2726/5663/912 2727/5670/882
f 2657/5672/883 2712/5688/883 2713/5673/901
f 2628/5675/890 2698/5682/890 2696/5676/889
f 2640/5666/884 2711/5665/884 2703/5677/885
f 2663/5678/901 2713/6780/901 2714/5679/902
f 2629/5681/891 2699/5687/891 2698/5682/890
f 2656/5636/886 2719/5635/886 2704/5683/887
f 2662/5680/902 2714/5679/902 2715/5684/903
f 2631/5686/892 2700/5690/892 2699/5687/891
f 2648/5671/882 2727/5670/882 2712/5688/883
f 2661/5685/903 2715/5684/903 2716/5689/904
f 2633/5629/893 2701/5628/893 2700/5690/892
f 2099/5669/878 2697/5668/914 2720/5691/877
f 3027/5692/877 3031/5704/878 2761/5693/878
f 3034/5695/883 3017/5757/882 2791/5696/882
f 3044/5698/885 3036/5730/884 2775/5699/884
f 3052/5701/888 3054/5743/886 2783/5702/886
f 3031/5704/878 3059/5706/889 2760/5705/889
f 3059/5706/889 3064/5708/890 2762/5707/890
f 3064/5708/890 3069/6781/891 2763/5709/891
f 2763/5709/891 3069/6781/891 3074/5710/892
f 3074/5710/892 3078/5713/893 2765/5712/893
f 3078/5713/893 3086/6782/894 2766/5714/894
f 3086/5715/894 3044/5698/885 2767/5700/885
f 3098/5717/895 3052/5701/888 2768/5703/888
f 3101/5719/896 3098/6783/895 2769/5720/895
f 3109/5722/897 3101/5719/896 2770/5721/896
f 3018/5724/898 3109/5722/897 2771/5723/897
f 3023/5726/899 3018/5724/898 2772/5725/898
f 3029/5728/900 3023/5726/899 2773/5727/899
f 3036/5730/884 3029/5728/900 2774/5729/900
f 3045/5731/901 3034/5695/883 2776/5697/883
f 2778/5733/902 3051/6784/902 3045/5734/901
f 3057/5736/903 3051/6784/902 2778/5733/902
f 2780/5738/904 3062/5740/913 3057/5736/903
f 2781/5739/905 3067/5742/905 3062/5740/913
f 2782/5741/906 3072/6785/906 3067/5742/905
f 3054/5743/886 3072/6785/906 2782/5741/906
f 3085/5744/907 3027/5692/877 2784/5694/879
f 3088/5746/908 3085/6786/907 2785/5747/907
f 3092/5749/909 3088/5746/908 2786/5748/908
f 3094/5751/910 3092/5749/909 2787/5750/909
f 3095/5753/911 3094/5751/910 2788/5752/910
f 3090/5755/912 3095/5753/911 2789/5754/911
f 3017/5757/882 3090/5755/912 2790/5756/912
f 2756/5758/913 2812/5890/904 2813/5759/905
f 2730/5761/873 2728/5824/873 2761/5762/873
f 2731/5764/873 2730/5761/873 2760/5763/873
f 2732/5766/873 2731/5764/873 2762/5765/873
f 2733/5768/873 2732/5766/873 2763/5767/873
f 2733/5768/873 2764/5769/873 2765/5770/873
f 2734/5771/873 2765/5770/873 2766/5772/873
f 2735/5773/873 2766/5772/873 2767/5774/873
f 2743/5776/873 2769/5780/873 2768/5777/873
f 2742/5779/873 2770/5782/873 2769/5780/873
f 2741/5781/873 2771/5784/873 2770/5782/873
f 2741/5781/873 2740/5786/873 2772/5783/873
f 2739/5785/873 2773/5788/873 2772/5783/873
f 2739/5785/873 2738/5789/873 2774/5787/873
f 2738/5789/873 2736/5821/873 2775/5790/873
f 2759/5791/873 2777/5795/873 2776/5792/873
f 2758/5794/873 2778/5797/873 2777/5795/873
f 2757/5796/873 2779/5799/873 2778/5797/873
f 2757/5796/873 2756/5800/873 2780/5798/873
f 2756/5800/873 2755/5802/873 2781/5801/873
f 2755/5802/873 2754/5804/873 2782/5803/873
f 2754/5804/873 2752/5822/873 2783/5805/873
f 2751/5806/873 2785/5810/873 2784/5807/873
f 2751/5806/873 2750/5812/873 2786/5809/873
f 2749/5811/873 2787/5814/873 2786/5809/873
f 2749/5811/873 2748/5815/873 2788/5813/873
f 2748/5815/873 2747/5817/873 2789/5816/873
f 2747/5817/873 2746/5819/873 2790/5818/873
f 2746/5819/873 2744/5823/873 2791/5820/873
f 2729/5775/873 2767/5774/873 2775/5790/873
f 2737/5778/873 2768/5777/873 2783/5805/873
f 2753/5793/873 2776/5792/873 2791/5820/873
f 2745/5808/873 2784/5807/873 2761/5762/873
f 2801/6787/873 2800/6788/873 2807/6789/873
f 2800/6788/873 2815/6790/873 2807/6789/873
f 2815/6790/873 2814/6791/873 2809/6792/873
f 2814/6791/873 2813/6793/873 2809/6792/873
f 2813/6793/873 2812/6794/873 2809/6792/873
f 2812/6794/873 2811/6795/873 2809/6792/873
f 2811/6795/873 2810/6796/873 2809/6792/873
f 2809/6792/873 2808/6797/873 2815/6790/873
f 2808/6797/873 2823/5826/873 2807/6789/873
f 2823/5826/873 2822/6798/873 2817/6799/873
f 2822/6798/873 2821/6800/873 2817/6799/873
f 2821/6800/873 2820/6801/873 2819/6802/873
f 2819/6802/873 2818/6803/873 2821/6800/873
f 2818/6803/873 2817/6799/873 2821/6800/873
f 2817/6799/873 2816/6804/873 2823/5826/873
f 2816/6804/873 2793/5827/873 2823/5826/873
f 2793/5827/873 2792/6805/873 2798/6806/873
f 2792/6805/873 2794/6807/873 2798/6806/873
f 2794/6807/873 2795/6808/873 2796/6809/873
f 2796/6809/873 2797/6810/873 2794/6807/873
f 2797/6810/873 2798/6806/873 2794/6807/873
f 2798/6806/873 2799/5825/873 2793/5827/873
f 2799/5825/873 2807/6789/873 2823/5826/873
f 2807/6789/873 2806/6811/873 2801/6787/873
f 2806/6811/873 2805/6812/873 2801/6787/873
f 2805/6812/873 2804/6813/873 2801/6787/873
f 2804/6813/873 2803/6814/873 2801/6787/873
f 2803/6814/873 2802/6815/873 2801/6787/873
f 2808/6797/873 2807/6789/873 2815/6790/873
f 2735/5828/894 2798/6816/894 2797/5829/893
f 2755/5760/905 2813/5759/905 2814/5831/906
f 2729/5833/885 2799/5878/885 2798/5834/894
f 2754/5832/906 2814/5831/906 2815/5836/886
f 2737/5838/888 2800/5884/887 2801/5839/895
f 2745/5841/879 2816/5892/877 2817/5842/907
f 2743/5844/895 2801/6817/895 2802/5845/896
f 2751/5847/907 2817/6818/907 2818/5848/908
f 2742/5846/896 2802/5845/896 2803/5850/897
f 2750/5849/908 2818/5848/908 2819/5852/909
f 2741/5851/897 2803/5850/897 2804/5854/898
f 2749/5853/909 2819/5852/909 2820/5856/910
f 2740/5855/898 2804/5854/898 2805/5858/899
f 2748/5857/910 2820/5856/910 2821/5860/911
f 2739/5859/899 2805/5858/899 2806/5862/900
f 2747/5861/911 2821/5860/911 2822/5864/912
f 2738/5863/900 2806/5862/900 2807/5866/884
f 2730/5868/889 2792/5877/889 2793/5869/914
f 2746/5865/912 2822/5864/912 2823/5871/882
f 2753/5873/883 2808/5889/883 2809/5874/901
f 2731/5876/890 2794/5883/890 2792/5877/889
f 2736/5867/884 2807/5866/884 2799/5878/885
f 2759/5879/901 2809/6819/901 2810/5880/902
f 2732/5882/891 2795/5888/891 2794/5883/890
f 2752/5837/886 2815/5836/886 2800/5884/887
f 2758/5881/902 2810/5880/902 2811/5885/903
f 2733/5887/892 2796/5891/892 2795/5888/891
f 2744/5872/882 2823/5871/882 2808/5889/883
f 2757/5886/903 2811/5885/903 2812/5890/904
f 2734/5830/893 2797/5829/893 2796/5891/892
f 2728/5870/878 2793/5869/914 2816/5892/877
f 3022/5893/877 3026/5905/878 2857/5894/878
f 3030/5896/883 3020/5957/882 2887/5897/882
f 2871/5901/884 2863/5917/885 3042/5899/915
f 2863/5917/885 3037/6820/885 3042/5899/915
f 3047/5902/888 3049/6821/886 2879/5903/886
f 3026/5905/878 3055/5907/889 2856/5906/889
f 3055/5907/889 3060/5909/890 2858/5908/890
f 3060/5909/890 3065/6822/891 2859/5910/891
f 2859/5910/891 3065/6822/891 3070/5911/892
f 3070/5911/892 3075/5914/893 2861/5913/893
f 3075/5914/893 3079/6823/894 2862/5915/894
f 3079/5916/894 3037/6820/885 2863/5917/885
f 3091/5919/895 3047/5902/888 2864/5904/888
f 3099/5921/896 3091/6824/895 2865/5922/895
f 3107/5924/897 3099/5921/896 2866/5923/896
f 3116/5926/898 3107/5924/897 2867/5925/897
f 3120/5928/899 3116/5926/898 2868/5927/898
f 3124/5930/900 3120/5928/899 2869/5929/899
f 3041/5900/884 3124/5930/900 2870/5931/900
f 2873/5932/901 3127/6825/901 3030/5896/883
f 2874/5933/902 3128/5937/902 3127/5934/901
f 2875/5936/903 3129/6826/903 3128/5937/902
f 3131/5938/913 3129/6826/903 2875/5936/903
f 3132/5940/905 3131/5938/913 2876/5939/913
f 3134/5942/906 3132/5940/905 2877/5941/905
f 2879/5903/886 3049/6821/886 3134/5942/906
f 3126/5944/907 3022/5893/877 2880/5895/879
f 3103/5946/908 3126/6827/907 2881/5947/907
f 3104/5949/909 3103/5946/908 2882/5948/908
f 3108/5951/910 3104/5949/909 2883/5950/909
f 3105/5953/911 3108/5951/910 2884/5952/910
f 3110/5955/912 3105/5953/911 2885/5954/911
f 3020/5957/882 3110/5955/912 2886/5956/912
f 2852/5958/913 2908/6090/904 2909/5959/905
f 2826/5961/873 2824/6024/873 2857/5962/873
f 2827/5964/873 2826/5961/873 2856/5963/873
f 2828/5966/873 2827/5964/873 2858/5965/873
f 2829/5968/873 2828/5966/873 2859/5967/873
f 2829/5968/873 2860/5969/873 2861/5970/873
f 2830/5971/873 2861/5970/873 2862/5972/873
f 2831/5973/873 2862/5972/873 2863/5974/873
f 2839/5976/873 2865/5980/873 2864/5977/873
f 2838/5979/873 2866/5982/873 2865/5980/873
f 2837/5981/873 2867/5984/873 2866/5982/873
f 2837/5981/873 2836/5986/873 2868/5983/873
f 2835/5985/873 2869/5988/873 2868/5983/873
f 2835/5985/873 2834/5989/873 2870/5987/873
f 2834/5989/873 2832/6021/873 2871/5990/873
f 2855/5991/873 2873/5995/873 2872/5992/873
f 2854/5994/873 2874/5997/873 2873/5995/873
f 2854/5994/873 2853/5998/873 2875/5996/873
f 2853/5998/873 2852/6001/873 2876/5999/873
f 2851/6000/873 2877/6003/873 2876/5999/873
f 2851/6000/873 2850/6004/873 2878/6002/873
f 2850/6004/873 2848/6022/873 2879/6005/873
f 2847/6006/873 2881/6010/873 2880/6007/873
f 2847/6006/873 2846/6012/873 2882/6009/873
f 2845/6011/873 2883/6014/873 2882/6009/873
f 2844/6013/873 2884/6016/873 2883/6014/873
f 2844/6013/873 2843/6017/873 2885/6015/873
f 2843/6017/873 2842/6019/873 2886/6018/873
f 2842/6019/873 2840/6023/873 2887/6020/873
f 2832/6021/873 2825/5975/873 2863/5974/873
f 2833/5978/873 2864/5977/873 2879/6005/873
f 2849/5993/873 2872/5992/873 2887/6020/873
f 2824/6024/873 2841/6008/873 2880/6007/873
f 2897/6027/873 2896/6828/873 2903/6829/873
f 2896/6828/873 2911/6830/873 2903/6829/873
f 2911/6830/873 2910/6831/873 2905/6832/873
f 2910/6831/873 2909/6833/873 2905/6832/873
f 2909/6833/873 2908/6834/873 2907/6835/873
f 2907/6835/873 2906/6836/873 2909/6833/873
f 2906/6836/873 2905/6832/873 2909/6833/873
f 2905/6832/873 2904/6837/873 2911/6830/873
f 2904/6837/873 2919/6838/873 2903/6829/873
f 2919/6838/873 2918/6839/873 2913/6840/873
f 2918/6839/873 2917/6841/873 2913/6840/873
f 2917/6841/873 2916/6842/873 2913/6840/873
f 2916/6842/873 2915/6843/873 2913/6840/873
f 2915/6843/873 2914/6844/873 2913/6840/873
f 2913/6840/873 2912/6845/873 2919/6838/873
f 2912/6845/873 2889/6846/873 2919/6838/873
f 2889/6846/873 2888/6847/873 2894/6848/873
f 2888/6847/873 2890/6849/873 2894/6848/873
f 2890/6849/873 2891/6850/873 2894/6848/873
f 2891/6850/873 2892/6851/873 2894/6848/873
f 2892/6851/873 2893/6852/873 2894/6848/873
f 2894/6848/873 2895/6853/873 2889/6846/873
f 2895/6853/873 2903/6829/873 2919/6838/873
f 2903/6829/873 2902/6854/873 2897/6027/873
f 2902/6854/873 2901/6025/873 2897/6027/873
f 2901/6025/873 2900/6855/873 2899/6026/873
f 2899/6026/873 2898/6856/873 2897/6027/873
f 2904/6837/873 2903/6829/873 2911/6830/873
f 2895/6853/873 2919/6838/873 2889/6846/873
f 2831/6028/894 2894/6857/894 2893/6029/893
f 2851/5960/905 2909/5959/905 2910/6031/906
f 2825/6033/885 2895/6078/885 2894/6034/894
f 2850/6032/906 2910/6031/906 2911/6036/886
f 2833/6038/888 2896/6084/887 2897/6039/895
f 2841/6041/879 2912/6092/877 2913/6042/907
f 2839/6044/895 2897/6858/895 2898/6045/896
f 2847/6047/907 2913/6859/907 2914/6048/908
f 2838/6046/896 2898/6045/896 2899/6050/897
f 2845/6052/909 2846/6049/908 2914/6048/908
f 2837/6051/897 2899/6050/897 2900/6054/898
f 2844/6056/910 2845/6052/909 2915/6053/909
f 2836/6055/898 2900/6054/898 2901/6058/899
f 2844/6056/910 2916/6057/910 2917/6060/911
f 2835/6059/899 2901/6058/899 2902/6062/900
f 2843/6061/911 2917/6060/911 2918/6064/912
f 2834/6063/900 2902/6062/900 2903/6066/884
f 2826/6068/889 2888/6077/889 2889/6069/914
f 2842/6065/912 2918/6064/912 2919/6071/882
f 2849/6073/883 2904/6089/883 2905/6074/901
f 2827/6076/890 2890/6083/890 2888/6077/889
f 2832/6067/884 2903/6066/884 2895/6078/885
f 2855/6079/901 2905/6860/901 2906/6080/902
f 2828/6082/891 2891/6088/891 2890/6083/890
f 2848/6037/886 2911/6036/886 2896/6084/887
f 2854/6081/902 2906/6080/902 2907/6085/903
f 2829/6087/892 2892/6091/892 2891/6088/891
f 2840/6072/882 2919/6071/882 2904/6089/883
f 2853/6086/903 2907/6085/903 2908/6090/904
f 2830/6030/893 2893/6029/893 2892/6091/892
f 2824/6070/878 2889/6069/914 2912/6092/877
f 3025/6093/877 3028/6105/878 2953/6094/878
f 3033/6096/883 3035/6158/882 2983/6097/882
f 3039/6099/885 3043/6131/884 2967/6100/884
f 3048/6102/887 3050/6861/886 2975/6103/886
f 3028/6105/878 3056/6107/889 2952/6106/889
f 3056/6107/889 3061/6109/890 2954/6108/890
f 3061/6109/890 3066/6862/891 2955/6110/891
f 2955/6110/891 3066/6862/891 3071/6111/892
f 2956/6112/892 3071/6111/892 3076/6113/893
f 3076/6113/893 3081/6863/894 2958/6115/894
f 3081/6116/894 3039/6099/885 2959/6101/885
f 3093/6118/895 3048/6102/887 2960/6104/888
f 3097/6120/896 3093/6864/895 2961/6121/895
f 3102/6123/897 3097/6120/896 2962/6122/896
f 3113/6125/898 3102/6123/897 2963/6124/897
f 3106/6127/899 3113/6125/898 2964/6126/898
f 3114/6129/900 3106/6127/899 2965/6128/899
f 3043/6131/884 3114/6129/900 2966/6130/900
f 3115/6132/901 3033/6096/883 2968/6098/883
f 3125/6134/902 3115/6865/901 2969/6135/901
f 3112/6137/903 3125/6134/902 2970/6136/902
f 3130/6139/913 3112/6137/903 2971/6138/903
f 3133/6141/905 3130/6139/913 2972/6140/913
f 3135/6143/906 3133/6141/905 2973/6142/905
f 2975/6103/886 3050/6861/886 3135/6143/906
f 3117/6145/907 3025/6093/877 2976/6095/879
f 3118/6147/908 3117/6866/907 2977/6148/907
f 3123/6150/909 3118/6147/908 2978/6149/908
f 3121/6152/916 3123/6150/909 2979/6151/909
f 3122/6154/911 3121/6152/916 2980/6153/916
f 3119/6156/912 3122/6154/911 2981/6155/911
f 3035/6158/882 3119/6156/912 2982/6157/912
f 2948/6159/913 3004/6291/913 3005/6160/905
f 2922/6162/873 2920/6225/873 2953/6163/873
f 2923/6165/873 2922/6162/873 2952/6164/873
f 2924/6167/873 2923/6165/873 2954/6166/873
f 2925/6169/873 2924/6167/873 2955/6168/873
f 2925/6169/873 2956/6170/873 2957/6171/873
f 2927/6173/873 2926/6172/873 2957/6171/873
f 2927/6173/873 2958/6174/873 2959/6175/873
f 2935/6177/873 2961/6181/873 2960/6178/873
f 2934/6180/873 2962/6183/873 2961/6181/873
f 2934/6180/873 2933/6185/873 2963/6182/873
f 2932/6184/873 2964/6187/873 2963/6182/873
f 2931/6186/873 2965/6189/873 2964/6187/873
f 2931/6186/873 2930/6190/873 2966/6188/873
f 2930/6190/873 2928/6222/873 2967/6191/873
f 2951/6192/873 2969/6196/873 2968/6193/873
f 2950/6195/873 2970/6198/873 2969/6196/873
f 2950/6195/873 2949/6200/873 2971/6197/873
f 2948/6199/873 2972/6202/873 2971/6197/873
f 2947/6201/873 2973/6204/873 2972/6202/873
f 2947/6201/873 2946/6205/873 2974/6203/873
f 2946/6205/873 2944/6223/873 2975/6206/873
f 2943/6207/873 2977/6211/873 2976/6208/873
f 2943/6207/873 2942/6213/873 2978/6210/873
f 2941/6212/873 2979/6215/873 2978/6210/873
f 2940/6214/873 2980/6217/873 2979/6215/873
f 2940/6214/873 2939/6218/873 2981/6216/873
f 2939/6218/873 2938/6220/873 2982/6219/873
f 2938/6220/873 2936/6224/873 2983/6221/873
f 2921/6176/873 2959/6175/873 2967/6191/873
f 2944/6223/873 2929/6179/873 2960/6178/873
f 2936/6224/873 2945/6194/873 2968/6193/873
f 2937/6209/873 2976/6208/873 2953/6163/873
f 2993/6228/873 2992/6867/873 2999/6868/873
f 2992/6867/873 3007/6869/873 2999/6868/873
f 3007/6869/873 3006/6870/873 3001/6871/873
f 3006/6870/873 3005/6872/873 3001/6871/873
f 3005/6872/873 3004/6873/873 3003/6874/873
f 3003/6874/873 3002/6875/873 3005/6872/873
f 3002/6875/873 3001/6871/873 3005/6872/873
f 3001/6871/873 3000/6876/873 3007/6869/873
f 3000/6876/873 3015/6877/873 2999/6868/873
f 3015/6877/873 3014/6878/873 3009/6879/873
f 3014/6878/873 3013/6880/873 3009/6879/873
f 3013/6880/873 3012/6881/873 3011/6882/873
f 3011/6882/873 3010/6883/873 3009/6879/873
f 3009/6879/873 3008/6884/873 3015/6877/873
f 3008/6884/873 2985/6885/873 3015/6877/873
f 2985/6885/873 2984/6886/873 2990/6887/873
f 2984/6886/873 2986/6888/873 2990/6887/873
f 2986/6888/873 2987/6889/873 2988/6890/873
f 2988/6890/873 2989/6891/873 2986/6888/873
f 2989/6891/873 2990/6887/873 2986/6888/873
f 2990/6887/873 2991/6892/873 2985/6885/873
f 2991/6892/873 2999/6868/873 3015/6877/873
f 2999/6868/873 2998/6893/873 2993/6228/873
f 2998/6893/873 2997/6226/873 2993/6228/873
f 2997/6226/873 2996/6894/873 2995/6227/873
f 2995/6227/873 2994/6895/873 2993/6228/873
f 3000/6876/873 2999/6868/873 3007/6869/873
f 3013/6880/873 3011/6882/873 3009/6879/873
f 2991/6892/873 3015/6877/873 2985/6885/873
f 2927/6229/894 2990/6896/894 2989/6230/893
f 2947/6161/905 3005/6160/905 3006/6232/906
f 2921/6234/917 2991/6279/917 2990/6235/894
f 2946/6233/906 3006/6232/906 3007/6237/886
f 2929/6239/888 2992/6285/887 2993/6240/895
f 2937/6242/879 3008/6293/877 3009/6243/907
f 2935/6245/895 2993/6897/895 2994/6246/896
f 2943/6248/907 3009/6898/907 3010/6249/908
f 2934/6247/896 2994/6246/896 2995/6251/897
f 2942/6250/908 3010/6249/908 3011/6253/909
f 2933/6252/897 2995/6251/897 2996/6255/898
f 2941/6254/909 3011/6253/909 3012/6257/910
f 2932/6256/898 2996/6255/898 2997/6259/899
f 2940/6258/910 3012/6257/910 3013/6261/911
f 2931/6260/899 2997/6259/899 2998/6263/900
f 2939/6262/911 3013/6261/911 3014/6265/912
f 2930/6264/900 2998/6263/900 2999/6267/884
f 2922/6269/889 2984/6278/889 2985/6270/914
f 2938/6266/912 3014/6265/912 3015/6272/882
f 2945/6274/883 3000/6290/883 3001/6275/901
f 2923/6277/890 2986/6284/890 2984/6278/889
f 2928/6268/884 2999/6267/884 2991/6279/917
f 2951/6280/901 3001/6899/901 3002/6281/902
f 2924/6283/891 2987/6289/891 2986/6284/890
f 2944/6238/886 3007/6237/886 2992/6285/887
f 2950/6282/902 3002/6281/902 3003/6286/903
f 2925/6288/892 2988/6292/892 2987/6289/891
f 2936/6273/882 3015/6272/882 3000/6290/883
f 2949/6287/903 3003/6286/903 3004/6291/913
f 2926/6231/893 2989/6230/893 2988/6292/892
f 2920/6271/878 2985/6270/914 3008/6293/877
f 2636/6295/918 2639/6900/918 2627/5483/918
f 2627/5483/918 2626/5482/918 2636/6295/918
f 2635/6297/919 2106/6901/919 2626/5486/919
f 2626/5486/919 2625/5485/919 2635/6297/919
f 2630/6298/920 2632/6902/920 2625/5488/920
f 2639/6903/921 2638/6300/921 2627/5492/921
f 2638/6300/921 2630/6904/921 2624/5490/921
o Cube.049_Cube.054
v 0.040550 0.163358 0.332539
v 0.040550 0.166200 -0.195214
v -0.040550 0.163358 0.332539
v -0.040550 0.166200 -0.195214
v -0.040550 0.185492 -0.206461
v -0.040550 0.185492 0.340323
v 0.040550 0.185492 -0.206461
v 0.040550 0.185492 0.340323
v 0.019303 0.226848 0.360154
v 0.019303 0.226848 -0.240016
v 0.000000 0.166200 -0.195214
v 0.000000 0.226848 0.360154
v 0.000000 0.226848 -0.240016
v 0.000000 0.163358 0.332539
v -0.019303 0.226848 0.360154
v -0.019303 0.226848 -0.240016
vt 0.801177 0.151937
vt 0.808661 0.365665
vt 0.800075 0.362558
vt 0.904182 0.681932
vt 0.896478 0.442410
vt 0.904182 0.442410
vt 0.781550 0.134057
vt 0.797733 0.344681
vt 0.781550 0.344681
vt 0.449258 0.987363
vt 0.439914 0.971180
vt 0.467544 0.971180
vt 0.911885 0.442410
vt 0.765367 0.344681
vt 0.826696 0.373579
vt 0.808661 0.147448
vt 0.826696 0.134057
vt 0.836811 0.450324
vt 0.829328 0.664052
vt 0.828225 0.453431
vt 0.439914 0.954997
vt 0.449258 0.954997
vt 0.781550 0.362692
vt 0.773846 0.362692
vt 0.765367 0.349211
vt 0.854847 0.442410
vt 0.836811 0.668541
vt 0.797733 0.349211
vt 0.896478 0.681932
vt 0.797733 0.134057
vt 0.467544 0.978883
vt 0.439914 0.987363
vt 0.911885 0.681932
vt 0.765367 0.134057
vt 0.467544 0.963476
vt 0.854847 0.681932
vt 0.789254 0.362692
vn 1.0000 -0.0000 0.0000
vn 0.0000 1.0000 -0.0000
vn 0.0000 -1.0000 -0.0054
vn -0.0211 -0.3767 0.9261
vn 0.0000 -0.3767 0.9263
vn 0.0000 -0.4170 0.9089
vn 0.8895 0.4570 0.0000
vn -1.0000 0.0000 0.0000
vn 0.0000 -0.3318 0.9434
vn 0.0211 -0.3767 0.9261
vn 0.0000 -0.6153 -0.7883
vn 0.0000 -0.6301 -0.7765
vn 0.0307 -0.5633 -0.8257
vn -0.8895 0.4570 0.0000
vn -0.0307 -0.5633 -0.8257
vn 0.0000 -0.5659 -0.8245
vn 0.0000 -0.4324 0.9017
vn 0.0000 -0.5037 -0.8639
usemtl Metal.001
s 1
f 3146/6905/922 3152/6906/922 3145/6907/922
f 3156/6908/923 3154/6909/923 3157/6910/923
f 3158/6911/924 3148/6912/924 3155/6913/924
f 3150/6914/925 3158/6915/926 3156/6916/927
f 3160/6917/923 3156/6908/923 3157/6910/923
f 3146/6918/924 3158/6911/924 3155/6913/924
f 3153/6919/928 3151/6920/928 3154/6921/928
f 3150/6922/929 3148/6923/929 3147/6924/929
f 3158/6915/926 3145/6925/930 3152/6926/931
f 3157/6927/932 3154/6928/933 3151/6929/934
f 3159/6930/935 3149/6931/935 3150/6922/935
f 3149/6932/936 3157/6927/932 3155/6913/937
f 3146/6905/922 3151/6920/922 3152/6906/922
f 3156/6908/923 3153/6933/923 3154/6909/923
f 3158/6911/924 3147/6934/924 3148/6912/924
f 3156/6916/927 3159/6935/938 3150/6914/925
f 3150/6914/925 3147/6936/930 3158/6915/926
f 3160/6917/923 3159/6937/923 3156/6908/923
f 3146/6918/924 3145/6938/924 3158/6911/924
f 3153/6919/928 3152/6906/928 3151/6920/928
f 3150/6922/929 3149/6931/929 3148/6923/929
f 3152/6926/931 3153/6939/938 3156/6916/927
f 3156/6916/927 3158/6915/926 3152/6926/931
f 3151/6929/934 3146/6918/939 3155/6913/937
f 3155/6913/937 3157/6927/932 3151/6929/934
f 3159/6930/935 3160/6940/935 3149/6931/935
f 3155/6913/937 3148/6912/939 3149/6932/936
f 3149/6932/936 3160/6941/933 3157/6927/932
o Cube.048_Cube.053
v -0.067759 0.068609 0.499297
v -0.067759 0.070504 -0.292805
v -0.062355 0.143392 0.517265
v -0.020624 0.232394 0.415541
v -0.047517 0.175037 0.443231
v -0.020624 0.232394 0.360154
v -0.020624 0.232394 -0.310321
v 0.067759 0.068609 0.499297
v 0.067759 0.070504 -0.292805
v -0.020624 0.232394 -0.240016
v -0.053995 0.161222 0.521549
v -0.051661 0.166200 -0.195214
v -0.052994 0.163358 0.332539
v 0.062355 0.143392 0.517265
v 0.020624 0.232394 0.415541
v 0.047517 0.175037 0.443231
v 0.020624 0.232394 0.360154
v 0.020624 0.232394 -0.310321
v 0.020624 0.232394 -0.240016
v 0.053995 0.161222 0.521549
v 0.051661 0.166200 -0.195214
v 0.052994 0.163358 0.332539
v 0.062355 0.143392 -0.344868
v -0.062355 0.143392 -0.344868
vt 0.351692 0.616155
vt 0.329878 0.376627
vt 0.351692 0.381890
vt 0.694503 0.710174
vt 0.706702 0.693809
vt 0.706702 0.710174
vt 0.519297 0.797097
vt 0.480815 0.781648
vt 0.520895 0.781648
vt 0.848706 0.967550
vt 0.820471 0.992091
vt 0.820471 0.955208
vt 0.919722 0.811305
vt 0.931921 0.790533
vt 0.931921 0.811305
vt 0.884805 0.157125
vt 0.915757 0.001162
vt 0.915363 0.157125
vt 0.625239 0.408050
vt 0.632116 0.207722
vt 0.631526 0.462697
vt 0.026002 0.959559
vt 0.047992 0.981331
vt 0.026002 0.990905
vt 0.874702 0.989230
vt 0.858762 0.967851
vt 0.874702 0.977030
vt 0.867967 0.664429
vt 0.867967 0.624350
vt 0.890713 0.625948
vt 0.330468 0.631602
vt 0.323591 0.431274
vt 0.891606 0.988004
vt 0.877025 0.967851
vt 0.891606 0.975805
vt 0.653340 0.223169
vt 0.653340 0.457434
vt 0.480815 0.547383
vt 0.981769 0.806964
vt 0.958447 0.776942
vt 0.981769 0.778857
vt 0.694503 0.693809
vt 0.482414 0.797097
vt 0.848706 0.979749
vt 0.919722 0.790533
vt 0.884411 0.001162
vt 0.621412 0.440778
vt 0.603007 0.432546
vt 0.603045 0.416166
vt 0.625796 0.463951
vt 0.603456 0.238666
vt 0.603504 0.217873
vt 0.624687 0.251965
vt 0.047992 0.969132
vt 0.858762 0.998409
vt 0.896136 0.628420
vt 0.896136 0.660358
vt 0.890713 0.662831
vt 0.301397 0.423158
vt 0.301359 0.406777
vt 0.319764 0.398546
vt 0.324148 0.375373
vt 0.301856 0.621450
vt 0.301808 0.600658
vt 0.323040 0.587358
vt 0.877025 0.995958
vt 0.520895 0.547383
vt 0.958447 0.808880
vn 0.9973 0.0739 0.0000
vn 0.9974 0.0722 0.0002
vn 0.9974 0.0720 0.0002
vn 0.0000 1.0000 -0.0000
vn 0.0000 -0.5812 -0.8137
vn 0.0000 0.3619 -0.9322
vn 0.0000 1.0000 0.0054
vn -0.9054 0.4245 0.0000
vn 0.0000 0.3714 -0.9285
vn 0.0000 0.5605 0.8281
vn 0.0000 -0.2336 0.9723
vn 0.9054 0.4245 0.0000
vn 0.0000 0.4347 0.9006
vn -0.9974 0.0722 0.0002
vn -0.9973 0.0739 0.0000
vn -0.9974 0.0720 0.0002
vn 0.0000 -1.0000 -0.0024
vn 0.0000 0.9848 0.1737
usemtl Paint.001
s 1
f 3169/6942/940 3174/6943/941 3168/6944/942
f 3166/6945/943 3175/6946/943 3177/6947/943
f 3184/6948/944 3169/6949/944 3162/6950/944
f 3167/6951/945 3183/6952/945 3184/6953/945
f 3167/6954/943 3179/6955/943 3178/6956/943
f 3172/6957/946 3182/6958/946 3181/6959/946
f 3173/6960/947 3184/6961/947 3163/6962/947
f 3173/6963/948 3177/6964/948 3182/6965/948
f 3170/6966/949 3181/6967/949 3179/6968/949
f 3161/6969/950 3168/6970/950 3174/6971/950
f 3174/6943/951 3183/6972/951 3182/6973/951
f 3164/6974/952 3176/6975/952 3175/6976/952
f 3163/6962/953 3162/6977/954 3161/6978/955
f 3168/6979/956 3162/6950/956 3169/6949/956
f 3165/6980/957 3180/6981/957 3176/6982/957
f 3169/6942/940 3183/6972/940 3174/6943/941
f 3166/6945/943 3164/6983/943 3175/6946/943
f 3184/6948/944 3183/6984/944 3169/6949/944
f 3167/6951/945 3178/6985/945 3183/6952/945
f 3167/6954/943 3170/6986/943 3179/6955/943
f 3172/6957/946 3173/6987/946 3182/6958/946
f 3165/6988/947 3164/6989/947 3166/6990/947
f 3165/6988/947 3166/6990/947 3173/6960/947
f 3163/6962/947 3171/6991/947 3165/6988/947
f 3170/6992/947 3167/6993/947 3184/6961/947
f 3172/6994/947 3170/6992/947 3184/6961/947
f 3163/6962/947 3165/6988/947 3173/6960/947
f 3173/6960/947 3172/6994/947 3184/6961/947
f 3173/6963/948 3166/6995/948 3177/6964/948
f 3170/6966/949 3172/6996/949 3181/6967/949
f 3174/6971/950 3180/6997/950 3171/6998/950
f 3171/6998/950 3163/6999/950 3174/6971/950
f 3163/6999/950 3161/6969/950 3174/6971/950
f 3177/7000/951 3175/7001/951 3176/7002/951
f 3176/7002/951 3180/7003/951 3174/6943/951
f 3183/6972/951 3178/7004/951 3179/7005/951
f 3183/6972/951 3179/7005/951 3181/7006/951
f 3182/6973/951 3177/7000/951 3176/7002/951
f 3183/6972/951 3181/7006/951 3182/6973/951
f 3182/6973/951 3176/7002/951 3174/6943/951
f 3164/6974/952 3165/7007/952 3176/6975/952
f 3163/6962/953 3184/6961/954 3162/6977/954
f 3168/6979/956 3161/7008/956 3162/6950/956
f 3165/6980/957 3171/7009/957 3180/6981/957
o Cube.047_Cube.052
v -0.102066 -0.079200 -0.281435
v -0.082116 0.094117 -0.446403
v -0.066365 0.143392 -0.401301
v -0.102066 0.031703 -0.238829
v -0.066365 0.143392 -0.344868
v -0.089664 0.070504 -0.292805
v 0.102066 -0.079200 -0.281435
v -0.089716 0.070339 -0.223985
v -0.058744 -0.076855 -0.851997
v 0.082116 0.094117 -0.446403
v 0.066365 0.143392 -0.401301
v 0.102066 0.031703 -0.238829
v 0.066365 0.143392 -0.344868
v 0.089664 0.070504 -0.292805
v 0.089716 0.070339 -0.223985
v 0.058744 -0.076855 -0.851997
v 0.059262 0.094117 -0.808345
v 0.102066 -0.077078 -0.797620
v 0.102066 0.031703 -0.770261
v 0.082116 0.094117 -0.779630
v 0.000000 0.094117 -0.446403
v 0.000000 0.143392 -0.344868
v 0.000000 -0.076855 -0.851997
v 0.000000 0.094117 -0.808345
v 0.000000 -0.079200 -0.281435
v 0.000000 0.070339 -0.223985
v 0.000000 0.070504 -0.292805
v 0.000000 0.143392 -0.401301
v -0.059262 0.094117 -0.808345
v -0.102066 -0.077078 -0.797620
v -0.102066 0.031703 -0.770261
v -0.082116 0.094117 -0.779630
vt 0.444940 0.919739
vt 0.464568 0.910038
vt 0.464568 0.919739
vt 0.690439 0.231774
vt 0.671303 0.228926
vt 0.670296 0.220429
vt 0.692179 0.544479
vt 0.660359 0.689179
vt 0.659721 0.532010
vt 0.979982 0.598485
vt 0.962609 0.649106
vt 0.962609 0.598485
vt 0.722260 0.376475
vt 0.689801 0.388944
vt 0.484195 0.919739
vt 0.677962 0.372932
vt 0.670903 0.327477
vt 0.444940 0.910038
vt 0.464568 0.883547
vt 0.061534 0.571785
vt 0.061534 0.724448
vt 0.031348 0.724448
vt 0.434382 0.864931
vt 0.464568 0.845565
vt 0.464568 0.871677
vt 0.640822 0.593477
vt 0.647882 0.548021
vt 0.640216 0.700525
vt 0.641222 0.692028
vt 0.491086 0.883547
vt 0.491101 0.871677
vt 0.494754 0.845565
vt 0.494754 0.864931
vt 0.945235 0.598485
vt 0.945082 0.649106
vt 0.438050 0.883547
vt 0.001162 0.724448
vt 0.001162 0.571785
vt 0.484195 0.910038
vt 0.836354 0.915196
vt 0.855517 0.934824
vt 0.836354 0.939482
vt 0.527643 0.963999
vt 0.503357 0.963999
vt 0.503357 0.906717
vt 0.855517 0.895569
vt 0.836354 0.890910
vt 0.551928 0.906717
vt 0.527643 0.901781
vt 0.720286 0.207722
vt 0.722260 0.223812
vt 0.692179 0.697142
vt 0.980135 0.649106
vt 0.677930 0.393286
vt 0.655664 0.357444
vt 0.655732 0.340754
vt 0.031348 0.555703
vt 0.048722 0.555703
vt 0.438034 0.871677
vt 0.434382 0.845565
vt 0.647850 0.527668
vt 0.625651 0.580200
vt 0.625584 0.563510
vt 0.690205 0.713232
vt 0.013975 0.555703
vt 0.855517 0.915196
vt 0.510116 0.901781
vt 0.545169 0.901781
vt 0.551928 0.963999
vn 0.0000 1.0000 0.0000
vn -0.7730 0.1547 -0.6152
vn 1.0000 -0.0000 0.0000
vn 0.0000 0.2474 -0.9689
vn -1.0000 -0.0000 0.0000
vn -0.9525 0.3045 0.0000
vn 0.0000 0.5812 0.8137
vn 0.0000 -1.0000 -0.0041
vn 0.0000 -0.3586 0.9335
vn 0.9525 0.3045 0.0000
vn 0.7730 0.1547 -0.6152
vn 0.0000 1.0000 0.0024
vn 0.0000 0.6752 -0.7377
usemtl Paint.001
s 1
f 3187/7010/958 3206/7011/958 3212/7012/958
f 3215/7013/959 3216/7014/959 3213/7015/959
f 3191/7016/960 3203/7017/960 3196/7018/960
f 3193/7019/961 3208/7020/961 3207/7021/961
f 3215/7013/962 3185/7022/962 3188/7023/962
f 3206/7011/958 3195/7024/958 3212/7012/958
f 3188/7023/963 3190/7025/963 3186/7026/963
f 3189/7027/964 3211/7028/964 3206/7011/964
f 3202/7029/965 3191/7030/965 3209/7031/965
f 3188/7032/966 3209/7033/966 3210/7034/966
f 3196/7018/967 3194/7035/967 3198/7036/967
f 3201/7037/968 3204/7038/968 3203/7017/968
f 3198/7039/969 3210/7034/969 3199/7040/969
f 3209/7033/966 3191/7041/966 3196/7042/966
f 3200/7043/961 3208/7020/961 3201/7044/961
f 3190/7045/969 3210/7034/969 3211/7028/969
f 3209/7031/965 3185/7046/965 3214/7047/965
f 3197/7048/964 3211/7028/964 3198/7039/964
f 3205/7049/970 3195/7050/970 3194/7051/970
f 3205/7052/958 3194/7053/958 3204/7054/958
f 3187/7055/970 3205/7049/970 3186/7056/970
f 3216/7057/958 3205/7052/958 3208/7058/958
f 3187/7010/958 3189/7027/958 3206/7011/958
f 3213/7015/959 3193/7059/959 3215/7013/959
f 3193/7059/959 3214/7060/959 3215/7013/959
f 3191/7016/960 3202/7061/960 3203/7017/960
f 3193/7019/961 3213/7062/961 3208/7020/961
f 3215/7013/962 3214/7060/962 3185/7022/962
f 3206/7011/958 3197/7048/958 3195/7024/958
f 3188/7023/963 3192/7063/963 3190/7025/963
f 3190/7025/963 3189/7064/963 3186/7026/963
f 3189/7064/963 3187/7065/963 3186/7026/963
f 3186/7026/963 3216/7014/963 3215/7013/963
f 3215/7013/963 3188/7023/963 3186/7026/963
f 3189/7027/964 3190/7045/964 3211/7028/964
f 3209/7031/965 3207/7066/965 3202/7029/965
f 3207/7066/965 3200/7067/965 3202/7029/965
f 3210/7034/966 3192/7068/966 3188/7032/966
f 3188/7032/966 3185/7069/966 3209/7033/966
f 3198/7036/967 3199/7070/967 3196/7018/967
f 3196/7018/967 3203/7017/967 3194/7035/967
f 3203/7017/967 3204/7038/967 3194/7035/967
f 3194/7035/967 3195/7071/967 3197/7072/967
f 3194/7035/967 3197/7072/967 3198/7036/967
f 3202/7061/968 3200/7073/968 3203/7017/968
f 3200/7073/968 3201/7037/968 3203/7017/968
f 3198/7039/969 3211/7028/969 3210/7034/969
f 3196/7042/966 3199/7040/966 3210/7034/966
f 3210/7034/966 3209/7033/966 3196/7042/966
f 3200/7043/961 3207/7021/961 3208/7020/961
f 3190/7045/969 3192/7068/969 3210/7034/969
f 3193/7074/965 3207/7066/965 3214/7047/965
f 3207/7066/965 3209/7031/965 3214/7047/965
f 3197/7048/964 3206/7011/964 3211/7028/964
f 3205/7049/970 3212/7075/970 3195/7050/970
f 3204/7054/958 3201/7076/958 3208/7058/958
f 3208/7058/958 3205/7052/958 3204/7054/958
f 3187/7055/970 3212/7075/970 3205/7049/970
f 3208/7058/958 3213/7077/958 3216/7057/958
f 3216/7057/958 3186/7078/958 3205/7052/958
o Cube.046_Cube.051
v -0.083258 -0.078876 -0.360285
v -0.053227 -0.246388 -0.895281
v -0.061540 -0.076855 -0.851997
v 0.083258 -0.078876 -0.360285
v -0.083258 -0.076976 -0.812310
v -0.083258 -0.256176 -0.839399
v 0.053227 -0.246388 -0.895281
v 0.061540 -0.076855 -0.851997
v 0.083258 -0.076976 -0.812310
v 0.083258 -0.256176 -0.839399
v 0.083258 -0.336871 -0.446283
v 0.038189 -0.382537 -0.461505
v 0.035470 -0.301618 -0.870045
v 0.061311 -0.270748 -0.884150
v 0.065733 -0.267759 -0.875393
v 0.079774 -0.258565 -0.846129
v 0.073554 -0.262720 -0.858693
v 0.000000 -0.301618 -0.870045
v -0.000000 -0.246388 -0.895281
v 0.000000 -0.382537 -0.461505
v 0.000000 -0.078876 -0.360285
v -0.000000 -0.076855 -0.851997
v -0.083258 -0.336871 -0.446283
v -0.038189 -0.382537 -0.461505
v -0.035470 -0.301618 -0.870045
v -0.061311 -0.270748 -0.884150
v -0.065733 -0.267759 -0.875393
v -0.079774 -0.258565 -0.846129
v -0.073554 -0.262720 -0.858693
vt 0.956055 0.730295
vt 0.953664 0.736461
vt 0.937922 0.736461
vt 0.409867 0.674596
vt 0.464238 0.557014
vt 0.463409 0.672106
vt 0.556943 0.530878
vt 0.608635 0.527668
vt 0.608178 0.546103
vt 0.122048 0.816198
vt 0.146671 0.682510
vt 0.146671 0.827935
vt 0.919790 0.730295
vt 0.927432 0.722481
vt 0.407434 0.840790
vt 0.432058 0.921220
vt 0.407434 0.935456
vt 0.609268 0.544094
vt 0.611213 0.540346
vt 0.623260 0.536596
vt 0.466444 0.677863
vt 0.468888 0.682840
vt 0.463867 0.690541
vt 0.478491 0.681613
vt 0.171295 0.682510
vt 0.171295 0.816198
vt 0.382811 0.921220
vt 0.922181 0.736461
vt 0.937922 0.788209
vt 0.919722 0.788209
vt 0.370835 0.498546
vt 0.381325 0.375373
vt 0.382129 0.498546
vt 0.609007 0.661195
vt 0.554635 0.543614
vt 0.360345 0.375373
vt 0.359541 0.498546
vt 0.937922 0.722481
vt 0.948413 0.722481
vt 0.384453 0.547383
vt 0.615039 0.532756
vt 0.613656 0.535369
vt 0.128471 0.827935
vt 0.122048 0.682510
vt 0.432058 0.840790
vt 0.418728 0.935456
vt 0.623260 0.656234
vt 0.470271 0.685453
vt 0.412174 0.687331
vt 0.464499 0.674115
vt 0.478491 0.561975
vt 0.164872 0.827935
vt 0.396140 0.935456
vt 0.382811 0.840790
vt 0.370835 0.375373
vt 0.529222 0.670826
vt 0.956123 0.788209
vn 0.0000 -0.4156 -0.9096
vn 0.9736 0.0341 -0.2256
vn 1.0000 -0.0000 0.0000
vn 0.9635 0.0369 -0.2653
vn -0.8768 0.0728 -0.4753
vn -0.8840 0.0779 -0.4609
vn -0.9635 0.0369 -0.2653
vn 0.0003 1.0000 0.0039
vn 0.0000 1.0000 0.0042
vn 0.0000 1.0000 0.0038
vn 0.0000 -0.3162 0.9487
vn -0.7275 -0.6720 -0.1380
vn -0.7275 -0.6721 -0.1380
vn 0.8856 0.0760 -0.4581
vn 0.8855 0.0949 -0.4549
vn 0.8840 0.0779 -0.4609
vn 0.7275 -0.6721 -0.1380
vn -0.0003 1.0000 0.0039
vn 0.0000 0.2474 -0.9689
vn 0.0000 -0.9809 -0.1943
vn -1.0000 -0.0000 0.0000
vn -0.9736 0.0341 -0.2256
vn -0.8792 0.0769 -0.4702
vn -0.8855 0.0949 -0.4549
vn -0.8856 0.0760 -0.4581
vn -0.8832 0.0387 -0.4674
vn 0.0000 1.0000 0.0031
vn 0.8792 0.0769 -0.4702
vn 0.8768 0.0728 -0.4753
vn 0.8832 0.0387 -0.4674
usemtl Paint.001
s 1
f 3242/7079/971 3218/7080/971 3235/7081/971
f 3225/7082/972 3227/7083/973 3226/7084/974
f 3219/7085/975 3218/7086/976 3222/7087/977
f 3221/7088/978 3237/7089/979 3238/7090/980
f 3235/7081/971 3230/7091/971 3229/7092/971
f 3237/7093/981 3239/7094/981 3236/7095/981
f 3244/7096/982 3245/7097/983 3241/7098/983
f 3233/7099/984 3231/7100/985 3223/7101/986
f 3229/7102/987 3231/7100/987 3233/7099/987
f 3237/7089/979 3220/7103/979 3225/7104/988
f 3236/7095/981 3227/7105/981 3237/7093/981
f 3223/7106/989 3238/7107/989 3224/7108/989
f 3236/7109/990 3229/7110/990 3228/7111/990
f 3239/7112/991 3221/7113/992 3222/7087/977
f 3218/7080/989 3238/7107/989 3235/7081/989
f 3241/7114/990 3236/7109/990 3240/7115/990
f 3235/7081/971 3234/7116/971 3241/7117/971
f 3241/7117/971 3242/7079/971 3235/7081/971
f 3225/7082/972 3220/7118/973 3227/7083/973
f 3218/7086/976 3242/7119/993 3243/7120/994
f 3243/7120/994 3245/7097/995 3218/7086/976
f 3245/7097/995 3244/7096/996 3218/7086/976
f 3244/7096/996 3222/7087/977 3218/7086/976
f 3222/7087/977 3221/7113/992 3219/7085/975
f 3238/7090/980 3219/7121/997 3221/7088/978
f 3221/7088/978 3217/7122/979 3237/7089/979
f 3229/7092/971 3234/7116/971 3235/7081/971
f 3235/7081/971 3223/7106/971 3230/7091/971
f 3217/7123/981 3239/7094/981 3237/7093/981
f 3239/7094/981 3240/7124/981 3236/7095/981
f 3239/7112/983 3222/7087/983 3240/7125/983
f 3222/7087/983 3244/7096/982 3241/7098/983
f 3245/7097/983 3243/7120/983 3241/7098/983
f 3243/7120/983 3242/7119/983 3241/7098/983
f 3222/7087/983 3241/7098/983 3240/7125/983
f 3231/7100/985 3230/7126/998 3223/7101/986
f 3223/7101/986 3224/7127/999 3226/7084/974
f 3224/7127/999 3225/7082/972 3226/7084/974
f 3223/7101/986 3226/7084/974 3232/7128/1000
f 3232/7128/1000 3233/7099/984 3223/7101/986
f 3232/7128/987 3226/7084/987 3229/7102/987
f 3226/7084/987 3227/7083/987 3228/7129/987
f 3229/7102/987 3226/7084/987 3228/7129/987
f 3229/7102/987 3230/7126/987 3231/7100/987
f 3233/7099/987 3232/7128/987 3229/7102/987
f 3225/7104/988 3224/7130/997 3238/7090/980
f 3238/7090/980 3237/7089/979 3225/7104/988
f 3228/7131/981 3227/7105/981 3236/7095/981
f 3227/7105/981 3220/7132/981 3237/7093/981
f 3223/7106/989 3235/7081/989 3238/7107/989
f 3236/7109/990 3234/7133/990 3229/7110/990
f 3239/7112/991 3217/7134/991 3221/7113/992
f 3218/7080/989 3219/7135/989 3238/7107/989
f 3241/7114/990 3234/7133/990 3236/7109/990
o Cube.045_Cube.050
v -0.089873 -0.351064 -0.189673
v -0.089873 -0.362931 -0.217363
v 0.089873 -0.351064 -0.189673
v -0.089873 -0.267995 -0.191651
v -0.089873 -0.079200 -0.281435
v -0.089873 -0.078876 -0.360285
v 0.089873 -0.362931 -0.217363
v 0.089873 -0.267995 -0.191651
v 0.089873 -0.079200 -0.281435
v -0.089873 -0.504225 -0.291633
v 0.089873 -0.078876 -0.360285
v -0.076653 -0.517201 -0.298454
v -0.089873 -0.355818 -0.452599
v -0.059480 -0.483578 -0.371633
v 0.089873 -0.504225 -0.291633
v 0.076653 -0.517201 -0.298454
v 0.089873 -0.355818 -0.452599
v 0.059480 -0.483578 -0.371633
v 0.065904 -0.382537 -0.461505
v 0.000000 -0.351064 -0.189673
v 0.000000 -0.362931 -0.217363
v 0.000000 -0.079200 -0.281435
v 0.000000 -0.517201 -0.298454
v 0.000000 -0.382537 -0.461505
v 0.000000 -0.267995 -0.191651
v 0.000000 -0.078876 -0.360285
v 0.000000 -0.267981 -0.191232
v 0.000000 -0.483578 -0.371633
v -0.065904 -0.382537 -0.461505
vt 0.357217 0.401953
vt 0.357093 0.401953
vt 0.357217 0.375373
vt 0.195373 0.586567
vt 0.195373 0.672903
vt 0.130372 0.635612
vt 0.962262 0.104371
vt 0.985582 0.130951
vt 0.962262 0.130951
vt 0.905879 0.326309
vt 0.925370 0.326309
vt 0.932459 0.334639
vt 0.357217 0.428533
vt 0.283566 0.675552
vt 0.224523 0.702137
vt 0.216900 0.655548
vt 0.985246 0.814922
vt 0.960681 0.841502
vt 0.960681 0.814922
vt 0.962262 0.157532
vt 0.879299 0.334639
vt 0.886388 0.326309
vt 0.911922 0.909798
vt 0.885342 0.965527
vt 0.885342 0.909803
vt 0.858762 0.909798
vt 0.160708 0.558293
vt 0.136331 0.559982
vt 0.919722 0.693577
vt 0.919722 0.666997
vt 0.961598 0.666997
vt 0.283566 0.683882
vt 0.248900 0.703826
vt 0.474643 0.948540
vt 0.457052 0.922063
vt 0.476543 0.922063
vt 0.457052 0.970148
vt 0.479722 0.970148
vt 0.439461 0.948540
vt 0.457052 0.948540
vt 0.434382 0.970148
vt 0.961598 0.720157
vt 0.965443 0.693577
vt 0.985246 0.868082
vt 0.960681 0.868082
vt 0.197697 0.582283
vt 0.205898 0.608863
vt 0.197697 0.608863
vt 0.205898 0.555703
vt 0.197697 0.555703
vt 0.173220 0.680186
vt 0.122048 0.612491
vt 0.128707 0.606571
vt 0.985582 0.104371
vt 0.932459 0.420975
vt 0.905879 0.420975
vt 0.210240 0.649629
vt 0.218564 0.626507
vt 0.261412 0.581933
vt 0.283566 0.589216
vt 0.985246 0.841502
vt 0.985582 0.157532
vt 0.879299 0.420975
vt 0.911922 0.965527
vt 0.858762 0.965527
vt 0.137031 0.555703
vt 0.195373 0.578237
vt 0.965443 0.670907
vt 0.225223 0.706416
vt 0.437561 0.922063
vt 0.965443 0.716247
vt 0.919722 0.720157
vt 0.205898 0.582283
vn 0.0000 -0.9994 0.0332
vn 1.0000 -0.0000 0.0000
vn 0.0000 1.0000 0.0041
vn -0.0000 0.3162 -0.9487
vn -1.0000 -0.0000 0.0000
vn 0.0000 0.0238 0.9997
vn 0.0032 0.4307 0.9025
vn 0.0000 0.4299 0.9029
vn 0.0000 0.4311 0.9023
vn -0.0032 0.4307 0.9025
vn 0.7799 -0.4613 -0.4231
vn 0.7410 -0.4763 -0.4734
vn 0.7554 -0.5051 -0.4174
vn 0.0000 -0.4653 0.8852
vn -0.7410 -0.4763 -0.4734
vn -0.7229 -0.4843 -0.4928
vn -0.7799 -0.4613 -0.4231
vn 0.0000 -0.6646 -0.7472
vn 0.0000 -0.9087 -0.4175
vn 0.0000 -0.9191 0.3939
vn 0.0000 0.4295 0.9031
vn 0.7371 -0.5316 -0.4172
vn 0.7229 -0.4843 -0.4928
vn -0.7371 -0.5316 -0.4172
vn -0.7554 -0.5051 -0.4174
usemtl Paint.001
s 1
f 3270/7136/1001 3272/7137/1001 3249/7138/1001
f 3262/7139/1002 3256/7140/1002 3253/7141/1002
f 3251/7142/1003 3267/7143/1003 3271/7144/1003
f 3269/7145/1004 3274/7146/1004 3258/7147/1004
f 3270/7136/1001 3253/7148/1001 3272/7137/1001
f 3258/7149/1005 3255/7150/1005 3247/7151/1005
f 3246/7152/1006 3270/7153/1006 3249/7154/1006
f 3267/7143/1003 3256/7155/1003 3271/7144/1003
f 3262/7156/1004 3264/7157/1004 3269/7145/1004
f 3253/7158/1007 3267/7159/1008 3272/7160/1009
f 3267/7159/1008 3249/7161/1010 3272/7160/1009
f 3263/7162/1011 3262/7139/1012 3260/7163/1013
f 3266/7164/1014 3247/7165/1014 3255/7166/1014
f 3258/7149/1015 3274/7167/1016 3259/7168/1017
f 3263/7169/1018 3269/7170/1018 3264/7171/1018
f 3268/7172/1019 3263/7169/1019 3261/7173/1019
f 3259/7174/1018 3269/7170/1018 3273/7175/1018
f 3259/7174/1019 3268/7172/1019 3257/7176/1019
f 3260/7177/1014 3266/7164/1014 3268/7178/1014
f 3270/7153/1006 3248/7179/1006 3253/7180/1006
f 3265/7181/1020 3252/7182/1020 3248/7183/1020
f 3247/7184/1020 3265/7181/1020 3246/7185/1020
f 3254/7186/1002 3253/7141/1002 3256/7140/1002
f 3253/7141/1002 3248/7187/1002 3252/7188/1002
f 3252/7188/1002 3260/7163/1002 3262/7139/1002
f 3253/7141/1002 3252/7188/1002 3262/7139/1002
f 3251/7142/1003 3250/7189/1003 3267/7143/1003
f 3251/7190/1004 3271/7191/1004 3258/7147/1004
f 3271/7191/1004 3269/7145/1004 3258/7147/1004
f 3246/7192/1005 3249/7193/1005 3247/7151/1005
f 3249/7193/1005 3250/7194/1005 3251/7195/1005
f 3247/7151/1005 3249/7193/1005 3258/7149/1005
f 3251/7195/1005 3258/7149/1005 3249/7193/1005
f 3246/7152/1006 3265/7196/1006 3270/7153/1006
f 3267/7143/1003 3254/7197/1003 3256/7155/1003
f 3269/7145/1004 3271/7191/1004 3262/7156/1004
f 3271/7191/1004 3256/7198/1004 3262/7156/1004
f 3253/7158/1007 3254/7199/1021 3267/7159/1008
f 3267/7159/1008 3250/7200/1021 3249/7161/1010
f 3260/7163/1013 3261/7201/1022 3263/7162/1011
f 3263/7162/1011 3264/7202/1023 3262/7139/1012
f 3255/7166/1014 3257/7203/1014 3268/7178/1014
f 3268/7178/1014 3266/7164/1014 3255/7166/1014
f 3259/7168/1017 3257/7204/1024 3255/7150/1025
f 3255/7150/1025 3258/7149/1015 3259/7168/1017
f 3263/7169/1018 3273/7175/1018 3269/7170/1018
f 3268/7172/1019 3273/7175/1019 3263/7169/1019
f 3259/7174/1018 3274/7205/1018 3269/7170/1018
f 3259/7174/1019 3273/7175/1019 3268/7172/1019
f 3268/7178/1014 3261/7206/1014 3260/7177/1014
f 3260/7177/1014 3252/7207/1014 3266/7164/1014
f 3270/7153/1006 3265/7196/1006 3248/7179/1006
f 3265/7181/1020 3266/7208/1020 3252/7182/1020
f 3247/7184/1020 3266/7208/1020 3265/7181/1020
o Cube.044_Cube.049
v -0.080811 -0.266017 -0.132317
v 0.080811 -0.266017 -0.132317
v 0.080811 -0.102887 -0.021823
v -0.080811 -0.102887 -0.021823
v 0.080811 0.070339 -0.223985
v -0.080811 0.070339 -0.223985
v 0.080811 -0.267995 -0.191651
v 0.080811 -0.079200 -0.281435
v -0.080811 -0.267967 -0.190815
v -0.080811 -0.079200 -0.281435
v 0.080811 -0.101563 0.331561
v -0.080811 -0.101563 0.331561
v 0.080811 -0.053623 0.348104
v 0.080811 0.070085 -0.117701
v 0.080811 -0.055512 -0.160156
v -0.080811 0.070085 -0.117701
v -0.080811 -0.053623 0.348104
v -0.080811 -0.055512 -0.160156
vt 0.064289 0.408241
vt 0.103413 0.553379
vt 0.061249 0.451379
vt 0.060212 0.900032
vt 0.042904 0.947832
vt 0.042656 0.900032
vt 0.165753 0.477373
vt 0.207917 0.375373
vt 0.168793 0.520511
vt 0.928054 0.312224
vt 0.880254 0.207722
vt 0.928054 0.207722
vt 0.991008 0.001162
vt 0.959575 0.048962
vt 0.959575 0.001162
vt 0.349159 0.946646
vt 0.301359 0.899269
vt 0.349159 0.899269
vt 0.301359 0.856669
vt 0.991221 0.326310
vt 0.976277 0.374109
vt 0.976277 0.326310
vt 0.984128 0.596161
vt 0.945082 0.548361
vt 0.984128 0.548361
vt 0.529222 0.673150
vt 0.577021 0.823468
vt 0.529222 0.823468
vt 0.650807 0.523628
vt 0.603007 0.466275
vt 0.650807 0.466275
vt 0.088454 0.552290
vt 0.006232 0.432179
vt 0.001162 0.415369
vt 0.048312 0.375373
vt 0.095417 0.380442
vt 0.103413 0.410842
vt 0.060212 0.947832
vt 0.207917 0.517910
vt 0.199921 0.548310
vt 0.152815 0.553380
vt 0.105737 0.513146
vt 0.110735 0.496573
vt 0.192957 0.376462
vt 0.880254 0.312224
vt 0.991008 0.048962
vt 0.301359 0.946646
vt 0.349159 0.856766
vt 0.991221 0.374109
vt 0.945082 0.596161
vt 0.577021 0.673150
vt 0.603007 0.523628
vn 1.0000 -0.0000 0.0000
vn -0.0000 -0.9994 0.0333
vn -1.0000 -0.0000 0.0000
vn 0.0000 -1.0000 0.0037
vn 0.0000 1.0000 0.0024
vn 0.0000 0.3586 -0.9335
vn -0.0028 -0.4314 -0.9022
vn -0.0020 -0.4309 -0.9024
vn 0.0000 -0.4295 -0.9031
vn 0.0000 -0.3262 0.9453
vn 0.0000 -0.3202 0.9473
vn 0.0000 1.0000 -0.0037
vn 0.0000 -0.5608 0.8280
vn -0.0047 -0.4328 -0.9015
usemtl Paint.001
s 1
f 3289/7209/1026 3287/7210/1026 3277/7211/1026
f 3276/7212/1027 3283/7213/1027 3281/7214/1027
f 3278/7215/1028 3291/7216/1028 3292/7217/1028
f 3278/7218/1029 3285/7219/1029 3286/7220/1029
f 3279/7221/1030 3290/7222/1030 3288/7223/1030
f 3280/7224/1031 3282/7225/1031 3284/7226/1031
f 3281/7227/1032 3284/7226/1033 3282/7225/1034
f 3286/7228/1035 3287/7229/1035 3291/7230/1035
f 3289/7231/1036 3290/7232/1036 3292/7233/1036
f 3289/7234/1037 3291/7235/1037 3287/7236/1037
f 3277/7237/1038 3275/7238/1038 3276/7239/1038
f 3287/7210/1026 3285/7240/1026 3277/7211/1026
f 3277/7211/1026 3276/7241/1026 3289/7209/1026
f 3276/7241/1026 3281/7242/1026 3289/7209/1026
f 3281/7242/1026 3282/7243/1026 3289/7209/1026
f 3282/7243/1026 3279/7244/1026 3289/7209/1026
f 3279/7244/1026 3288/7245/1026 3289/7209/1026
f 3276/7212/1027 3275/7246/1027 3283/7213/1027
f 3292/7217/1028 3290/7247/1028 3280/7248/1028
f 3280/7248/1028 3284/7249/1028 3292/7217/1028
f 3284/7249/1028 3283/7250/1028 3292/7217/1028
f 3283/7250/1028 3275/7251/1028 3292/7217/1028
f 3275/7251/1028 3278/7215/1028 3292/7217/1028
f 3278/7215/1028 3286/7252/1028 3291/7216/1028
f 3278/7218/1029 3277/7253/1029 3285/7219/1029
f 3279/7221/1030 3280/7254/1030 3290/7222/1030
f 3280/7224/1031 3279/7255/1031 3282/7225/1031
f 3281/7227/1032 3283/7256/1039 3284/7226/1033
f 3286/7228/1035 3285/7257/1035 3287/7229/1035
f 3289/7231/1036 3288/7258/1036 3290/7232/1036
f 3289/7234/1037 3292/7259/1037 3291/7235/1037
f 3277/7237/1038 3278/7260/1038 3275/7238/1038
o Cube.043_Cube.048
v 0.057114 -0.283595 0.472099
v 0.057114 -0.138004 0.540774
v -0.057114 -0.283595 0.472099
v -0.057114 -0.138004 0.540774
v 0.057114 -0.014551 0.811781
v -0.057114 -0.014551 0.811781
v -0.057114 -0.138004 0.782224
v -0.057114 -0.377188 0.570939
v -0.057114 -0.465996 0.567650
v -0.030827 -0.255447 0.308932
v -0.029241 -0.015661 0.438290
v 0.057114 -0.138004 0.782224
v 0.057114 -0.377188 0.570939
v 0.057114 -0.465996 0.567650
v 0.030827 -0.255447 0.308932
v 0.029241 -0.015661 0.438290
v 0.057114 -0.278417 0.337158
v 0.057114 -0.015532 0.481680
v 0.000000 -0.283595 0.472099
v 0.000000 -0.015661 0.438290
v 0.000000 -0.377188 0.570939
v 0.000000 -0.255447 0.308932
v 0.000000 -0.465996 0.567650
v 0.000000 -0.138004 0.540774
v 0.000000 -0.138004 0.782224
v 0.000000 -0.014551 0.811781
v -0.057114 -0.278417 0.337158
v -0.057114 -0.015532 0.481680
vt 0.637633 0.574151
vt 0.660427 0.442410
vt 0.660427 0.591468
vt 0.285642 0.132831
vt 0.294812 0.013458
vt 0.332136 0.104839
vt 0.794049 0.440068
vt 0.771255 0.365330
vt 0.794049 0.365330
vt 0.648757 0.591468
vt 0.660427 0.643378
vt 0.648124 0.643378
vt 0.207385 0.813526
vt 0.184591 0.813526
vt 0.184591 0.694927
vt 0.230179 0.694927
vt 0.230179 0.813526
vt 0.636306 0.918756
vt 0.659100 0.868095
vt 0.659100 0.918756
vt 0.681894 0.918756
vt 0.332136 0.308064
vt 0.341010 0.371692
vt 0.294812 0.399446
vt 0.487456 0.609033
vt 0.452700 0.631827
vt 0.452700 0.609033
vt 0.271179 0.289596
vt 0.285642 0.280073
vt 0.271179 0.123307
vt 0.280367 0.014962
vt 0.748461 0.440068
vt 0.748461 0.365330
vt 0.771255 0.823105
vt 0.748461 0.886027
vt 0.748461 0.823105
vt 0.487456 0.654621
vt 0.452700 0.654621
vt 0.672097 0.591468
vt 0.672730 0.643378
vt 0.683221 0.442410
vt 0.683221 0.574151
vt 0.794049 0.886027
vt 0.794049 0.823105
vt 0.787796 0.888369
vt 0.748461 0.911163
vt 0.748461 0.888369
vt 0.787796 0.933957
vt 0.748461 0.933957
vt 0.637633 0.442410
vt 0.412773 0.157593
vt 0.395672 0.205281
vt 0.412773 0.001171
vt 0.341010 0.041212
vt 0.394469 0.031549
vt 0.771255 0.440068
vt 0.195082 0.680403
vt 0.207385 0.680403
vt 0.219688 0.680403
vt 0.636306 0.868095
vt 0.681894 0.868095
vt 0.395672 0.207623
vt 0.412773 0.255311
vt 0.394469 0.381354
vt 0.412773 0.411732
vt 0.487456 0.631827
vt 0.280367 0.397941
vt 0.771255 0.886027
vt 0.787796 0.911163
vn 0.0000 1.0000 -0.0030
vn -1.0000 -0.0000 0.0000
vn 0.0000 -1.0000 0.0000
vn 0.0000 0.4748 -0.8801
vn -0.0000 -0.7756 -0.6312
vn 0.0000 -0.2328 0.9725
vn 1.0000 -0.0000 0.0000
vn 0.0000 -0.0370 0.9993
vn 0.8060 0.2851 -0.5186
vn -0.8060 0.2851 -0.5186
vn 0.0000 -0.4266 0.9044
vn 0.0000 0.7261 0.6876
usemtl Metal.001
s 1
f 3320/7261/1040 3318/7262/1040 3312/7263/1040
f 3320/7264/1041 3319/7265/1041 3296/7266/1041
f 3296/7267/1042 3317/7268/1042 3299/7269/1042
f 3303/7270/1043 3314/7271/1043 3302/7272/1043
f 3315/7273/1044 3301/7274/1044 3319/7275/1044
f 3309/7276/1044 3306/7277/1044 3315/7273/1044
f 3298/7278/1045 3317/7279/1045 3318/7280/1045
f 3317/7279/1045 3297/7281/1045 3318/7280/1045
f 3294/7282/1046 3293/7283/1046 3309/7284/1046
f 3301/7285/1047 3313/7286/1047 3300/7287/1047
f 3309/7284/1048 3308/7288/1048 3310/7289/1048
f 3319/7265/1049 3303/7290/1049 3302/7291/1049
f 3317/7268/1042 3294/7292/1042 3304/7293/1042
f 3311/7294/1050 3296/7295/1050 3295/7296/1050
f 3313/7286/1047 3306/7297/1047 3305/7298/1047
f 3314/7271/1043 3308/7299/1043 3307/7300/1043
f 3318/7262/1040 3297/7301/1040 3310/7302/1040
f 3294/7303/1050 3311/7294/1050 3293/7304/1050
f 3293/7305/1051 3313/7306/1051 3305/7307/1051
f 3313/7306/1051 3295/7308/1051 3300/7309/1051
f 3312/7263/1040 3303/7270/1040 3320/7261/1040
f 3320/7261/1040 3298/7310/1040 3318/7262/1040
f 3299/7311/1041 3298/7312/1041 3296/7266/1041
f 3298/7312/1041 3320/7264/1041 3296/7266/1041
f 3319/7265/1041 3301/7313/1041 3295/7314/1041
f 3301/7313/1041 3300/7315/1041 3295/7314/1041
f 3319/7265/1041 3295/7314/1041 3296/7266/1041
f 3296/7267/1042 3316/7316/1042 3317/7268/1042
f 3303/7270/1043 3312/7263/1043 3314/7271/1043
f 3302/7317/1044 3314/7318/1044 3319/7275/1044
f 3314/7318/1044 3315/7273/1044 3319/7275/1044
f 3315/7273/1044 3314/7318/1044 3309/7276/1044
f 3314/7318/1044 3307/7319/1044 3309/7276/1044
f 3298/7278/1045 3299/7320/1045 3317/7279/1045
f 3317/7279/1045 3304/7321/1045 3297/7281/1045
f 3310/7289/1046 3297/7322/1046 3294/7282/1046
f 3297/7322/1046 3304/7323/1046 3294/7282/1046
f 3305/7324/1046 3306/7325/1046 3293/7283/1046
f 3306/7325/1046 3309/7284/1046 3293/7283/1046
f 3310/7289/1046 3294/7282/1046 3309/7284/1046
f 3301/7285/1047 3315/7326/1047 3313/7286/1047
f 3309/7284/1048 3307/7327/1048 3308/7288/1048
f 3319/7265/1049 3320/7264/1049 3303/7290/1049
f 3317/7268/1042 3316/7316/1042 3294/7292/1042
f 3311/7294/1050 3316/7328/1050 3296/7295/1050
f 3313/7286/1047 3315/7326/1047 3306/7297/1047
f 3314/7271/1043 3312/7263/1043 3308/7299/1043
f 3310/7302/1040 3308/7299/1040 3312/7263/1040
f 3312/7263/1040 3318/7262/1040 3310/7302/1040
f 3294/7303/1050 3316/7328/1050 3311/7294/1050
f 3293/7305/1051 3311/7329/1051 3313/7306/1051
f 3313/7306/1051 3311/7329/1051 3295/7308/1051
o Cube.042_Cube.047
v -0.038066 -0.406291 0.991142
v -0.038066 -0.465996 0.567650
v -0.038066 -0.475667 0.714193
v 0.038066 -0.406291 0.991142
v 0.038066 -0.465996 0.567650
v -0.038066 -0.406291 0.761250
v 0.038066 -0.475667 0.714193
v 0.038066 -0.406291 0.761250
v 0.038066 -0.382486 0.680871
v 0.038066 -0.322199 0.725677
v -0.038066 -0.382486 0.680871
v -0.038066 -0.322199 0.725677
v 0.038066 -0.322199 0.956443
v -0.038066 -0.322199 0.956443
v 0.038066 -0.377188 0.570939
v -0.038066 -0.377188 0.570939
vt 0.525873 0.993227
vt 0.503357 0.966323
vt 0.525873 0.966323
vt 0.576768 0.901781
vt 0.554252 0.945192
vt 0.554252 0.901781
vt 0.882087 0.042508
vt 0.865566 0.060994
vt 0.852960 0.039645
vt 0.653131 0.523628
vt 0.671439 0.501112
vt 0.671439 0.523628
vt 0.206927 0.810634
vt 0.184410 0.878588
vt 0.184410 0.810634
vt 0.023678 0.992100
vt 0.001162 0.959559
vt 0.023678 0.959559
vt 0.673763 0.501112
vt 0.687421 0.523628
vt 0.673763 0.523628
vt 0.849286 0.670908
vt 0.875904 0.666997
vt 0.859383 0.732950
vt 0.694503 0.691485
vt 0.717019 0.623256
vt 0.717019 0.691485
vt 0.528197 0.966323
vt 0.550713 0.992606
vt 0.528197 0.992606
vt 0.503357 0.993227
vt 0.576768 0.945192
vt 0.882087 0.126947
vt 0.855469 0.123035
vt 0.838885 0.056832
vt 0.843540 0.008488
vt 0.868782 0.001162
vt 0.653131 0.501112
vt 0.206927 0.878588
vt 0.001162 0.992100
vt 0.687421 0.501112
vt 0.875904 0.751435
vt 0.846777 0.754299
vt 0.862598 0.792782
vt 0.837357 0.785456
vt 0.832702 0.737112
vt 0.694503 0.623256
vt 0.550713 0.966323
vn 0.0000 0.3814 0.9244
vn 0.0000 -0.9978 -0.0658
vn -1.0000 -0.0000 0.0000
vn 0.0000 0.5965 -0.8026
vn 0.0000 -1.0000 0.0000
vn 0.0000 0.9988 0.0481
vn 0.0000 -0.5614 0.8276
vn 1.0000 0.0000 0.0000
vn 0.0000 1.0000 0.0000
vn 0.0000 0.0370 -0.9993
usemtl Paint.001
s 1
f 3333/7330/1052 3321/7331/1052 3324/7332/1052
f 3323/7333/1053 3325/7334/1053 3327/7335/1053
f 3323/7336/1054 3326/7337/1054 3331/7338/1054
f 3332/7339/1055 3329/7340/1055 3331/7341/1055
f 3321/7342/1056 3328/7343/1056 3324/7344/1056
f 3335/7345/1057 3331/7346/1057 3329/7347/1057
f 3326/7348/1058 3327/7349/1058 3328/7350/1058
f 3333/7351/1059 3324/7352/1059 3328/7353/1059
f 3332/7354/1060 3333/7355/1060 3330/7356/1060
f 3325/7357/1061 3336/7358/1061 3335/7359/1061
f 3333/7330/1052 3334/7360/1052 3321/7331/1052
f 3323/7333/1053 3322/7361/1053 3325/7334/1053
f 3326/7337/1054 3321/7362/1054 3334/7363/1054
f 3334/7363/1054 3332/7364/1054 3326/7337/1054
f 3332/7364/1054 3331/7338/1054 3326/7337/1054
f 3331/7338/1054 3336/7365/1054 3322/7366/1054
f 3322/7366/1054 3323/7336/1054 3331/7338/1054
f 3332/7339/1055 3330/7367/1055 3329/7340/1055
f 3321/7342/1056 3326/7368/1056 3328/7343/1056
f 3335/7345/1057 3336/7369/1057 3331/7346/1057
f 3326/7348/1058 3323/7370/1058 3327/7349/1058
f 3328/7353/1059 3327/7371/1059 3329/7372/1059
f 3327/7371/1059 3325/7373/1059 3329/7372/1059
f 3325/7373/1059 3335/7374/1059 3329/7372/1059
f 3329/7372/1059 3330/7375/1059 3328/7353/1059
f 3330/7375/1059 3333/7351/1059 3328/7353/1059
f 3332/7354/1060 3334/7376/1060 3333/7355/1060
f 3325/7357/1061 3322/7377/1061 3336/7358/1061
o Cube.041_Cube.046
v -0.091652 -0.604805 1.061630
v -0.091652 -0.605660 1.185560
v -0.091652 -0.625333 1.033981
v -0.040584 -0.692380 1.038755
v -0.051502 -0.648128 1.003280
v 0.091652 -0.604805 1.061630
v 0.091652 -0.605660 1.185560
v -0.091652 -0.683237 1.100664
v -0.066717 -0.714198 1.100949
v 0.091652 -0.625333 1.033981
v 0.040584 -0.692380 1.038755
v 0.051502 -0.648128 1.003280
v 0.091652 -0.683237 1.100664
v 0.066717 -0.714198 1.100949
v 0.050963 -0.608279 1.362080
v 0.091652 -0.701024 1.232501
v 0.064459 -0.736144 1.241999
v 0.047323 -0.484024 1.313278
v 0.091652 -0.605730 1.304248
v 0.091652 -0.526030 1.269171
v -0.050963 -0.608279 1.362080
v -0.091652 -0.701024 1.232501
v -0.064459 -0.736144 1.241999
v -0.047323 -0.484024 1.313278
v -0.091652 -0.605730 1.304248
v -0.091652 -0.526030 1.269171
vt 0.264453 0.930698
vt 0.252578 0.934212
vt 0.249349 0.918086
vt 0.869341 0.858167
vt 0.890955 0.825291
vt 0.900775 0.857855
vt 0.780449 0.800149
vt 0.749154 0.818131
vt 0.741074 0.803038
vt 0.881812 0.466098
vt 0.827599 0.466098
vt 0.869937 0.444645
vt 0.774894 0.817285
vt 0.764362 0.849768
vt 0.722348 0.851418
vt 0.217615 0.899346
vt 0.257078 0.899346
vt 0.225344 0.918086
vt 0.222115 0.934212
vt 0.210240 0.930698
vt 0.882664 0.821405
vt 0.858762 0.856205
vt 0.885568 0.889492
vt 0.877487 0.904585
vt 0.916863 0.907474
vt 0.911307 0.890338
vt 0.923178 0.936263
vt 0.952246 0.953170
vt 0.924255 0.953170
vt 0.827599 0.528057
vt 0.827599 0.493973
vt 0.881812 0.493973
vt 0.256410 0.861552
vt 0.218283 0.861552
vt 0.919187 0.884385
vt 0.953323 0.936263
vt 0.746250 0.886218
vt 0.732928 0.849456
vt 0.754542 0.882332
vt 0.264453 0.904707
vt 0.914928 0.814922
vt 0.916863 0.824921
vt 0.827599 0.455933
vt 0.839474 0.444645
vt 0.881812 0.455933
vt 0.780449 0.882702
vt 0.778514 0.892701
vt 0.210240 0.904707
vt 0.881812 0.528057
vt 0.868701 0.546037
vt 0.840710 0.546037
vt 0.957314 0.884385
vn -0.6810 -0.5529 -0.4801
vn 1.0000 0.0000 0.0000
vn -0.7896 0.2459 0.5623
vn -0.7888 0.2455 0.5636
vn -0.7878 0.2450 0.5651
vn 0.0000 0.8029 -0.5961
vn -1.0000 0.0000 0.0000
vn -0.7527 -0.4048 0.5193
vn -0.7366 -0.4102 0.5377
vn -0.7566 -0.4034 0.5146
vn 0.0000 -0.9436 -0.3310
vn 0.6810 -0.5529 -0.4801
vn 0.7758 -0.6252 -0.0844
vn 0.7765 -0.6244 -0.0846
vn 0.7766 -0.6242 -0.0847
vn 0.7366 -0.4102 0.5377
vn 0.7527 -0.4048 0.5193
vn 0.7566 -0.4034 0.5146
vn 0.7896 0.2459 0.5623
vn 0.7888 0.2455 0.5636
vn 0.7909 0.2465 0.5601
vn 0.0000 0.3656 0.9308
vn 0.0000 0.7241 -0.6897
vn 0.0000 -0.9881 -0.1537
vn 0.0000 -0.6846 0.7289
vn 0.0000 -0.6255 -0.7802
vn -0.7758 -0.6252 -0.0844
vn -0.7765 -0.6244 -0.0846
vn -0.7757 -0.6255 -0.0844
vn 0.0000 1.0000 0.0069
vn -0.7909 0.2465 0.5601
vn -0.7261 -0.4136 0.5493
vn 0.7757 -0.6255 -0.0844
vn 0.7261 -0.4136 0.5493
vn 0.7878 0.2450 0.5651
vn -0.7766 -0.6242 -0.0847
usemtl Paint.001
s 1
f 3339/7378/1062 3341/7379/1062 3340/7380/1062
f 3352/7381/1063 3349/7382/1063 3343/7383/1063
f 3360/7384/1064 3361/7385/1065 3357/7386/1066
f 3337/7387/1067 3342/7388/1067 3341/7389/1067
f 3361/7385/1068 3362/7390/1068 3338/7391/1068
f 3361/7385/1069 3359/7392/1070 3357/7386/1071
f 3340/7380/1072 3350/7393/1072 3345/7394/1072
f 3347/7395/1073 3348/7396/1073 3346/7397/1073
f 3350/7398/1074 3352/7381/1075 3353/7399/1076
f 3353/7399/1077 3355/7400/1078 3351/7401/1079
f 3354/7402/1080 3355/7400/1081 3356/7403/1082
f 3357/7404/1083 3354/7405/1083 3360/7406/1083
f 3356/7407/1084 3343/7408/1084 3338/7409/1084
f 3359/7410/1085 3350/7393/1085 3353/7411/1085
f 3359/7412/1086 3351/7413/1086 3357/7404/1086
f 3347/7395/1087 3341/7379/1087 3348/7396/1087
f 3345/7414/1088 3358/7415/1089 3344/7416/1090
f 3343/7408/1091 3337/7387/1091 3338/7409/1091
f 3345/7394/1062 3344/7417/1062 3340/7380/1062
f 3344/7417/1062 3339/7378/1062 3340/7380/1062
f 3346/7418/1063 3342/7419/1063 3349/7382/1063
f 3342/7419/1063 3343/7383/1063 3349/7382/1063
f 3343/7383/1063 3356/7403/1063 3355/7400/1063
f 3355/7400/1063 3352/7381/1063 3343/7383/1063
f 3360/7384/1064 3362/7390/1092 3361/7385/1065
f 3346/7420/1067 3348/7421/1067 3342/7388/1067
f 3348/7421/1067 3341/7389/1067 3342/7388/1067
f 3341/7389/1067 3339/7422/1067 3337/7387/1067
f 3338/7391/1068 3337/7423/1068 3344/7416/1068
f 3337/7423/1068 3339/7424/1068 3344/7416/1068
f 3344/7416/1068 3358/7415/1068 3338/7391/1068
f 3358/7415/1068 3361/7385/1068 3338/7391/1068
f 3361/7385/1069 3358/7415/1093 3359/7392/1070
f 3340/7380/1072 3347/7395/1072 3350/7393/1072
f 3346/7397/1073 3349/7425/1073 3347/7395/1073
f 3349/7425/1073 3350/7393/1073 3347/7395/1073
f 3350/7398/1074 3349/7382/1094 3352/7381/1075
f 3353/7399/1077 3352/7381/1095 3355/7400/1078
f 3354/7402/1080 3351/7401/1096 3355/7400/1081
f 3357/7404/1083 3351/7413/1083 3354/7405/1083
f 3338/7409/1084 3362/7426/1084 3356/7407/1084
f 3362/7426/1084 3360/7427/1084 3356/7407/1084
f 3360/7427/1084 3354/7428/1084 3356/7407/1084
f 3359/7410/1085 3345/7394/1085 3350/7393/1085
f 3359/7412/1086 3353/7429/1086 3351/7413/1086
f 3347/7395/1087 3340/7380/1087 3341/7379/1087
f 3345/7414/1088 3359/7392/1097 3358/7415/1089
f 3343/7408/1091 3342/7388/1091 3337/7387/1091
o Cylinder.012_Cylinder.017
v 0.000000 0.027485 -0.173669
v 0.000000 0.027485 0.389271
v 0.011765 0.025936 -0.173669
v 0.011765 0.025936 0.389271
v 0.022729 0.021395 -0.173669
v 0.022729 0.021395 0.389271
v 0.032144 0.014171 -0.173669
v 0.032144 0.014171 0.389271
v 0.039368 0.004756 -0.173669
v 0.039368 0.004756 0.389271
v 0.043909 -0.006208 -0.173669
v 0.043909 -0.006208 0.389271
v 0.045458 -0.017973 -0.173669
v 0.045458 -0.017973 0.389271
v 0.043909 -0.029739 -0.173669
v 0.043909 -0.029739 0.389271
v 0.039368 -0.040702 -0.173669
v 0.039368 -0.040702 0.389271
v 0.032144 -0.050117 -0.173669
v 0.032144 -0.050117 0.389271
v 0.022729 -0.057341 -0.173669
v 0.022729 -0.057341 0.389271
v 0.011766 -0.061883 -0.173669
v 0.011766 -0.061883 0.389271
v 0.000000 -0.063432 -0.173669
v 0.000000 -0.063432 0.389271
v -0.011765 -0.061883 -0.173669
v -0.011765 -0.061883 0.389271
v -0.022729 -0.057341 -0.173669
v -0.022729 -0.057341 0.389271
v -0.032144 -0.050117 -0.173669
v -0.032144 -0.050117 0.389271
v -0.039368 -0.040702 -0.173669
v -0.039368 -0.040702 0.389271
v -0.043909 -0.029739 -0.173669
v -0.043909 -0.029739 0.389271
v -0.045458 -0.017973 -0.173669
v -0.045458 -0.017973 0.389271
v -0.043909 -0.006208 -0.173669
v -0.043909 -0.006208 0.389271
v -0.039368 0.004756 -0.173669
v -0.039368 0.004756 0.389271
v -0.032144 0.014171 -0.173669
v -0.032144 0.014171 0.389271
v -0.022729 0.021395 -0.173669
v -0.022729 0.021395 0.389271
v -0.011765 0.025936 -0.173669
v -0.011765 0.025936 0.389271
v -0.009622 -0.053884 0.288378
v -0.009622 -0.053884 0.264987
v -0.009622 -0.053884 0.175791
v -0.009622 -0.053884 0.152399
v -0.009622 -0.053884 0.063203
v -0.009622 -0.053884 0.039811
v -0.009622 -0.053884 -0.049385
v -0.009622 -0.053884 -0.072776
v -0.018589 -0.050170 0.288378
v -0.018589 -0.050170 0.264987
v -0.018589 -0.050170 0.175791
v -0.018589 -0.050170 0.152399
v -0.018589 -0.050170 0.063203
v -0.018589 -0.050170 0.039811
v -0.018589 -0.050170 -0.049385
v -0.018589 -0.050170 -0.072776
v -0.026289 -0.044262 0.288378
v -0.026289 -0.044262 0.264987
v -0.026289 -0.044262 0.175791
v -0.026289 -0.044262 0.152399
v -0.026289 -0.044262 0.063203
v -0.026289 -0.044262 0.039811
v -0.026289 -0.044262 -0.049385
v -0.026289 -0.044262 -0.072776
v -0.032197 -0.036562 0.288378
v -0.032197 -0.036562 0.264987
v -0.032197 -0.036562 0.175791
v -0.032197 -0.036562 0.152399
v -0.032197 -0.036562 0.063203
v -0.032197 -0.036562 0.039811
v -0.032197 -0.036562 -0.049385
v -0.032197 -0.036562 -0.072776
v -0.035911 -0.027596 0.288378
v -0.035911 -0.027596 0.264987
v -0.035911 -0.027596 0.175791
v -0.035911 -0.027596 0.152399
v -0.035911 -0.027596 0.063203
v -0.035911 -0.027596 0.039811
v -0.035911 -0.027596 -0.049385
v -0.035911 -0.027596 -0.072776
v -0.037178 -0.017973 0.288378
v -0.037178 -0.017973 0.264987
v -0.037178 -0.017973 0.175791
v -0.037178 -0.017973 0.152399
v -0.037178 -0.017973 0.063203
v -0.037178 -0.017973 0.039811
v -0.037178 -0.017973 -0.049385
v -0.037178 -0.017973 -0.072776
v -0.035911 -0.008351 0.288378
v -0.035911 -0.008351 0.264987
v -0.035911 -0.008351 0.175791
v -0.035911 -0.008351 0.152399
v -0.035911 -0.008351 0.063203
v -0.035911 -0.008351 0.039811
v -0.035911 -0.008351 -0.049385
v -0.035911 -0.008351 -0.072776
v -0.032197 0.000616 0.288378
v -0.032197 0.000616 0.264987
v -0.032197 0.000616 0.175791
v -0.032197 0.000616 0.152399
v -0.032197 0.000616 0.063203
v -0.032197 0.000616 0.039811
v -0.032197 0.000616 -0.049385
v -0.032197 0.000616 -0.072776
v -0.026289 0.008315 0.288378
v -0.026289 0.008315 0.264987
v -0.026289 0.008315 0.175791
v -0.026289 0.008315 0.152399
v -0.026289 0.008315 0.063203
v -0.026289 0.008315 0.039811
v -0.026289 0.008315 -0.049385
v -0.026289 0.008315 -0.072776
v -0.018589 0.014224 0.288378
v -0.018589 0.014224 0.264987
v -0.018589 0.014224 0.175791
v -0.018589 0.014224 0.152399
v -0.018589 0.014224 0.063203
v -0.018589 0.014224 0.039811
v -0.018589 0.014224 -0.049385
v -0.018589 0.014224 -0.072776
v 0.000000 0.019204 0.264987
v 0.000000 0.019204 0.288378
v -0.009622 0.017938 0.288378
v -0.009622 0.017938 0.264987
v 0.000000 0.019204 0.152399
v 0.000000 0.019204 0.175791
v -0.009622 0.017938 0.175791
v -0.009622 0.017938 0.152399
v 0.000000 0.019204 0.039811
v 0.000000 0.019204 0.063203
v -0.009622 0.017938 0.063203
v -0.009622 0.017938 0.039811
v 0.000000 0.019204 -0.072776
v 0.000000 0.019204 -0.049385
v -0.009622 0.017938 -0.049385
v -0.009622 0.017938 -0.072776
v 0.000000 0.027485 -0.049385
v 0.000000 0.027485 -0.072776
v 0.000000 0.027485 0.063203
v 0.000000 0.027485 0.039811
v 0.000000 0.027485 0.175791
v 0.000000 0.027485 0.152399
v 0.000000 0.027485 0.288378
v 0.000000 0.027485 0.264987
v 0.011765 0.025936 0.264987
v 0.011765 0.025936 0.288378
v 0.011765 0.025936 0.152399
v 0.011765 0.025936 0.175791
v 0.011765 0.025936 0.039811
v 0.011765 0.025936 0.063203
v 0.011765 0.025936 -0.072776
v 0.011765 0.025936 -0.049385
v 0.022729 0.021395 0.264987
v 0.022729 0.021395 0.288378
v 0.022729 0.021395 0.152399
v 0.022729 0.021395 0.175791
v 0.022729 0.021395 0.039811
v 0.022729 0.021395 0.063203
v 0.022729 0.021395 -0.072776
v 0.022729 0.021395 -0.049385
v 0.032144 0.014171 0.264987
v 0.032144 0.014171 0.288378
v 0.032144 0.014171 0.152399
v 0.032144 0.014171 0.175791
v 0.032144 0.014171 0.039811
v 0.032144 0.014171 0.063203
v 0.032144 0.014171 -0.072776
v 0.032144 0.014171 -0.049385
v 0.039368 0.004756 0.264987
v 0.039368 0.004756 0.288378
v 0.039368 0.004756 0.152399
v 0.039368 0.004756 0.175791
v 0.039368 0.004756 0.039811
v 0.039368 0.004756 0.063203
v 0.039368 0.004756 -0.072776
v 0.039368 0.004756 -0.049385
v 0.043909 -0.006208 0.264987
v 0.043909 -0.006208 0.288378
v 0.043909 -0.006208 0.152399
v 0.043909 -0.006208 0.175791
v 0.043909 -0.006208 0.039811
v 0.043909 -0.006208 0.063203
v 0.043909 -0.006208 -0.072776
v 0.043909 -0.006208 -0.049385
v 0.045458 -0.017973 0.264987
v 0.045458 -0.017973 0.288378
v 0.045458 -0.017973 0.152399
v 0.045458 -0.017973 0.175791
v 0.045458 -0.017973 0.039811
v 0.045458 -0.017973 0.063203
v 0.045458 -0.017973 -0.072776
v 0.045458 -0.017973 -0.049385
v 0.043909 -0.029739 0.264987
v 0.043909 -0.029739 0.288378
v 0.043909 -0.029739 0.152399
v 0.043909 -0.029739 0.175791
v 0.043909 -0.029739 0.039811
v 0.043909 -0.029739 0.063203
v 0.043909 -0.029739 -0.072776
v 0.043909 -0.029739 -0.049385
v 0.039368 -0.040702 0.264987
v 0.039368 -0.040702 0.288378
v 0.039368 -0.040702 0.152399
v 0.039368 -0.040702 0.175791
v 0.039368 -0.040702 0.039811
v 0.039368 -0.040702 0.063203
v 0.039368 -0.040702 -0.072776
v 0.039368 -0.040702 -0.049385
v 0.032144 -0.050117 0.264987
v 0.032144 -0.050117 0.288378
v 0.032144 -0.050117 0.152399
v 0.032144 -0.050117 0.175791
v 0.032144 -0.050117 0.039811
v 0.032144 -0.050117 0.063203
v 0.032144 -0.050117 -0.072776
v 0.032144 -0.050117 -0.049385
v 0.022729 -0.057341 0.264987
v 0.022729 -0.057341 0.288378
v 0.022729 -0.057341 0.152399
v 0.022729 -0.057341 0.175791
v 0.022729 -0.057341 0.039811
v 0.022729 -0.057341 0.063203
v 0.022729 -0.057341 -0.072776
v 0.022729 -0.057341 -0.049385
v 0.011766 -0.061883 0.264987
v 0.011766 -0.061883 0.288378
v 0.011766 -0.061883 0.152399
v 0.011766 -0.061883 0.175791
v 0.011766 -0.061883 0.039811
v 0.011766 -0.061883 0.063203
v 0.011766 -0.061883 -0.072776
v 0.011766 -0.061883 -0.049385
v 0.000000 -0.063432 0.264987
v 0.000000 -0.063432 0.288378
v 0.000000 -0.063432 0.152399
v 0.000000 -0.063432 0.175791
v 0.000000 -0.063432 0.039811
v 0.000000 -0.063432 0.063203
v 0.000000 -0.063432 -0.072776
v 0.000000 -0.063432 -0.049385
v -0.011765 -0.061883 0.264987
v -0.011765 -0.061883 0.288378
v -0.011765 -0.061883 0.152399
v -0.011765 -0.061883 0.175791
v -0.011765 -0.061883 0.039811
v -0.011765 -0.061883 0.063203
v -0.011765 -0.061883 -0.072776
v -0.011765 -0.061883 -0.049385
v -0.022729 -0.057341 0.264987
v -0.022729 -0.057341 0.288378
v -0.022729 -0.057341 0.152399
v -0.022729 -0.057341 0.175791
v -0.022729 -0.057341 0.039811
v -0.022729 -0.057341 0.063203
v -0.022729 -0.057341 -0.072776
v -0.022729 -0.057341 -0.049385
v -0.032144 -0.050117 0.264987
v -0.032144 -0.050117 0.288378
v -0.032144 -0.050117 0.152399
v -0.032144 -0.050117 0.175791
v -0.032144 -0.050117 0.039811
v -0.032144 -0.050117 0.063203
v -0.032144 -0.050117 -0.072776
v -0.032144 -0.050117 -0.049385
v -0.039368 -0.040702 0.264987
v -0.039368 -0.040702 0.288378
v -0.039368 -0.040702 0.152399
v -0.039368 -0.040702 0.175791
v -0.039368 -0.040702 0.039811
v -0.039368 -0.040702 0.063203
v -0.039368 -0.040702 -0.072776
v -0.039368 -0.040702 -0.049385
v -0.043909 -0.029739 0.264987
v -0.043909 -0.029739 0.288378
v -0.043909 -0.029739 0.152399
v -0.043909 -0.029739 0.175791
v -0.043909 -0.029739 0.039811
v -0.043909 -0.029739 0.063203
v -0.043909 -0.029739 -0.072776
v -0.043909 -0.029739 -0.049385
v -0.045458 -0.017973 0.264987
v -0.045458 -0.017973 0.288378
v -0.045458 -0.017973 0.152399
v -0.045458 -0.017973 0.175791
v -0.045458 -0.017973 0.039811
v -0.045458 -0.017973 0.063203
v -0.045458 -0.017973 -0.072776
v -0.045458 -0.017973 -0.049385
v -0.043909 -0.006208 0.264987
v -0.043909 -0.006208 0.288378
v -0.043909 -0.006208 0.152399
v -0.043909 -0.006208 0.175791
v -0.043909 -0.006208 0.039811
v -0.043909 -0.006208 0.063203
v -0.043909 -0.006208 -0.072776
v -0.043909 -0.006208 -0.049385
v -0.039368 0.004756 0.264987
v -0.039368 0.004756 0.288378
v -0.039368 0.004756 0.152399
v -0.039368 0.004756 0.175791
v -0.039368 0.004756 0.039811
v -0.039368 0.004756 0.063203
v -0.039368 0.004756 -0.072776
v -0.039368 0.004756 -0.049385
v -0.032144 0.014171 0.264987
v -0.032144 0.014171 0.288378
v -0.032144 0.014171 0.152399
v -0.032144 0.014171 0.175791
v -0.032144 0.014171 0.039811
v -0.032144 0.014171 0.063203
v -0.032144 0.014171 -0.072776
v -0.032144 0.014171 -0.049385
v -0.022729 0.021395 0.264987
v -0.022729 0.021395 0.288378
v -0.022729 0.021395 0.152399
v -0.022729 0.021395 0.175791
v -0.022729 0.021395 0.039811
v -0.022729 0.021395 0.063203
v -0.022729 0.021395 -0.072776
v -0.022729 0.021395 -0.049385
v -0.011765 0.025936 0.264987
v -0.011765 0.025936 0.288378
v -0.011765 0.025936 0.152399
v -0.011765 0.025936 0.175791
v -0.011765 0.025936 0.039811
v -0.011765 0.025936 0.063203
v -0.011765 0.025936 -0.072776
v -0.011765 0.025936 -0.049385
v 0.000000 -0.055151 -0.072776
v 0.000000 -0.055151 -0.049385
v 0.000000 -0.055151 0.039811
v 0.000000 -0.055151 0.063203
v 0.000000 -0.055151 0.152399
v 0.000000 -0.055151 0.175791
v 0.000000 -0.055151 0.264987
v 0.000000 -0.055151 0.288378
v 0.009622 -0.053884 -0.072776
v 0.009622 -0.053884 -0.049385
v 0.009622 -0.053884 0.039811
v 0.009622 -0.053884 0.063203
v 0.009622 -0.053884 0.152399
v 0.009622 -0.053884 0.175791
v 0.009622 -0.053884 0.264987
v 0.009622 -0.053884 0.288378
v 0.018589 -0.050170 -0.072776
v 0.018589 -0.050170 -0.049385
v 0.018589 -0.050170 0.039811
v 0.018589 -0.050170 0.063203
v 0.018589 -0.050170 0.152399
v 0.018589 -0.050170 0.175791
v 0.018589 -0.050170 0.264987
v 0.018589 -0.050170 0.288378
v 0.026289 -0.044262 -0.072776
v 0.026289 -0.044262 -0.049385
v 0.026289 -0.044262 0.039811
v 0.026289 -0.044262 0.063203
v 0.026289 -0.044262 0.152399
v 0.026289 -0.044262 0.175791
v 0.026289 -0.044262 0.264987
v 0.026289 -0.044262 0.288378
v 0.032197 -0.036562 -0.072776
v 0.032197 -0.036562 -0.049385
v 0.032197 -0.036562 0.039811
v 0.032197 -0.036562 0.063203
v 0.032197 -0.036562 0.152399
v 0.032197 -0.036562 0.175791
v 0.032197 -0.036562 0.264987
v 0.032197 -0.036562 0.288378
v 0.035911 -0.027596 -0.072776
v 0.035911 -0.027596 -0.049385
v 0.035911 -0.027596 0.039811
v 0.035911 -0.027596 0.063203
v 0.035911 -0.027596 0.152399
v 0.035911 -0.027596 0.175791
v 0.035911 -0.027596 0.264987
v 0.035911 -0.027596 0.288378
v 0.037178 -0.017973 -0.072776
v 0.037178 -0.017973 -0.049385
v 0.037178 -0.017973 0.039811
v 0.037178 -0.017973 0.063203
v 0.037178 -0.017973 0.152399
v 0.037178 -0.017973 0.175791
v 0.037178 -0.017973 0.264987
v 0.037178 -0.017973 0.288378
v 0.035911 -0.008351 -0.072776
v 0.035911 -0.008351 -0.049385
v 0.035911 -0.008351 0.039811
v 0.035911 -0.008351 0.063203
v 0.035911 -0.008351 0.152399
v 0.035911 -0.008351 0.175791
v 0.035911 -0.008351 0.264987
v 0.035911 -0.008351 0.288378
v 0.032197 0.000616 -0.072776
v 0.032197 0.000616 -0.049385
v 0.032197 0.000616 0.039811
v 0.032197 0.000616 0.063203
v 0.032197 0.000616 0.152399
v 0.032197 0.000616 0.175791
v 0.032197 0.000616 0.264987
v 0.032197 0.000616 0.288378
v 0.026289 0.008315 -0.072776
v 0.026289 0.008315 -0.049385
v 0.026289 0.008315 0.039811
v 0.026289 0.008315 0.063203
v 0.026289 0.008315 0.152399
v 0.026289 0.008315 0.175791
v 0.026289 0.008315 0.264987
v 0.026289 0.008315 0.288378
v 0.018589 0.014224 -0.072776
v 0.018589 0.014224 -0.049385
v 0.018589 0.014224 0.039811
v 0.018589 0.014224 0.063203
v 0.018589 0.014224 0.152399
v 0.018589 0.014224 0.175791
v 0.018589 0.014224 0.264987
v 0.018589 0.014224 0.288378
v 0.009622 0.017938 -0.072776
v 0.009622 0.017938 -0.049385
v 0.009622 0.017938 0.039811
v 0.009622 0.017938 0.063203
v 0.009622 0.017938 0.152399
v 0.009622 0.017938 0.175791
v 0.009622 0.017938 0.264987
v 0.009622 0.017938 0.288378
vt 0.627188 0.932401
vt 0.630537 0.972666
vt 0.627188 0.972666
vt 0.210029 0.947908
vt 0.213377 0.983505
vt 0.210029 0.983505
vt 0.213377 0.947908
vt 0.215745 0.983505
vt 0.137380 0.943937
vt 0.139748 0.979535
vt 0.137380 0.979535
vt 0.139748 0.943937
vt 0.143097 0.979535
vt 0.143097 0.943937
vt 0.147198 0.979535
vt 0.147198 0.943937
vt 0.151773 0.979535
vt 0.151773 0.943937
vt 0.156509 0.979535
vt 0.156509 0.943937
vt 0.161084 0.979535
vt 0.165185 0.943937
vt 0.165185 0.979535
vt 0.168534 0.979535
vt 0.168534 0.943937
vt 0.170902 0.979535
vt 0.269500 0.954929
vt 0.271868 0.990526
vt 0.269500 0.990526
vt 0.271868 0.954929
vt 0.275217 0.990526
vt 0.275217 0.954929
vt 0.279318 0.990526
vt 0.279318 0.954929
vt 0.283893 0.990526
vt 0.283893 0.954929
vt 0.288629 0.990526
vt 0.288629 0.954929
vt 0.293203 0.990526
vt 0.293203 0.954929
vt 0.297305 0.990526
vt 0.184591 0.947908
vt 0.187940 0.983505
vt 0.184591 0.983505
vt 0.187940 0.947908
vt 0.192042 0.983505
vt 0.192042 0.947908
vt 0.196616 0.983505
vt 0.671054 0.946027
vt 0.639900 0.950129
vt 0.651925 0.921098
vt 0.196616 0.947908
vt 0.201352 0.983505
vt 0.623086 0.972666
vt 0.657399 0.404792
vt 0.653297 0.435946
vt 0.628368 0.416817
vt 0.335527 0.982842
vt 0.339628 0.947245
vt 0.339628 0.982842
vt 0.688019 0.436795
vt 0.692120 0.401198
vt 0.692120 0.436796
vt 0.205927 0.983505
vt 0.618512 0.932401
vt 0.618512 0.972666
vt 0.037352 0.979647
vt 0.028017 0.983388
vt 0.028017 0.979647
vt 0.806754 0.914237
vt 0.811490 0.954502
vt 0.806754 0.954502
vt 0.326216 0.947245
vt 0.330952 0.982842
vt 0.326216 0.982842
vt 0.678708 0.401198
vt 0.683444 0.436796
vt 0.678708 0.436796
vt 0.613776 0.932401
vt 0.613776 0.972666
vt 0.802180 0.914237
vt 0.802180 0.954502
vt 0.321641 0.947245
vt 0.321641 0.982842
vt 0.674134 0.401198
vt 0.674134 0.436796
vt 0.609201 0.932401
vt 0.609201 0.972666
vt 0.798078 0.954502
vt 0.317540 0.947245
vt 0.317540 0.982842
vt 0.670032 0.401198
vt 0.670032 0.436796
vt 0.605100 0.932401
vt 0.605100 0.972666
vt 0.794729 0.914237
vt 0.794729 0.954502
vt 0.314191 0.947245
vt 0.314191 0.982842
vt 0.666683 0.401198
vt 0.666683 0.436796
vt 0.601751 0.932401
vt 0.601751 0.972666
vt 0.975633 0.813458
vt 0.979734 0.853724
vt 0.975633 0.853724
vt 0.491571 0.986614
vt 0.487469 0.951016
vt 0.491571 0.951016
vt 0.908265 0.953352
vt 0.912366 0.988949
vt 0.908265 0.988949
vt 0.982662 0.220796
vt 0.986763 0.261061
vt 0.982662 0.261061
vt 0.971058 0.813458
vt 0.971058 0.853724
vt 0.496145 0.986614
vt 0.496145 0.951016
vt 0.903690 0.953352
vt 0.903690 0.988949
vt 0.978087 0.220796
vt 0.978087 0.261061
vt 0.966322 0.813458
vt 0.966322 0.853724
vt 0.500881 0.986614
vt 0.500881 0.951016
vt 0.898954 0.953352
vt 0.898954 0.988949
vt 0.973351 0.220796
vt 0.973351 0.261061
vt 0.961748 0.813458
vt 0.961748 0.853724
vt 0.505456 0.986614
vt 0.505456 0.951016
vt 0.894380 0.953352
vt 0.894380 0.988949
vt 0.968776 0.220796
vt 0.968776 0.261061
vt 0.957646 0.813458
vt 0.957646 0.853724
vt 0.509558 0.986614
vt 0.509558 0.951016
vt 0.890278 0.953352
vt 0.890278 0.988949
vt 0.964675 0.220796
vt 0.964675 0.261061
vt 0.954297 0.813458
vt 0.954297 0.853724
vt 0.512906 0.986614
vt 0.512906 0.951016
vt 0.886929 0.953352
vt 0.886929 0.988949
vt 0.961326 0.220796
vt 0.961326 0.261061
vt 0.951929 0.813458
vt 0.951929 0.853724
vt 0.515274 0.986614
vt 0.515274 0.951016
vt 0.884561 0.953352
vt 0.884561 0.988949
vt 0.958958 0.220796
vt 0.958958 0.261061
vt 0.168534 0.901330
vt 0.170902 0.941596
vt 0.168534 0.941596
vt 0.946083 0.943186
vt 0.943714 0.978783
vt 0.943714 0.943186
vt 0.779615 0.936298
vt 0.781983 0.971896
vt 0.779615 0.971896
vt 0.596596 0.905661
vt 0.598964 0.945926
vt 0.596596 0.945926
vt 0.165185 0.901330
vt 0.165185 0.941596
vt 0.949431 0.943186
vt 0.946083 0.978783
vt 0.776266 0.936298
vt 0.776266 0.971896
vt 0.593247 0.905661
vt 0.593247 0.945926
vt 0.161084 0.901330
vt 0.161084 0.941596
vt 0.953533 0.943186
vt 0.949431 0.978783
vt 0.772165 0.936298
vt 0.772165 0.971896
vt 0.589145 0.905661
vt 0.589145 0.945926
vt 0.156509 0.901330
vt 0.156509 0.941596
vt 0.958108 0.978783
vt 0.958108 0.943186
vt 0.767590 0.936298
vt 0.767590 0.971896
vt 0.584571 0.905661
vt 0.584571 0.945926
vt 0.151773 0.901330
vt 0.151773 0.941596
vt 0.962844 0.978783
vt 0.962844 0.943186
vt 0.762854 0.936298
vt 0.762854 0.971896
vt 0.579835 0.905661
vt 0.579835 0.945926
vt 0.147198 0.901330
vt 0.147198 0.941596
vt 0.967418 0.978783
vt 0.967418 0.943186
vt 0.758280 0.936298
vt 0.758280 0.971896
vt 0.575260 0.905661
vt 0.575260 0.945926
vt 0.143097 0.901330
vt 0.143097 0.941596
vt 0.971520 0.978783
vt 0.971520 0.943186
vt 0.754178 0.936298
vt 0.754178 0.971896
vt 0.571159 0.905661
vt 0.571159 0.945926
vt 0.139748 0.901330
vt 0.139748 0.941596
vt 0.974869 0.978783
vt 0.974869 0.943186
vt 0.750829 0.936298
vt 0.750829 0.971896
vt 0.567810 0.905661
vt 0.567810 0.945926
vt 0.137380 0.901330
vt 0.137380 0.941596
vt 0.977237 0.978783
vt 0.977237 0.943186
vt 0.748461 0.936298
vt 0.748461 0.971896
vt 0.565442 0.905661
vt 0.565442 0.945926
vt 0.823515 0.914237
vt 0.825883 0.954502
vt 0.823515 0.954502
vt 0.342977 0.947245
vt 0.345345 0.982842
vt 0.342977 0.982842
vt 0.695469 0.401198
vt 0.697837 0.436796
vt 0.695469 0.436796
vt 0.630537 0.932401
vt 0.632905 0.972666
vt 0.820167 0.914237
vt 0.820167 0.954502
vt 0.811490 0.914237
vt 0.816065 0.954502
vt 0.330952 0.947245
vt 0.683444 0.401198
vt 0.201352 0.947908
vt 0.519849 0.941732
vt 0.519164 0.936366
vt 0.522217 0.937630
vt 0.346571 0.915872
vt 0.345886 0.921238
vt 0.343949 0.917884
vt 0.360253 0.929060
vt 0.359526 0.934421
vt 0.356904 0.932409
vt 0.835168 0.936670
vt 0.834441 0.942030
vt 0.831819 0.940018
vt 0.928498 0.185878
vt 0.930549 0.190884
vt 0.927272 0.190453
vt 0.713267 0.938797
vt 0.707901 0.939482
vt 0.709165 0.936429
vt 0.491063 0.919643
vt 0.496424 0.918916
vt 0.493685 0.921655
vt 0.220565 0.929947
vt 0.216286 0.933257
vt 0.217288 0.929516
vt 0.315417 0.933859
vt 0.317467 0.928853
vt 0.318470 0.932594
vt 0.360253 0.957846
vt 0.365619 0.957161
vt 0.364354 0.960214
vt 0.857256 0.965456
vt 0.851890 0.964771
vt 0.855244 0.962834
vt 0.947627 0.210808
vt 0.943322 0.207531
vt 0.947196 0.207531
vt 0.028017 0.947979
vt 0.032296 0.951289
vt 0.029242 0.952553
vt 0.519849 0.919643
vt 0.519164 0.925010
vt 0.517227 0.921655
vt 0.184591 0.925211
vt 0.187868 0.929516
vt 0.184591 0.929947
vt 0.334546 0.908929
vt 0.330241 0.912206
vt 0.329810 0.908929
vt 0.378240 0.926692
vt 0.373234 0.928743
vt 0.373665 0.925466
vt 0.942891 0.174834
vt 0.939581 0.179113
vt 0.938316 0.176060
vt 0.063990 0.943243
vt 0.060714 0.947547
vt 0.060714 0.943674
vt 0.720209 0.955558
vt 0.716933 0.951253
vt 0.720209 0.950822
vt 0.488695 0.937630
vt 0.490746 0.932624
vt 0.491748 0.936366
vt 0.204946 0.945566
vt 0.208256 0.941287
vt 0.209521 0.944340
vt 0.329810 0.944903
vt 0.326500 0.940624
vt 0.330241 0.941627
vt 0.353310 0.945821
vt 0.356587 0.941517
vt 0.356587 0.945390
vt 0.864199 0.953431
vt 0.860922 0.949126
vt 0.864199 0.948695
vt 0.043635 0.963597
vt 0.040325 0.959319
vt 0.044067 0.960321
vt 0.685461 0.960133
vt 0.687512 0.955127
vt 0.688515 0.958868
vt 0.507824 0.912701
vt 0.503519 0.915977
vt 0.503088 0.912701
vt 0.195635 0.910818
vt 0.193546 0.915808
vt 0.191534 0.913186
vt 0.389284 0.941085
vt 0.385005 0.937775
vt 0.388058 0.936511
vt 0.959652 0.181777
vt 0.954292 0.181050
vt 0.956303 0.178428
vt 0.052946 0.928850
vt 0.055036 0.933839
vt 0.051681 0.931903
vt 0.713267 0.967583
vt 0.707901 0.966898
vt 0.711255 0.964961
vt 0.503088 0.948674
vt 0.499778 0.944395
vt 0.503519 0.945398
vt 0.829451 0.944120
vt 0.831502 0.949126
vt 0.828225 0.948695
vt 0.191534 0.941972
vt 0.190807 0.936612
vt 0.193546 0.939351
vt 0.346571 0.937960
vt 0.341210 0.938687
vt 0.343949 0.935949
vt 0.857256 0.936670
vt 0.851890 0.937355
vt 0.853155 0.934302
vt 0.057048 0.960004
vt 0.057775 0.954643
vt 0.060397 0.956655
vt 0.687829 0.942146
vt 0.693190 0.941419
vt 0.690451 0.944158
vt 0.213622 0.913186
vt 0.208256 0.913871
vt 0.209521 0.910818
vt 0.938316 0.209582
vt 0.936227 0.204592
vt 0.939581 0.206529
vt 0.382341 0.957846
vt 0.383068 0.952486
vt 0.385690 0.954498
vt 0.831819 0.962107
vt 0.837180 0.962834
vt 0.835168 0.965456
vt 0.963246 0.195189
vt 0.958967 0.198499
vt 0.959970 0.194757
vt 0.034959 0.931218
vt 0.040325 0.931903
vt 0.036971 0.933839
vt 0.691178 0.967583
vt 0.696545 0.966898
vt 0.695280 0.969951
vt 0.514488 0.942459
vt 0.517227 0.939720
vt 0.350165 0.924548
vt 0.348939 0.919974
vt 0.325235 0.910155
vt 0.323145 0.915145
vt 0.321134 0.912523
vt 0.840534 0.937355
vt 0.837180 0.939291
vt 0.927272 0.195189
vt 0.930549 0.194757
vt 0.704590 0.935203
vt 0.704159 0.938480
vt 0.217288 0.925643
vt 0.220565 0.925211
vt 0.314191 0.924548
vt 0.314191 0.929284
vt 0.368929 0.961440
vt 0.369360 0.958164
vt 0.848580 0.969050
vt 0.853155 0.967824
vt 0.354536 0.936511
vt 0.357589 0.937775
vt 0.950937 0.206529
vt 0.952202 0.209582
vt 0.031293 0.943674
vt 0.031293 0.947547
vt 0.523443 0.928320
vt 0.522217 0.923745
vt 0.337856 0.913208
vt 0.334114 0.912206
vt 0.368929 0.925466
vt 0.369360 0.928743
vt 0.934215 0.178428
vt 0.936227 0.181050
vt 0.498513 0.913926
vt 0.494412 0.916294
vt 0.715930 0.947512
vt 0.718984 0.946247
vt 0.487469 0.928320
vt 0.487469 0.933056
vt 0.213622 0.941972
vt 0.211611 0.939351
vt 0.321134 0.941309
vt 0.325235 0.943677
vt 0.357589 0.949131
vt 0.354536 0.950396
vt 0.859920 0.956741
vt 0.860922 0.952999
vt 0.034959 0.960004
vt 0.039061 0.962372
vt 0.185817 0.934522
vt 0.188870 0.933257
vt 0.511134 0.916980
vt 0.507393 0.915977
vt 0.188185 0.916535
vt 0.190807 0.918547
vt 0.385690 0.932409
vt 0.383068 0.934421
vt 0.950937 0.179113
vt 0.952202 0.176060
vt 0.060397 0.934566
vt 0.057048 0.931218
vt 0.713994 0.962223
vt 0.716616 0.964234
vt 0.494412 0.945081
vt 0.498513 0.947449
vt 0.062765 0.952553
vt 0.063990 0.947979
vt 0.196900 0.941287
vt 0.195635 0.944340
vt 0.343222 0.941309
vt 0.337856 0.940624
vt 0.860605 0.940018
vt 0.855244 0.939291
vt 0.051681 0.959319
vt 0.055036 0.957382
vt 0.685461 0.946248
vt 0.688515 0.947512
vt 0.204946 0.909592
vt 0.204515 0.912869
vt 0.385005 0.949131
vt 0.388058 0.950396
vt 0.829451 0.958005
vt 0.834441 0.960095
vt 0.959970 0.190884
vt 0.963246 0.190453
vt 0.043635 0.927624
vt 0.039061 0.928850
vt 0.699854 0.971177
vt 0.700286 0.967901
vt 0.516500 0.945081
vt 0.511134 0.944395
vt 0.350165 0.929284
vt 0.346888 0.924980
vt 0.843844 0.933076
vt 0.839269 0.934302
vt 0.928498 0.199763
vt 0.931551 0.198499
vt 0.039694 0.977710
vt 0.049029 0.973969
vt 0.049029 0.977710
vt 0.338444 0.801684
vt 0.347780 0.797942
vt 0.347780 0.801684
vt 0.060706 0.979647
vt 0.051371 0.983388
vt 0.051371 0.979647
vt 0.028017 0.975774
vt 0.037352 0.975774
vt 0.049029 0.981584
vt 0.039694 0.981584
vt 0.347780 0.805557
vt 0.338444 0.805557
vt 0.051371 0.975774
vt 0.060706 0.975774
vt 0.028017 0.972032
vt 0.037352 0.972032
vt 0.049029 0.985325
vt 0.039694 0.985325
vt 0.347780 0.809298
vt 0.338444 0.809298
vt 0.051371 0.972032
vt 0.060706 0.972032
vt 0.028017 0.968678
vt 0.037352 0.968678
vt 0.049029 0.988679
vt 0.039694 0.988679
vt 0.347780 0.812653
vt 0.338444 0.812653
vt 0.051371 0.968678
vt 0.060706 0.968678
vt 0.028017 0.965939
vt 0.037352 0.965939
vt 0.049029 0.991418
vt 0.039694 0.991418
vt 0.347780 0.815392
vt 0.338444 0.815392
vt 0.051371 0.965939
vt 0.060706 0.965939
vt 0.849237 0.994131
vt 0.839902 0.990777
vt 0.849237 0.990777
vt 0.837560 0.994131
vt 0.828225 0.990777
vt 0.837560 0.990777
vt 0.864199 0.994131
vt 0.854863 0.990777
vt 0.864199 0.990777
vt 0.994548 0.431775
vt 0.985213 0.428421
vt 0.994548 0.428421
vt 0.839902 0.987036
vt 0.849237 0.987036
vt 0.828225 0.987036
vt 0.837560 0.987036
vt 0.854863 0.987036
vt 0.864199 0.987036
vt 0.985213 0.424680
vt 0.994548 0.424680
vt 0.839902 0.983162
vt 0.849237 0.983162
vt 0.828225 0.983162
vt 0.837560 0.983162
vt 0.854863 0.983162
vt 0.864199 0.983162
vt 0.985213 0.420806
vt 0.994548 0.420806
vt 0.849237 0.979421
vt 0.839902 0.979421
vt 0.828225 0.979421
vt 0.837560 0.979421
vt 0.854863 0.979421
vt 0.864199 0.979421
vt 0.985213 0.417065
vt 0.994548 0.417065
vt 0.839902 0.976067
vt 0.849237 0.976067
vt 0.828225 0.976067
vt 0.837560 0.976067
vt 0.854863 0.976067
vt 0.864199 0.976067
vt 0.985213 0.413711
vt 0.994548 0.413711
vt 0.839902 0.973328
vt 0.849237 0.973328
vt 0.828225 0.973328
vt 0.837560 0.973328
vt 0.854863 0.973328
vt 0.864199 0.973328
vt 0.985213 0.410972
vt 0.994548 0.410972
vt 0.839902 0.971391
vt 0.849237 0.971391
vt 0.828225 0.971391
vt 0.837560 0.971391
vt 0.854863 0.971391
vt 0.864199 0.971391
vt 0.985213 0.409035
vt 0.994548 0.409035
vt 0.347908 0.620410
vt 0.357243 0.622347
vt 0.347908 0.622347
vt 0.870052 0.777593
vt 0.879388 0.779530
vt 0.870052 0.779530
vt 0.526333 0.912701
vt 0.535668 0.914637
vt 0.526333 0.914637
vt 0.376454 0.963782
vt 0.385789 0.965719
vt 0.376454 0.965719
vt 0.357243 0.625086
vt 0.347908 0.625086
vt 0.879388 0.782269
vt 0.870052 0.782269
vt 0.535668 0.917376
vt 0.526333 0.917376
vt 0.385789 0.968457
vt 0.376454 0.968457
vt 0.357243 0.628440
vt 0.347908 0.628440
vt 0.879388 0.785623
vt 0.870052 0.785623
vt 0.535668 0.920731
vt 0.526333 0.920731
vt 0.385789 0.971812
vt 0.376454 0.971812
vt 0.347908 0.632182
vt 0.357243 0.632182
vt 0.879388 0.789364
vt 0.870052 0.789364
vt 0.526333 0.924472
vt 0.535668 0.924472
vt 0.385789 0.975553
vt 0.376454 0.975553
vt 0.357243 0.636055
vt 0.347908 0.636055
vt 0.879388 0.793238
vt 0.870052 0.793238
vt 0.526333 0.928345
vt 0.535668 0.928345
vt 0.376454 0.979427
vt 0.385789 0.979427
vt 0.357243 0.639796
vt 0.347908 0.639796
vt 0.879388 0.796979
vt 0.870052 0.796979
vt 0.535668 0.932087
vt 0.526333 0.932087
vt 0.385789 0.983168
vt 0.376454 0.983168
vt 0.357243 0.643151
vt 0.347908 0.643151
vt 0.879388 0.800333
vt 0.870052 0.800333
vt 0.535668 0.935441
vt 0.526333 0.935441
vt 0.385789 0.986522
vt 0.376454 0.986522
vt 0.357243 0.645890
vt 0.347908 0.645890
vt 0.879388 0.803072
vt 0.870052 0.803072
vt 0.535668 0.938180
vt 0.526333 0.938180
vt 0.385789 0.989261
vt 0.376454 0.989261
vt 0.357243 0.647826
vt 0.347908 0.647826
vt 0.879388 0.805009
vt 0.870052 0.805009
vt 0.535668 0.940116
vt 0.526333 0.940116
vt 0.376454 0.991198
vt 0.385789 0.991198
vt 0.037352 0.991418
vt 0.028017 0.989482
vt 0.037352 0.989482
vt 0.039694 0.965939
vt 0.049029 0.967876
vt 0.039694 0.967876
vt 0.338444 0.789912
vt 0.347780 0.791849
vt 0.338444 0.791849
vt 0.060706 0.991418
vt 0.051371 0.989482
vt 0.060706 0.989482
vt 0.037352 0.986743
vt 0.028017 0.986743
vt 0.049029 0.970615
vt 0.039694 0.970615
vt 0.347780 0.794588
vt 0.338444 0.794588
vt 0.051371 0.986743
vt 0.060706 0.986743
vt 0.037352 0.983388
vt 0.039694 0.973969
vt 0.338444 0.797942
vt 0.060706 0.983388
vt 0.690451 0.962223
vt 0.693190 0.964961
vt 0.034232 0.936578
vt 0.031610 0.934566
vt 0.959652 0.203865
vt 0.962020 0.199763
vt 0.839269 0.967824
vt 0.840534 0.964771
vt 0.376975 0.957161
vt 0.380329 0.955225
vt 0.059711 0.951289
vt 0.317785 0.915872
vt 0.320406 0.917884
vt 0.214349 0.918547
vt 0.211610 0.915808
vt 0.695280 0.936429
vt 0.691178 0.938797
vt 0.188185 0.938623
vt 0.930866 0.203865
vt 0.934215 0.207214
vt 0.848580 0.933076
vt 0.848149 0.936352
vt 0.345886 0.932594
vt 0.348939 0.933859
vt 0.499778 0.916980
vt 0.507393 0.945398
vt 0.507824 0.948674
vt 0.704591 0.971177
vt 0.709165 0.969951
vt 0.047940 0.930900
vt 0.048371 0.927624
vt 0.958967 0.187143
vt 0.957030 0.183788
vt 0.353310 0.941085
vt 0.828225 0.953431
vt 0.831502 0.952999
vt 0.386007 0.945390
vt 0.386007 0.941517
vt 0.200641 0.912869
vt 0.196900 0.913871
vt 0.326500 0.913208
vt 0.684236 0.950822
vt 0.684236 0.955558
vt 0.048371 0.963597
vt 0.047940 0.960321
vt 0.859920 0.945385
vt 0.862973 0.944120
vt 0.942891 0.210808
vt 0.334114 0.941627
vt 0.334546 0.944903
vt 0.200210 0.945566
vt 0.204515 0.942290
vt 0.493685 0.939720
vt 0.491063 0.941732
vt 0.715930 0.958868
vt 0.716933 0.955127
vt 0.832504 0.945385
vt 0.062765 0.938668
vt 0.059711 0.939933
vt 0.947196 0.178110
vt 0.943322 0.178110
vt 0.380329 0.931682
vt 0.376975 0.929745
vt 0.687829 0.964234
vt 0.185817 0.920637
vt 0.187868 0.925643
vt 0.516500 0.916294
vt 0.514488 0.918916
vt 0.031610 0.956655
vt 0.034232 0.954643
vt 0.857983 0.960095
vt 0.860605 0.962107
vt 0.356904 0.954498
vt 0.362265 0.955225
vt 0.320406 0.935949
vt 0.317785 0.937960
vt 0.216971 0.938623
vt 0.219339 0.934522
vt 0.488695 0.923745
vt 0.491748 0.925010
vt 0.716616 0.942146
vt 0.711255 0.941419
vt 0.933488 0.183788
vt 0.931551 0.187143
vt 0.364354 0.926692
vt 0.362265 0.931682
vt 0.343222 0.912523
vt 0.341210 0.915145
vt 0.523443 0.933056
vt 0.520166 0.932624
vt 0.032296 0.939933
vt 0.029242 0.938668
vt 0.956303 0.207214
vt 0.957030 0.201853
vt 0.844275 0.965773
vt 0.843844 0.969050
vt 0.373665 0.961440
vt 0.378240 0.960214
vt 0.315417 0.919974
vt 0.318470 0.921238
vt 0.216971 0.916535
vt 0.216286 0.921901
vt 0.700286 0.938480
vt 0.696545 0.939482
vt 0.933488 0.201853
vt 0.844275 0.936352
vt 0.346888 0.928853
vt 0.512399 0.947449
vt 0.704159 0.967901
vt 0.044067 0.930900
vt 0.962020 0.185878
vt 0.832504 0.956741
vt 0.389284 0.945821
vt 0.200210 0.909592
vt 0.687512 0.951254
vt 0.052946 0.962372
vt 0.857983 0.942030
vt 0.339120 0.943677
vt 0.200641 0.942290
vt 0.496424 0.942459
vt 0.718984 0.960133
vt 0.057775 0.936578
vt 0.947627 0.174834
vt 0.382341 0.929060
vt 0.188870 0.921901
vt 0.512399 0.913926
vt 0.036971 0.957382
vt 0.862973 0.958005
vt 0.359526 0.952486
vt 0.323145 0.938687
vt 0.214349 0.936612
vt 0.490746 0.928751
vt 0.713994 0.944158
vt 0.930866 0.181777
vt 0.365619 0.929745
vt 0.339120 0.910155
vt 0.520166 0.928751
vt 0.028017 0.943243
vt 0.954292 0.204592
vt 0.848149 0.965773
vt 0.373234 0.958164
vt 0.317467 0.924980
vt 0.219339 0.920637
vt 0.699854 0.935203
vt 0.215745 0.947908
vt 0.161084 0.943937
vt 0.170902 0.943937
vt 0.297305 0.954929
vt 0.656661 0.921098
vt 0.661236 0.922324
vt 0.665337 0.924692
vt 0.668686 0.928041
vt 0.671054 0.932142
vt 0.672280 0.936717
vt 0.672280 0.941453
vt 0.668686 0.950129
vt 0.665337 0.953478
vt 0.661236 0.955846
vt 0.656661 0.957072
vt 0.651925 0.957072
vt 0.647351 0.955846
vt 0.643249 0.953478
vt 0.637532 0.946027
vt 0.636306 0.941453
vt 0.636306 0.936717
vt 0.637532 0.932142
vt 0.639900 0.928041
vt 0.643249 0.924692
vt 0.647351 0.922324
vt 0.623086 0.932401
vt 0.629594 0.412242
vt 0.639412 0.402424
vt 0.631962 0.408141
vt 0.635310 0.404792
vt 0.643987 0.401198
vt 0.648723 0.401198
vt 0.653297 0.402424
vt 0.660748 0.408141
vt 0.663116 0.412242
vt 0.664342 0.416817
vt 0.664342 0.421553
vt 0.663116 0.426127
vt 0.660748 0.430229
vt 0.657399 0.433578
vt 0.648723 0.437172
vt 0.643987 0.437172
vt 0.639412 0.435946
vt 0.635310 0.433578
vt 0.631962 0.430229
vt 0.629594 0.426127
vt 0.628368 0.421553
vt 0.335527 0.947245
vt 0.688019 0.401198
vt 0.205927 0.947908
vt 0.798078 0.914237
vt 0.979734 0.813458
vt 0.487469 0.986614
vt 0.912366 0.953352
vt 0.986763 0.220796
vt 0.170902 0.901330
vt 0.781983 0.936298
vt 0.598964 0.905661
vt 0.953533 0.978783
vt 0.825883 0.914237
vt 0.345345 0.947245
vt 0.697837 0.401198
vt 0.632905 0.932401
vt 0.816065 0.914237
vt 0.839902 0.994131
vt 0.828225 0.994131
vt 0.854863 0.994131
vt 0.985213 0.431775
vt 0.357243 0.620410
vt 0.879388 0.777593
vt 0.535668 0.912701
vt 0.385789 0.963782
vt 0.028017 0.991418
vt 0.049029 0.965939
vt 0.347780 0.789912
vt 0.051371 0.991418
vn 0.2588 0.9659 -0.0000
vn 0.5000 0.8660 0.0000
vn 0.7071 0.7071 0.0000
vn 0.8660 0.5000 0.0000
vn 0.9659 0.2588 0.0000
vn 1.0000 -0.0000 0.0000
vn 0.9659 -0.2588 0.0000
vn 0.8660 -0.5000 0.0000
vn 0.7071 -0.7071 0.0000
vn 0.5000 -0.8660 0.0000
vn 0.2588 -0.9659 0.0000
vn -0.0000 -1.0000 0.0000
vn -0.2588 -0.9659 0.0000
vn -0.5000 -0.8660 0.0000
vn -0.7071 -0.7071 0.0000
vn -0.8660 -0.5000 0.0000
vn -0.9659 -0.2588 0.0000
vn -1.0000 0.0000 0.0000
vn -0.9659 0.2588 0.0000
vn -0.8660 0.5000 0.0000
vn -0.7071 0.7071 0.0000
vn -0.5000 0.8660 0.0000
vn -0.0000 0.0000 1.0000
vn -0.2588 0.9659 0.0000
vn -0.0000 1.0000 -0.0000
vn -0.0000 0.0000 -1.0000
usemtl Metal.001
s 1
f 3366/7430/1098 3524/7431/1099 3516/7432/1098
f 3515/7433/1098 3526/7434/1099 3518/7435/1098
f 3523/7436/1099 3534/7437/1100 3526/7434/1099
f 3531/7438/1100 3542/7439/1101 3534/7440/1100
f 3539/7441/1101 3550/7442/1102 3542/7439/1101
f 3547/7443/1102 3558/7444/1103 3550/7442/1102
f 3555/7445/1103 3566/7446/1104 3558/7444/1103
f 3563/7447/1104 3574/7448/1105 3566/7446/1104
f 3571/7449/1105 3582/7450/1106 3574/7448/1105
f 3582/7450/1106 3587/7451/1107 3590/7452/1107
f 3587/7451/1107 3598/7453/1108 3590/7452/1107
f 3595/7454/1108 3606/7455/1109 3598/7453/1108
f 3603/7456/1109 3614/7457/1110 3606/7458/1109
f 3611/7459/1110 3622/7460/1111 3614/7457/1110
f 3619/7461/1111 3630/7462/1112 3622/7460/1111
f 3627/7463/1112 3638/7464/1113 3630/7462/1112
f 3635/7465/1113 3646/7466/1114 3638/7464/1113
f 3643/7467/1114 3654/7468/1115 3646/7466/1114
f 3651/7469/1115 3662/7470/1116 3654/7468/1115
f 3659/7471/1116 3670/7472/1117 3662/7473/1116
f 3667/7474/1117 3678/7475/1118 3670/7472/1117
f 3675/7476/1118 3686/7477/1119 3678/7475/1118
f 3400/7478/1120 3384/7479/1120 3368/7480/1120
f 3683/7481/1119 3694/7482/1121 3686/7477/1119
f 3513/7483/1122 3366/7430/1098 3516/7432/1098
f 3377/7484/1123 3393/7485/1123 3409/7486/1123
f 3507/7487/1122 3519/7488/1098 3522/7489/1098
f 3509/7490/1122 3517/7491/1098 3520/7492/1098
f 3511/7493/1122 3515/7433/1098 3518/7435/1098
f 3410/7494/1121 3513/7483/1122 3692/7495/1121
f 3505/7496/1121 3503/7497/1122 3506/7498/1121
f 3689/7499/1119 3409/7500/1121 3407/7501/1119
f 3687/7502/1119 3698/7503/1121 3690/7504/1119
f 3685/7505/1119 3696/7506/1121 3688/7507/1119
f 3408/7508/1119 3692/7495/1121 3684/7509/1119
f 3681/7510/1118 3407/7501/1119 3405/7511/1118
f 3679/7512/1118 3690/7504/1119 3682/7513/1118
f 3677/7514/1118 3688/7507/1119 3680/7515/1118
f 3406/7516/1118 3684/7509/1119 3676/7517/1118
f 3403/7518/1117 3681/7510/1118 3405/7511/1118
f 3671/7519/1117 3682/7513/1118 3674/7520/1117
f 3669/7521/1117 3680/7515/1118 3672/7522/1117
f 3404/7523/1117 3676/7517/1118 3668/7524/1117
f 3665/7525/1116 3403/7518/1117 3401/7526/1116
f 3663/7527/1116 3674/7520/1117 3666/7528/1116
f 3661/7529/1116 3672/7522/1117 3664/7530/1116
f 3402/7531/1116 3668/7524/1117 3660/7532/1116
f 3657/7533/1115 3401/7534/1116 3399/7535/1115
f 3655/7536/1115 3666/7537/1116 3658/7538/1115
f 3653/7539/1115 3664/7540/1116 3656/7541/1115
f 3400/7542/1115 3660/7543/1116 3652/7544/1115
f 3649/7545/1114 3399/7535/1115 3397/7546/1114
f 3647/7547/1114 3658/7538/1115 3650/7548/1114
f 3645/7549/1114 3656/7541/1115 3648/7550/1114
f 3398/7551/1114 3652/7544/1115 3644/7552/1114
f 3641/7553/1113 3397/7546/1114 3395/7554/1113
f 3639/7555/1113 3650/7548/1114 3642/7556/1113
f 3637/7557/1113 3648/7550/1114 3640/7558/1113
f 3396/7559/1113 3644/7552/1114 3636/7560/1113
f 3633/7561/1112 3395/7554/1113 3393/7562/1112
f 3631/7563/1112 3642/7556/1113 3634/7564/1112
f 3629/7565/1112 3640/7558/1113 3632/7566/1112
f 3394/7567/1112 3636/7560/1113 3628/7568/1112
f 3625/7569/1111 3393/7562/1112 3391/7570/1111
f 3623/7571/1111 3634/7564/1112 3626/7572/1111
f 3621/7573/1111 3632/7566/1112 3624/7574/1111
f 3392/7575/1111 3628/7568/1112 3620/7576/1111
f 3617/7577/1110 3391/7570/1111 3389/7578/1110
f 3615/7579/1110 3626/7572/1111 3618/7580/1110
f 3613/7581/1110 3624/7574/1111 3616/7582/1110
f 3390/7583/1110 3620/7576/1111 3612/7584/1110
f 3609/7585/1109 3389/7578/1110 3387/7586/1109
f 3607/7587/1109 3618/7580/1110 3610/7588/1109
f 3605/7589/1109 3616/7582/1110 3608/7590/1109
f 3388/7591/1109 3612/7584/1110 3604/7592/1109
f 3601/7593/1108 3387/7594/1109 3385/7595/1108
f 3602/7596/1108 3607/7597/1109 3610/7598/1109
f 3597/7599/1108 3608/7600/1109 3600/7601/1108
f 3386/7602/1108 3604/7603/1109 3596/7604/1108
f 3593/7605/1107 3385/7595/1108 3383/7606/1107
f 3594/7607/1107 3599/7608/1108 3602/7596/1108
f 3589/7609/1107 3600/7601/1108 3592/7610/1107
f 3384/7611/1107 3596/7604/1108 3588/7612/1107
f 3585/7613/1106 3383/7606/1107 3381/7614/1106
f 3586/7615/1106 3591/7616/1107 3594/7607/1107
f 3581/7617/1106 3592/7610/1107 3584/7618/1106
f 3382/7619/1106 3588/7612/1107 3580/7620/1106
f 3577/7621/1105 3381/7614/1106 3379/7622/1105
f 3575/7623/1105 3586/7615/1106 3578/7624/1105
f 3573/7625/1105 3584/7618/1106 3576/7626/1105
f 3380/7627/1105 3580/7620/1106 3572/7628/1105
f 3569/7629/1104 3379/7622/1105 3377/7630/1104
f 3567/7631/1104 3578/7624/1105 3570/7632/1104
f 3565/7633/1104 3576/7626/1105 3568/7634/1104
f 3378/7635/1104 3572/7628/1105 3564/7636/1104
f 3561/7637/1103 3377/7630/1104 3375/7638/1103
f 3559/7639/1103 3570/7632/1104 3562/7640/1103
f 3557/7641/1103 3568/7634/1104 3560/7642/1103
f 3376/7643/1103 3564/7636/1104 3556/7644/1103
f 3553/7645/1102 3375/7638/1103 3373/7646/1102
f 3551/7647/1102 3562/7640/1103 3554/7648/1102
f 3549/7649/1102 3560/7642/1103 3552/7650/1102
f 3374/7651/1102 3556/7644/1103 3548/7652/1102
f 3545/7653/1101 3373/7646/1102 3371/7654/1101
f 3543/7655/1101 3554/7648/1102 3546/7656/1101
f 3541/7657/1101 3552/7650/1102 3544/7658/1101
f 3372/7659/1101 3548/7652/1102 3540/7660/1101
f 3537/7661/1100 3371/7654/1101 3369/7662/1100
f 3535/7663/1100 3546/7656/1101 3538/7664/1100
f 3533/7665/1100 3544/7658/1101 3536/7666/1100
f 3370/7667/1100 3540/7660/1101 3532/7668/1100
f 3529/7669/1099 3369/7670/1100 3367/7671/1099
f 3527/7672/1099 3538/7673/1100 3530/7674/1099
f 3525/7675/1099 3536/7676/1100 3528/7677/1099
f 3368/7678/1099 3532/7679/1100 3524/7431/1099
f 3521/7680/1098 3367/7671/1099 3365/7681/1098
f 3519/7488/1098 3530/7674/1099 3522/7489/1098
f 3517/7491/1098 3528/7677/1099 3520/7492/1098
f 3697/7682/1121 3363/7683/1122 3409/7500/1121
f 3695/7684/1121 3507/7487/1122 3698/7503/1121
f 3693/7685/1121 3509/7490/1122 3696/7506/1121
f 3691/7686/1121 3511/7493/1122 3694/7482/1121
f 3592/7687/1123 3726/7688/1123 3584/7689/1123
f 3550/7690/1123 3752/7691/1123 3760/7692/1123
f 3687/7693/1120 3502/7694/1120 3695/7695/1120
f 3524/7696/1123 3794/7697/1123 3516/7698/1123
f 3653/7699/1120 3462/7700/1120 3661/7701/1120
f 3619/7702/1120 3428/7703/1120 3627/7704/1120
f 3688/7705/1123 3501/7706/1123 3487/7707/1123
f 3593/7708/1120 3723/7709/1120 3715/7710/1120
f 3654/7711/1123 3461/7712/1123 3453/7713/1123
f 3551/7714/1120 3749/7715/1120 3559/7716/1120
f 3620/7717/1123 3427/7718/1123 3419/7719/1123
f 3525/7720/1120 3791/7721/1120 3783/7722/1120
f 3594/7723/1123 3724/7724/1123 3586/7725/1123
f 3552/7726/1123 3750/7727/1123 3758/7728/1123
f 3689/7729/1120 3506/7730/1120 3697/7731/1120
f 3526/7732/1123 3792/7733/1123 3518/7734/1123
f 3655/7735/1120 3464/7736/1120 3663/7737/1120
f 3621/7738/1120 3430/7739/1120 3629/7740/1120
f 3690/7741/1123 3505/7742/1123 3489/7743/1123
f 3587/7744/1120 3713/7745/1120 3595/7746/1120
f 3656/7747/1123 3463/7748/1123 3455/7749/1123
f 3553/7750/1120 3747/7751/1120 3561/7752/1120
f 3622/7753/1123 3429/7754/1123 3421/7755/1123
f 3527/7756/1120 3789/7757/1120 3781/7758/1120
f 3596/7759/1123 3722/7760/1123 3588/7761/1123
f 3554/7762/1123 3748/7763/1123 3756/7764/1123
f 3514/7765/1120 3494/7766/1120 3491/7767/1120
f 3528/7768/1123 3790/7769/1123 3520/7770/1123
f 3657/7771/1120 3466/7772/1120 3665/7773/1120
f 3623/7774/1120 3432/7775/1120 3631/7776/1120
f 3589/7777/1120 3711/7778/1120 3597/7779/1120
f 3658/7780/1123 3465/7781/1123 3457/7782/1123
f 3563/7783/1120 3753/7784/1120 3745/7785/1120
f 3624/7786/1123 3431/7787/1123 3423/7788/1123
f 3513/7789/1123 3493/7790/1123 3692/7791/1123
f 3529/7792/1120 3787/7793/1120 3779/7794/1120
f 3590/7795/1123 3712/7796/1123 3720/7797/1123
f 3564/7798/1123 3754/7799/1123 3556/7800/1123
f 3530/7801/1123 3788/7802/1123 3522/7803/1123
f 3667/7804/1120 3460/7805/1120 3468/7806/1120
f 3625/7807/1120 3434/7808/1120 3633/7809/1120
f 3512/7810/1120 3498/7811/1120 3495/7812/1120
f 3591/7813/1120 3709/7814/1120 3599/7815/1120
f 3668/7816/1123 3459/7817/1123 3660/7818/1123
f 3565/7819/1120 3751/7820/1120 3743/7821/1120
f 3626/7822/1123 3433/7823/1123 3425/7824/1123
f 3523/7825/1120 3777/7826/1120 3531/7827/1120
f 3592/7687/1123 3710/7828/1123 3718/7829/1123
f 3566/7830/1123 3752/7691/1123 3558/7831/1123
f 3511/7832/1123 3497/7833/1123 3694/7834/1123
f 3524/7696/1123 3778/7835/1123 3786/7836/1123
f 3669/7837/1120 3462/7700/1120 3470/7838/1120
f 3635/7839/1120 3428/7703/1120 3436/7840/1120
f 3593/7708/1120 3707/7841/1120 3601/7842/1120
f 3670/7843/1123 3461/7712/1123 3662/7844/1123
f 3567/7845/1120 3749/7715/1120 3741/7846/1120
f 3636/7847/1123 3427/7718/1123 3628/7848/1123
f 3510/7849/1120 3502/7694/1120 3499/7850/1120
f 3525/7720/1120 3775/7851/1120 3533/7852/1120
f 3594/7723/1123 3708/7853/1123 3716/7854/1123
f 3568/7855/1123 3750/7727/1123 3560/7856/1123
f 3526/7732/1123 3776/7857/1123 3784/7858/1123
f 3671/7859/1120 3464/7736/1120 3472/7860/1120
f 3637/7861/1120 3430/7739/1120 3438/7862/1120
f 3509/7863/1123 3501/7706/1123 3696/7864/1123
f 3595/7746/1120 3705/7865/1120 3603/7866/1120
f 3672/7867/1123 3463/7748/1123 3664/7868/1123
f 3569/7869/1120 3747/7751/1120 3739/7870/1120
f 3638/7871/1123 3429/7754/1123 3630/7872/1123
f 3527/7756/1120 3773/7873/1120 3535/7874/1120
f 3596/7759/1123 3706/7875/1123 3714/7876/1123
f 3570/7877/1123 3748/7763/1123 3562/7878/1123
f 3508/7879/1120 3506/7730/1120 3503/7880/1120
f 3528/7768/1123 3774/7881/1123 3782/7882/1123
f 3673/7883/1120 3466/7772/1120 3474/7884/1120
f 3639/7885/1120 3432/7775/1120 3440/7886/1120
f 3597/7779/1120 3703/7887/1120 3605/7888/1120
f 3674/7889/1123 3465/7781/1123 3666/7890/1123
f 3563/7783/1120 3737/7891/1120 3571/7892/1120
f 3640/7893/1123 3431/7787/1123 3632/7894/1123
f 3507/7895/1123 3505/7742/1123 3698/7896/1123
f 3529/7792/1120 3771/7897/1120 3537/7898/1120
f 3598/7899/1123 3704/7900/1123 3712/7796/1123
f 3572/7901/1123 3746/7902/1123 3564/7798/1123
f 3530/7801/1123 3772/7903/1123 3780/7904/1123
f 3675/7905/1120 3468/7806/1120 3476/7906/1120
f 3641/7907/1120 3434/7808/1120 3442/7908/1120
f 3599/7815/1120 3701/7909/1120 3607/7910/1120
f 3676/7911/1123 3467/7912/1123 3668/7816/1123
f 3565/7819/1120 3735/7913/1120 3573/7914/1120
f 3642/7915/1123 3433/7823/1123 3634/7916/1123
f 3539/7917/1120 3777/7826/1120 3769/7918/1120
f 3600/7919/1123 3702/7920/1123 3710/7828/1123
f 3574/7921/1123 3744/7922/1123 3566/7830/1123
f 3540/7923/1123 3778/7835/1123 3532/7924/1123
f 3677/7925/1120 3470/7838/1120 3478/7926/1120
f 3363/7683/1122 3521/7680/1098 3365/7681/1098
f 3501/7927/1121 3499/7928/1122 3502/7929/1121
f 3497/7930/1121 3495/7931/1122 3498/7932/1121
f 3493/7933/1121 3491/7934/1122 3494/7935/1121
f 3505/7496/1121 3490/7936/1119 3489/7937/1119
f 3501/7927/1121 3488/7938/1119 3487/7939/1119
f 3497/7930/1121 3486/7940/1119 3485/7941/1119
f 3493/7933/1121 3484/7942/1119 3483/7943/1119
f 3489/7937/1119 3482/7944/1118 3481/7945/1118
f 3487/7939/1119 3480/7946/1118 3479/7947/1118
f 3485/7941/1119 3478/7948/1118 3477/7949/1118
f 3483/7943/1119 3476/7950/1118 3475/7951/1118
f 3481/7945/1118 3474/7952/1117 3473/7953/1117
f 3479/7947/1118 3472/7954/1117 3471/7955/1117
f 3477/7949/1118 3470/7956/1117 3469/7957/1117
f 3475/7951/1118 3468/7958/1117 3467/7959/1117
f 3473/7953/1117 3466/7960/1116 3465/7961/1116
f 3471/7955/1117 3464/7962/1116 3463/7963/1116
f 3469/7957/1117 3462/7964/1116 3461/7965/1116
f 3467/7959/1117 3460/7966/1116 3459/7967/1116
f 3465/7968/1116 3458/7969/1115 3457/7970/1115
f 3463/7971/1116 3456/7972/1115 3455/7973/1115
f 3461/7974/1116 3454/7975/1115 3453/7976/1115
f 3459/7977/1116 3452/7978/1115 3451/7979/1115
f 3457/7970/1115 3450/7980/1114 3449/7981/1114
f 3455/7973/1115 3448/7982/1114 3447/7983/1114
f 3453/7976/1115 3446/7984/1114 3445/7985/1114
f 3451/7979/1115 3444/7986/1114 3443/7987/1114
f 3449/7981/1114 3442/7988/1113 3441/7989/1113
f 3447/7983/1114 3440/7990/1113 3439/7991/1113
f 3445/7985/1114 3438/7992/1113 3437/7993/1113
f 3443/7987/1114 3436/7994/1113 3435/7995/1113
f 3433/7996/1112 3442/7988/1113 3434/7997/1112
f 3439/7991/1113 3432/7998/1112 3431/7999/1112
f 3437/7993/1113 3430/8000/1112 3429/8001/1112
f 3435/7995/1113 3428/8002/1112 3427/8003/1112
f 3433/7996/1112 3426/8004/1111 3425/8005/1111
f 3431/7999/1112 3424/8006/1111 3423/8007/1111
f 3429/8001/1112 3422/8008/1111 3421/8009/1111
f 3427/8003/1112 3420/8010/1111 3419/8011/1111
f 3425/8005/1111 3418/8012/1110 3417/8013/1110
f 3423/8007/1111 3416/8014/1110 3415/8015/1110
f 3421/8009/1111 3414/8016/1110 3413/8017/1110
f 3419/8011/1111 3412/8018/1110 3411/8019/1110
f 3417/8013/1110 3699/8020/1109 3700/8021/1109
f 3415/8015/1110 3701/8022/1109 3702/8023/1109
f 3413/8017/1110 3703/8024/1109 3704/8025/1109
f 3411/8019/1110 3705/8026/1109 3706/8027/1109
f 3700/8028/1109 3707/8029/1108 3708/8030/1108
f 3702/8031/1109 3709/8032/1108 3710/8033/1108
f 3704/8034/1109 3711/8035/1108 3712/8036/1108
f 3706/8037/1109 3713/8038/1108 3714/8039/1108
f 3708/8030/1108 3715/8040/1107 3716/8041/1107
f 3710/8033/1108 3717/8042/1107 3718/8043/1107
f 3712/8036/1108 3719/8044/1107 3720/8045/1107
f 3714/8039/1108 3721/8046/1107 3722/8047/1107
f 3716/8041/1107 3723/8048/1106 3724/8049/1106
f 3718/8043/1107 3725/8050/1106 3726/8051/1106
f 3720/8045/1107 3727/8052/1106 3728/8053/1106
f 3722/8047/1107 3729/8054/1106 3730/8055/1106
f 3732/8056/1105 3723/8048/1106 3731/8057/1105
f 3726/8051/1106 3733/8058/1105 3734/8059/1105
f 3736/8060/1105 3727/8052/1106 3735/8061/1105
f 3730/8055/1106 3737/8062/1105 3738/8063/1105
f 3732/8056/1105 3739/8064/1104 3740/8065/1104
f 3734/8059/1105 3741/8066/1104 3742/8067/1104
f 3744/8068/1104 3735/8061/1105 3743/8069/1104
f 3746/8070/1104 3737/8062/1105 3745/8071/1104
f 3740/8065/1104 3747/8072/1103 3748/8073/1103
f 3742/8067/1104 3749/8074/1103 3750/8075/1103
f 3744/8068/1104 3751/8076/1103 3752/8077/1103
f 3746/8070/1104 3753/8078/1103 3754/8079/1103
f 3748/8073/1103 3755/8080/1102 3756/8081/1102
f 3750/8075/1103 3757/8082/1102 3758/8083/1102
f 3752/8077/1103 3759/8084/1102 3760/8085/1102
f 3754/8079/1103 3761/8086/1102 3762/8087/1102
f 3756/8081/1102 3763/8088/1101 3764/8089/1101
f 3758/8083/1102 3765/8090/1101 3766/8091/1101
f 3760/8085/1102 3767/8092/1101 3768/8093/1101
f 3762/8087/1102 3769/8094/1101 3770/8095/1101
f 3764/8089/1101 3771/8096/1100 3772/8097/1100
f 3766/8091/1101 3773/8098/1100 3774/8099/1100
f 3768/8093/1101 3775/8100/1100 3776/8101/1100
f 3778/8102/1100 3769/8094/1101 3777/8103/1100
f 3772/8104/1100 3779/8105/1099 3780/8106/1099
f 3774/8107/1100 3781/8108/1099 3782/8109/1099
f 3776/8110/1100 3783/8111/1099 3784/8112/1099
f 3778/8113/1100 3785/8114/1099 3786/8115/1099
f 3788/8116/1098 3779/8105/1099 3787/8117/1098
f 3782/8109/1099 3789/8118/1098 3790/8119/1098
f 3784/8112/1099 3791/8120/1098 3792/8121/1098
f 3786/8115/1099 3793/8122/1098 3794/8123/1098
f 3788/8116/1098 3503/7497/1122 3504/8124/1122
f 3790/8119/1098 3499/7928/1122 3500/8125/1122
f 3792/8121/1098 3495/7931/1122 3496/8126/1122
f 3794/8123/1098 3491/7934/1122 3492/8127/1122
f 3523/7825/1120 3793/8128/1120 3785/8129/1120
f 3626/7822/1123 3417/8130/1123 3618/8131/1123
f 3549/8132/1120 3751/7820/1120 3557/8133/1120
f 3652/8134/1123 3459/7817/1123 3451/8135/1123
f 3591/7813/1120 3725/8136/1120 3717/8137/1120
f 3507/7895/1123 3788/7802/1123 3504/8138/1123
f 3686/8139/1123 3497/7833/1123 3485/8140/1123
f 3625/7807/1120 3418/8141/1120 3426/8142/1120
f 3651/8143/1120 3460/7805/1120 3659/8144/1120
f 3508/7879/1120 3787/7793/1120 3521/8145/1120
f 3685/8146/1120 3498/7811/1120 3693/8147/1120
f 3548/8148/1123 3754/7799/1123 3762/8149/1123
f 3590/7795/1123 3728/8150/1123 3582/8151/1123
f 3509/7863/1123 3790/7769/1123 3500/8152/1123
f 3624/7786/1123 3415/8153/1123 3616/8154/1123
f 3547/8155/1120 3753/7784/1120 3555/8156/1120
f 3658/7780/1123 3449/8157/1123 3650/8158/1123
f 3589/7777/1120 3727/8159/1120 3719/8160/1120
f 3510/7849/1120 3789/7757/1120 3519/8161/1120
f 3684/8162/1123 3493/7790/1123 3483/8163/1123
f 3623/7774/1120 3416/8164/1120 3424/8165/1120
f 3657/7771/1120 3450/8166/1120 3458/8167/1120
f 3511/7832/1123 3792/7733/1123 3496/8168/1123
f 3683/8169/1120 3494/7766/1120 3691/8170/1120
f 3546/8171/1123 3756/7764/1123 3764/8172/1123
f 3588/7761/1123 3730/8173/1123 3580/8174/1123
f 3512/7810/1120 3791/7721/1120 3517/8175/1120
f 3622/7753/1123 3413/8176/1123 3614/8177/1123
f 3545/8178/1120 3755/8179/1120 3553/7750/1120
f 3656/7747/1123 3447/8180/1123 3648/8181/1123
f 3587/7744/1120 3729/8182/1120 3721/8183/1120
f 3513/7789/1123 3794/7697/1123 3492/8184/1123
f 3682/8185/1123 3489/7743/1123 3481/8186/1123
f 3621/7738/1120 3414/8187/1120 3422/8188/1120
f 3655/7735/1120 3448/8189/1120 3456/8190/1120
f 3514/7765/1120 3793/8128/1120 3515/8191/1120
f 3681/8192/1120 3490/8193/1120 3689/7729/1120
f 3544/8194/1123 3758/7728/1123 3766/8195/1123
f 3578/8196/1123 3724/7724/1123 3732/8197/1123
f 3620/7717/1123 3411/8198/1123 3612/8199/1123
f 3543/8200/1120 3757/8201/1120 3551/7714/1120
f 3654/7711/1123 3445/8202/1123 3646/8203/1123
f 3577/8204/1120 3723/7709/1120 3585/8205/1120
f 3680/8206/1123 3487/7707/1123 3479/8207/1123
f 3611/8208/1120 3420/8209/1120 3619/7702/1120
f 3653/7699/1120 3446/8210/1120 3454/8211/1120
f 3679/8212/1120 3488/8213/1120 3687/7693/1120
f 3542/8214/1123 3760/7692/1123 3768/8215/1123
f 3576/8216/1123 3726/7688/1123 3734/8217/1123
f 3618/8131/1123 3700/8218/1123 3610/8219/1123
f 3541/8220/1120 3759/8221/1120 3549/8132/1120
f 3652/8134/1123 3443/8222/1123 3644/8223/1123
f 3575/8224/1120 3725/8136/1120 3583/8225/1120
f 3678/8226/1123 3485/8140/1123 3477/8227/1123
f 3617/8228/1120 3699/8229/1120 3418/8141/1120
f 3651/8143/1120 3444/8230/1120 3452/8231/1120
f 3677/7925/1120 3486/8232/1120 3685/8146/1120
f 3540/7923/1123 3762/8149/1123 3770/8233/1123
f 3574/7921/1123 3728/8150/1123 3736/8234/1123
f 3616/8154/1123 3702/7920/1123 3608/8235/1123
f 3539/7917/1120 3761/8236/1120 3547/8155/1120
f 3642/7915/1123 3449/8157/1123 3441/8237/1123
f 3573/7914/1120 3727/8159/1120 3581/8238/1120
f 3676/7911/1123 3483/8163/1123 3475/8239/1123
f 3615/8240/1120 3701/7909/1120 3416/8164/1120
f 3641/7907/1120 3450/8166/1120 3649/8241/1120
f 3675/7905/1120 3484/8242/1120 3683/8169/1120
f 3546/8171/1123 3772/7903/1123 3538/8243/1123
f 3572/7901/1123 3730/8173/1123 3738/8244/1123
f 3614/8177/1123 3704/7900/1123 3606/8245/1123
f 3545/8178/1120 3771/7897/1120 3763/8246/1120
f 3640/7893/1123 3447/8180/1123 3439/8247/1123
f 3571/7892/1120 3729/8182/1120 3579/8248/1120
f 3682/8185/1123 3473/8249/1123 3674/7889/1123
f 3613/8250/1120 3703/7887/1120 3414/8187/1120
f 3639/7885/1120 3448/8189/1120 3647/8251/1120
f 3681/8192/1120 3474/7884/1120 3482/8252/1120
f 3544/8194/1123 3774/7881/1123 3536/8253/1123
f 3578/8196/1123 3740/8254/1123 3570/7877/1123
f 3612/8199/1123 3706/7875/1123 3604/8255/1123
f 3543/8200/1120 3773/7873/1120 3765/8256/1120
f 3638/7871/1123 3445/8202/1123 3437/8257/1123
f 3569/7869/1120 3731/8258/1120 3577/8204/1120
f 3680/8206/1123 3471/8259/1123 3672/7867/1123
f 3611/8208/1120 3705/7865/1120 3412/8260/1120
f 3637/7861/1120 3446/8210/1120 3645/8261/1120
f 3679/8212/1120 3472/7860/1120 3480/8262/1120
f 3542/8214/1123 3776/7857/1123 3534/8263/1123
f 3568/7855/1123 3734/8217/1123 3742/8264/1123
f 3602/8265/1123 3700/8218/1123 3708/7853/1123
f 3541/8220/1120 3775/7851/1120 3767/8266/1120
f 3636/7847/1123 3443/8222/1123 3435/8267/1123
f 3567/7845/1120 3733/8268/1120 3575/8224/1120
f 3678/8226/1123 3469/8269/1123 3670/7843/1123
f 3601/7842/1120 3699/8229/1120 3609/8270/1120
f 3635/7839/1120 3444/8230/1120 3643/8271/1120
f 3366/7430/1098 3368/7678/1099 3524/7431/1099
f 3515/7433/1098 3523/7436/1099 3526/7434/1099
f 3523/7436/1099 3531/8272/1100 3534/7437/1100
f 3531/7438/1100 3539/7441/1101 3542/7439/1101
f 3539/7441/1101 3547/7443/1102 3550/7442/1102
f 3547/7443/1102 3555/7445/1103 3558/7444/1103
f 3555/7445/1103 3563/7447/1104 3566/7446/1104
f 3563/7447/1104 3571/7449/1105 3574/7448/1105
f 3571/7449/1105 3579/8273/1106 3582/7450/1106
f 3582/7450/1106 3579/8273/1106 3587/7451/1107
f 3587/7451/1107 3595/7454/1108 3598/7453/1108
f 3595/7454/1108 3603/8274/1109 3606/7455/1109
f 3603/7456/1109 3611/7459/1110 3614/7457/1110
f 3611/7459/1110 3619/7461/1111 3622/7460/1111
f 3619/7461/1111 3627/7463/1112 3630/7462/1112
f 3627/7463/1112 3635/7465/1113 3638/7464/1113
f 3635/7465/1113 3643/7467/1114 3646/7466/1114
f 3643/7467/1114 3651/7469/1115 3654/7468/1115
f 3651/7469/1115 3659/8275/1116 3662/7470/1116
f 3659/7471/1116 3667/7474/1117 3670/7472/1117
f 3667/7474/1117 3675/7476/1118 3678/7475/1118
f 3675/7476/1118 3683/7481/1119 3686/7477/1119
f 3368/7480/1120 3366/8276/1120 3364/8277/1120
f 3364/8277/1120 3410/8278/1120 3408/8279/1120
f 3408/8279/1120 3406/8280/1120 3400/7478/1120
f 3406/8280/1120 3404/8281/1120 3400/7478/1120
f 3404/8281/1120 3402/8282/1120 3400/7478/1120
f 3400/7478/1120 3398/8283/1120 3396/8284/1120
f 3396/8284/1120 3394/8285/1120 3392/8286/1120
f 3392/8286/1120 3390/8287/1120 3384/7479/1120
f 3390/8287/1120 3388/8288/1120 3384/7479/1120
f 3388/8288/1120 3386/8289/1120 3384/7479/1120
f 3384/7479/1120 3382/8290/1120 3380/8291/1120
f 3380/8291/1120 3378/8292/1120 3384/7479/1120
f 3378/8292/1120 3376/8293/1120 3384/7479/1120
f 3376/8293/1120 3374/8294/1120 3372/8295/1120
f 3372/8295/1120 3370/8296/1120 3368/7480/1120
f 3368/7480/1120 3364/8277/1120 3400/7478/1120
f 3364/8277/1120 3408/8279/1120 3400/7478/1120
f 3400/7478/1120 3396/8284/1120 3392/8286/1120
f 3376/8293/1120 3372/8295/1120 3384/7479/1120
f 3372/8295/1120 3368/7480/1120 3384/7479/1120
f 3400/7478/1120 3392/8286/1120 3384/7479/1120
f 3683/7481/1119 3691/7686/1121 3694/7482/1121
f 3513/7483/1122 3364/8297/1122 3366/7430/1098
f 3409/7486/1123 3363/8298/1123 3369/8299/1123
f 3363/8298/1123 3365/8300/1123 3369/8299/1123
f 3365/8300/1123 3367/8301/1123 3369/8299/1123
f 3369/8299/1123 3371/8302/1123 3377/7484/1123
f 3371/8302/1123 3373/8303/1123 3377/7484/1123
f 3373/8303/1123 3375/8304/1123 3377/7484/1123
f 3377/7484/1123 3379/8305/1123 3381/8306/1123
f 3381/8306/1123 3383/8307/1123 3377/7484/1123
f 3383/8307/1123 3385/8308/1123 3377/7484/1123
f 3385/8308/1123 3387/8309/1123 3389/8310/1123
f 3389/8310/1123 3391/8311/1123 3385/8308/1123
f 3391/8311/1123 3393/7485/1123 3385/8308/1123
f 3393/7485/1123 3395/8312/1123 3397/8313/1123
f 3397/8313/1123 3399/8314/1123 3393/7485/1123
f 3399/8314/1123 3401/8315/1123 3393/7485/1123
f 3401/8315/1123 3403/8316/1123 3405/8317/1123
f 3405/8317/1123 3407/8318/1123 3409/7486/1123
f 3401/8315/1123 3405/8317/1123 3393/7485/1123
f 3405/8317/1123 3409/7486/1123 3393/7485/1123
f 3409/7486/1123 3369/8299/1123 3377/7484/1123
f 3377/7484/1123 3385/8308/1123 3393/7485/1123
f 3507/7487/1122 3510/8319/1122 3519/7488/1098
f 3509/7490/1122 3512/8320/1122 3517/7491/1098
f 3511/7493/1122 3514/8321/1122 3515/7433/1098
f 3410/7494/1121 3364/8297/1122 3513/7483/1122
f 3505/7496/1121 3504/8124/1122 3503/7497/1122
f 3689/7499/1119 3697/7682/1121 3409/7500/1121
f 3687/7502/1119 3695/7684/1121 3698/7503/1121
f 3685/7505/1119 3693/7685/1121 3696/7506/1121
f 3408/7508/1119 3410/7494/1121 3692/7495/1121
f 3681/7510/1118 3689/7499/1119 3407/7501/1119
f 3679/7512/1118 3687/7502/1119 3690/7504/1119
f 3677/7514/1118 3685/7505/1119 3688/7507/1119
f 3406/7516/1118 3408/7508/1119 3684/7509/1119
f 3403/7518/1117 3673/8322/1117 3681/7510/1118
f 3671/7519/1117 3679/7512/1118 3682/7513/1118
f 3669/7521/1117 3677/7514/1118 3680/7515/1118
f 3404/7523/1117 3406/7516/1118 3676/7517/1118
f 3665/7525/1116 3673/8322/1117 3403/7518/1117
f 3663/7527/1116 3671/7519/1117 3674/7520/1117
f 3661/7529/1116 3669/7521/1117 3672/7522/1117
f 3402/7531/1116 3404/7523/1117 3668/7524/1117
f 3657/7533/1115 3665/8323/1116 3401/7534/1116
f 3655/7536/1115 3663/8324/1116 3666/7537/1116
f 3653/7539/1115 3661/8325/1116 3664/7540/1116
f 3400/7542/1115 3402/8326/1116 3660/7543/1116
f 3649/7545/1114 3657/7533/1115 3399/7535/1115
f 3647/7547/1114 3655/7536/1115 3658/7538/1115
f 3645/7549/1114 3653/7539/1115 3656/7541/1115
f 3398/7551/1114 3400/7542/1115 3652/7544/1115
f 3641/7553/1113 3649/7545/1114 3397/7546/1114
f 3639/7555/1113 3647/7547/1114 3650/7548/1114
f 3637/7557/1113 3645/7549/1114 3648/7550/1114
f 3396/7559/1113 3398/7551/1114 3644/7552/1114
f 3633/7561/1112 3641/7553/1113 3395/7554/1113
f 3631/7563/1112 3639/7555/1113 3642/7556/1113
f 3629/7565/1112 3637/7557/1113 3640/7558/1113
f 3394/7567/1112 3396/7559/1113 3636/7560/1113
f 3625/7569/1111 3633/7561/1112 3393/7562/1112
f 3623/7571/1111 3631/7563/1112 3634/7564/1112
f 3621/7573/1111 3629/7565/1112 3632/7566/1112
f 3392/7575/1111 3394/7567/1112 3628/7568/1112
f 3617/7577/1110 3625/7569/1111 3391/7570/1111
f 3615/7579/1110 3623/7571/1111 3626/7572/1111
f 3613/7581/1110 3621/7573/1111 3624/7574/1111
f 3390/7583/1110 3392/7575/1111 3620/7576/1111
f 3609/7585/1109 3617/7577/1110 3389/7578/1110
f 3607/7587/1109 3615/7579/1110 3618/7580/1110
f 3605/7589/1109 3613/7581/1110 3616/7582/1110
f 3388/7591/1109 3390/7583/1110 3612/7584/1110
f 3601/7593/1108 3609/8327/1109 3387/7594/1109
f 3602/7596/1108 3599/7608/1108 3607/7597/1109
f 3597/7599/1108 3605/8328/1109 3608/7600/1109
f 3386/7602/1108 3388/8329/1109 3604/7603/1109
f 3593/7605/1107 3601/7593/1108 3385/7595/1108
f 3594/7607/1107 3591/7616/1107 3599/7608/1108
f 3589/7609/1107 3597/7599/1108 3600/7601/1108
f 3384/7611/1107 3386/7602/1108 3596/7604/1108
f 3585/7613/1106 3593/7605/1107 3383/7606/1107
f 3586/7615/1106 3583/8330/1106 3591/7616/1107
f 3581/7617/1106 3589/7609/1107 3592/7610/1107
f 3382/7619/1106 3384/7611/1107 3588/7612/1107
f 3577/7621/1105 3585/7613/1106 3381/7614/1106
f 3575/7623/1105 3583/8330/1106 3586/7615/1106
f 3573/7625/1105 3581/7617/1106 3584/7618/1106
f 3380/7627/1105 3382/7619/1106 3580/7620/1106
f 3569/7629/1104 3577/7621/1105 3379/7622/1105
f 3567/7631/1104 3575/7623/1105 3578/7624/1105
f 3565/7633/1104 3573/7625/1105 3576/7626/1105
f 3378/7635/1104 3380/7627/1105 3572/7628/1105
f 3561/7637/1103 3569/7629/1104 3377/7630/1104
f 3559/7639/1103 3567/7631/1104 3570/7632/1104
f 3557/7641/1103 3565/7633/1104 3568/7634/1104
f 3376/7643/1103 3378/7635/1104 3564/7636/1104
f 3553/7645/1102 3561/7637/1103 3375/7638/1103
f 3551/7647/1102 3559/7639/1103 3562/7640/1103
f 3549/7649/1102 3557/7641/1103 3560/7642/1103
f 3374/7651/1102 3376/7643/1103 3556/7644/1103
f 3545/7653/1101 3553/7645/1102 3373/7646/1102
f 3543/7655/1101 3551/7647/1102 3554/7648/1102
f 3541/7657/1101 3549/7649/1102 3552/7650/1102
f 3372/7659/1101 3374/7651/1102 3548/7652/1102
f 3537/7661/1100 3545/7653/1101 3371/7654/1101
f 3535/7663/1100 3543/7655/1101 3546/7656/1101
f 3533/7665/1100 3541/7657/1101 3544/7658/1101
f 3370/7667/1100 3372/7659/1101 3540/7660/1101
f 3529/7669/1099 3537/8331/1100 3369/7670/1100
f 3527/7672/1099 3535/8332/1100 3538/7673/1100
f 3525/7675/1099 3533/8333/1100 3536/7676/1100
f 3368/7678/1099 3370/8334/1100 3532/7679/1100
f 3521/7680/1098 3529/7669/1099 3367/7671/1099
f 3519/7488/1098 3527/7672/1099 3530/7674/1099
f 3517/7491/1098 3525/7675/1099 3528/7677/1099
f 3697/7682/1121 3508/8335/1122 3363/7683/1122
f 3695/7684/1121 3510/8319/1122 3507/7487/1122
f 3693/7685/1121 3512/8320/1122 3509/7490/1122
f 3691/7686/1121 3514/8321/1122 3511/7493/1122
f 3592/7687/1123 3718/7829/1123 3726/7688/1123
f 3550/7690/1123 3558/7831/1123 3752/7691/1123
f 3687/7693/1120 3488/8213/1120 3502/7694/1120
f 3524/7696/1123 3786/7836/1123 3794/7697/1123
f 3653/7699/1120 3454/8211/1120 3462/7700/1120
f 3619/7702/1120 3420/8209/1120 3428/7703/1120
f 3688/7705/1123 3696/7864/1123 3501/7706/1123
f 3593/7708/1120 3585/8205/1120 3723/7709/1120
f 3654/7711/1123 3662/7844/1123 3461/7712/1123
f 3551/7714/1120 3757/8201/1120 3749/7715/1120
f 3620/7717/1123 3628/7848/1123 3427/7718/1123
f 3525/7720/1120 3517/8175/1120 3791/7721/1120
f 3594/7723/1123 3716/7854/1123 3724/7724/1123
f 3552/7726/1123 3560/7856/1123 3750/7727/1123
f 3689/7729/1120 3490/8193/1120 3506/7730/1120
f 3526/7732/1123 3784/7858/1123 3792/7733/1123
f 3655/7735/1120 3456/8190/1120 3464/7736/1120
f 3621/7738/1120 3422/8188/1120 3430/7739/1120
f 3690/7741/1123 3698/7896/1123 3505/7742/1123
f 3587/7744/1120 3721/8183/1120 3713/7745/1120
f 3656/7747/1123 3664/7868/1123 3463/7748/1123
f 3553/7750/1120 3755/8179/1120 3747/7751/1120
f 3622/7753/1123 3630/7872/1123 3429/7754/1123
f 3527/7756/1120 3519/8161/1120 3789/7757/1120
f 3596/7759/1123 3714/7876/1123 3722/7760/1123
f 3554/7762/1123 3562/7878/1123 3748/7763/1123
f 3514/7765/1120 3691/8170/1120 3494/7766/1120
f 3528/7768/1123 3782/7882/1123 3790/7769/1123
f 3657/7771/1120 3458/8167/1120 3466/7772/1120
f 3623/7774/1120 3424/8165/1120 3432/7775/1120
f 3589/7777/1120 3719/8160/1120 3711/7778/1120
f 3658/7780/1123 3666/7890/1123 3465/7781/1123
f 3563/7783/1120 3555/8156/1120 3753/7784/1120
f 3624/7786/1123 3632/7894/1123 3431/7787/1123
f 3513/7789/1123 3492/8184/1123 3493/7790/1123
f 3529/7792/1120 3521/8145/1120 3787/7793/1120
f 3590/7795/1123 3598/7899/1123 3712/7796/1123
f 3564/7798/1123 3746/7902/1123 3754/7799/1123
f 3530/7801/1123 3780/7904/1123 3788/7802/1123
f 3667/7804/1120 3659/8144/1120 3460/7805/1120
f 3625/7807/1120 3426/8142/1120 3434/7808/1120
f 3512/7810/1120 3693/8147/1120 3498/7811/1120
f 3591/7813/1120 3717/8137/1120 3709/7814/1120
f 3668/7816/1123 3467/7912/1123 3459/7817/1123
f 3565/7819/1120 3557/8133/1120 3751/7820/1120
f 3626/7822/1123 3634/7916/1123 3433/7823/1123
f 3523/7825/1120 3785/8129/1120 3777/7826/1120
f 3592/7687/1123 3600/7919/1123 3710/7828/1123
f 3566/7830/1123 3744/7922/1123 3752/7691/1123
f 3511/7832/1123 3496/8168/1123 3497/7833/1123
f 3524/7696/1123 3532/7924/1123 3778/7835/1123
f 3669/7837/1120 3661/7701/1120 3462/7700/1120
f 3635/7839/1120 3627/7704/1120 3428/7703/1120
f 3593/7708/1120 3715/7710/1120 3707/7841/1120
f 3670/7843/1123 3469/8269/1123 3461/7712/1123
f 3567/7845/1120 3559/7716/1120 3749/7715/1120
f 3636/7847/1123 3435/8267/1123 3427/7718/1123
f 3510/7849/1120 3695/7695/1120 3502/7694/1120
f 3525/7720/1120 3783/7722/1120 3775/7851/1120
f 3594/7723/1123 3602/8265/1123 3708/7853/1123
f 3568/7855/1123 3742/8264/1123 3750/7727/1123
f 3526/7732/1123 3534/8263/1123 3776/7857/1123
f 3671/7859/1120 3663/7737/1120 3464/7736/1120
f 3637/7861/1120 3629/7740/1120 3430/7739/1120
f 3509/7863/1123 3500/8152/1123 3501/7706/1123
f 3595/7746/1120 3713/7745/1120 3705/7865/1120
f 3672/7867/1123 3471/8259/1123 3463/7748/1123
f 3569/7869/1120 3561/7752/1120 3747/7751/1120
f 3638/7871/1123 3437/8257/1123 3429/7754/1123
f 3527/7756/1120 3781/7758/1120 3773/7873/1120
f 3596/7759/1123 3604/8255/1123 3706/7875/1123
f 3570/7877/1123 3740/8254/1123 3748/7763/1123
f 3508/7879/1120 3697/7731/1120 3506/7730/1120
f 3528/7768/1123 3536/8253/1123 3774/7881/1123
f 3673/7883/1120 3665/7773/1120 3466/7772/1120
f 3639/7885/1120 3631/7776/1120 3432/7775/1120
f 3597/7779/1120 3711/7778/1120 3703/7887/1120
f 3674/7889/1123 3473/8249/1123 3465/7781/1123
f 3563/7783/1120 3745/7785/1120 3737/7891/1120
f 3640/7893/1123 3439/8247/1123 3431/7787/1123
f 3507/7895/1123 3504/8138/1123 3505/7742/1123
f 3529/7792/1120 3779/7794/1120 3771/7897/1120
f 3598/7899/1123 3606/8245/1123 3704/7900/1123
f 3572/7901/1123 3738/8244/1123 3746/7902/1123
f 3530/7801/1123 3538/8243/1123 3772/7903/1123
f 3675/7905/1120 3667/7804/1120 3468/7806/1120
f 3641/7907/1120 3633/7809/1120 3434/7808/1120
f 3599/7815/1120 3709/7814/1120 3701/7909/1120
f 3676/7911/1123 3475/8239/1123 3467/7912/1123
f 3565/7819/1120 3743/7821/1120 3735/7913/1120
f 3642/7915/1123 3441/8237/1123 3433/7823/1123
f 3539/7917/1120 3531/7827/1120 3777/7826/1120
f 3600/7919/1123 3608/8235/1123 3702/7920/1123
f 3574/7921/1123 3736/8234/1123 3744/7922/1123
f 3540/7923/1123 3770/8233/1123 3778/7835/1123
f 3677/7925/1120 3669/7837/1120 3470/7838/1120
f 3363/7683/1122 3508/8335/1122 3521/7680/1098
f 3501/7927/1121 3500/8125/1122 3499/7928/1122
f 3497/7930/1121 3496/8126/1122 3495/7931/1122
f 3493/7933/1121 3492/8127/1122 3491/7934/1122
f 3505/7496/1121 3506/7498/1121 3490/7936/1119
f 3501/7927/1121 3502/7929/1121 3488/7938/1119
f 3497/7930/1121 3498/7932/1121 3486/7940/1119
f 3493/7933/1121 3494/7935/1121 3484/7942/1119
f 3489/7937/1119 3490/7936/1119 3482/7944/1118
f 3487/7939/1119 3488/7938/1119 3480/7946/1118
f 3485/7941/1119 3486/7940/1119 3478/7948/1118
f 3483/7943/1119 3484/7942/1119 3476/7950/1118
f 3481/7945/1118 3482/7944/1118 3474/7952/1117
f 3479/7947/1118 3480/7946/1118 3472/7954/1117
f 3477/7949/1118 3478/7948/1118 3470/7956/1117
f 3475/7951/1118 3476/7950/1118 3468/7958/1117
f 3473/7953/1117 3474/7952/1117 3466/7960/1116
f 3471/7955/1117 3472/7954/1117 3464/7962/1116
f 3469/7957/1117 3470/7956/1117 3462/7964/1116
f 3467/7959/1117 3468/7958/1117 3460/7966/1116
f 3465/7968/1116 3466/8336/1116 3458/7969/1115
f 3463/7971/1116 3464/8337/1116 3456/7972/1115
f 3461/7974/1116 3462/8338/1116 3454/7975/1115
f 3459/7977/1116 3460/8339/1116 3452/7978/1115
f 3457/7970/1115 3458/7969/1115 3450/7980/1114
f 3455/7973/1115 3456/7972/1115 3448/7982/1114
f 3453/7976/1115 3454/7975/1115 3446/7984/1114
f 3451/7979/1115 3452/7978/1115 3444/7986/1114
f 3449/7981/1114 3450/7980/1114 3442/7988/1113
f 3447/7983/1114 3448/7982/1114 3440/7990/1113
f 3445/7985/1114 3446/7984/1114 3438/7992/1113
f 3443/7987/1114 3444/7986/1114 3436/7994/1113
f 3433/7996/1112 3441/7989/1113 3442/7988/1113
f 3439/7991/1113 3440/7990/1113 3432/7998/1112
f 3437/7993/1113 3438/7992/1113 3430/8000/1112
f 3435/7995/1113 3436/7994/1113 3428/8002/1112
f 3433/7996/1112 3434/7997/1112 3426/8004/1111
f 3431/7999/1112 3432/7998/1112 3424/8006/1111
f 3429/8001/1112 3430/8000/1112 3422/8008/1111
f 3427/8003/1112 3428/8002/1112 3420/8010/1111
f 3425/8005/1111 3426/8004/1111 3418/8012/1110
f 3423/8007/1111 3424/8006/1111 3416/8014/1110
f 3421/8009/1111 3422/8008/1111 3414/8016/1110
f 3419/8011/1111 3420/8010/1111 3412/8018/1110
f 3417/8013/1110 3418/8012/1110 3699/8020/1109
f 3415/8015/1110 3416/8014/1110 3701/8022/1109
f 3413/8017/1110 3414/8016/1110 3703/8024/1109
f 3411/8019/1110 3412/8018/1110 3705/8026/1109
f 3700/8028/1109 3699/8340/1109 3707/8029/1108
f 3702/8031/1109 3701/8341/1109 3709/8032/1108
f 3704/8034/1109 3703/8342/1109 3711/8035/1108
f 3706/8037/1109 3705/8343/1109 3713/8038/1108
f 3708/8030/1108 3707/8029/1108 3715/8040/1107
f 3710/8033/1108 3709/8032/1108 3717/8042/1107
f 3712/8036/1108 3711/8035/1108 3719/8044/1107
f 3714/8039/1108 3713/8038/1108 3721/8046/1107
f 3716/8041/1107 3715/8040/1107 3723/8048/1106
f 3718/8043/1107 3717/8042/1107 3725/8050/1106
f 3720/8045/1107 3719/8044/1107 3727/8052/1106
f 3722/8047/1107 3721/8046/1107 3729/8054/1106
f 3732/8056/1105 3724/8049/1106 3723/8048/1106
f 3726/8051/1106 3725/8050/1106 3733/8058/1105
f 3736/8060/1105 3728/8053/1106 3727/8052/1106
f 3730/8055/1106 3729/8054/1106 3737/8062/1105
f 3732/8056/1105 3731/8057/1105 3739/8064/1104
f 3734/8059/1105 3733/8058/1105 3741/8066/1104
f 3744/8068/1104 3736/8060/1105 3735/8061/1105
f 3746/8070/1104 3738/8063/1105 3737/8062/1105
f 3740/8065/1104 3739/8064/1104 3747/8072/1103
f 3742/8067/1104 3741/8066/1104 3749/8074/1103
f 3744/8068/1104 3743/8069/1104 3751/8076/1103
f 3746/8070/1104 3745/8071/1104 3753/8078/1103
f 3748/8073/1103 3747/8072/1103 3755/8080/1102
f 3750/8075/1103 3749/8074/1103 3757/8082/1102
f 3752/8077/1103 3751/8076/1103 3759/8084/1102
f 3754/8079/1103 3753/8078/1103 3761/8086/1102
f 3756/8081/1102 3755/8080/1102 3763/8088/1101
f 3758/8083/1102 3757/8082/1102 3765/8090/1101
f 3760/8085/1102 3759/8084/1102 3767/8092/1101
f 3762/8087/1102 3761/8086/1102 3769/8094/1101
f 3764/8089/1101 3763/8088/1101 3771/8096/1100
f 3766/8091/1101 3765/8090/1101 3773/8098/1100
f 3768/8093/1101 3767/8092/1101 3775/8100/1100
f 3778/8102/1100 3770/8095/1101 3769/8094/1101
f 3772/8104/1100 3771/8344/1100 3779/8105/1099
f 3774/8107/1100 3773/8345/1100 3781/8108/1099
f 3776/8110/1100 3775/8346/1100 3783/8111/1099
f 3778/8113/1100 3777/8347/1100 3785/8114/1099
f 3788/8116/1098 3780/8106/1099 3779/8105/1099
f 3782/8109/1099 3781/8108/1099 3789/8118/1098
f 3784/8112/1099 3783/8111/1099 3791/8120/1098
f 3786/8115/1099 3785/8114/1099 3793/8122/1098
f 3788/8116/1098 3787/8117/1098 3503/7497/1122
f 3790/8119/1098 3789/8118/1098 3499/7928/1122
f 3792/8121/1098 3791/8120/1098 3495/7931/1122
f 3794/8123/1098 3793/8122/1098 3491/7934/1122
f 3523/7825/1120 3515/8191/1120 3793/8128/1120
f 3626/7822/1123 3425/7824/1123 3417/8130/1123
f 3549/8132/1120 3759/8221/1120 3751/7820/1120
f 3652/8134/1123 3660/7818/1123 3459/7817/1123
f 3591/7813/1120 3583/8225/1120 3725/8136/1120
f 3507/7895/1123 3522/7803/1123 3788/7802/1123
f 3686/8139/1123 3694/7834/1123 3497/7833/1123
f 3625/7807/1120 3617/8228/1120 3418/8141/1120
f 3651/8143/1120 3452/8231/1120 3460/7805/1120
f 3508/7879/1120 3503/7880/1120 3787/7793/1120
f 3685/8146/1120 3486/8232/1120 3498/7811/1120
f 3548/8148/1123 3556/7800/1123 3754/7799/1123
f 3590/7795/1123 3720/7797/1123 3728/8150/1123
f 3509/7863/1123 3520/7770/1123 3790/7769/1123
f 3624/7786/1123 3423/7788/1123 3415/8153/1123
f 3547/8155/1120 3761/8236/1120 3753/7784/1120
f 3658/7780/1123 3457/7782/1123 3449/8157/1123
f 3589/7777/1120 3581/8238/1120 3727/8159/1120
f 3510/7849/1120 3499/7850/1120 3789/7757/1120
f 3684/8162/1123 3692/7791/1123 3493/7790/1123
f 3623/7774/1120 3615/8240/1120 3416/8164/1120
f 3657/7771/1120 3649/8241/1120 3450/8166/1120
f 3511/7832/1123 3518/7734/1123 3792/7733/1123
f 3683/8169/1120 3484/8242/1120 3494/7766/1120
f 3546/8171/1123 3554/7762/1123 3756/7764/1123
f 3588/7761/1123 3722/7760/1123 3730/8173/1123
f 3512/7810/1120 3495/7812/1120 3791/7721/1120
f 3622/7753/1123 3421/7755/1123 3413/8176/1123
f 3545/8178/1120 3763/8246/1120 3755/8179/1120
f 3656/7747/1123 3455/7749/1123 3447/8180/1123
f 3587/7744/1120 3579/8248/1120 3729/8182/1120
f 3513/7789/1123 3516/7698/1123 3794/7697/1123
f 3682/8185/1123 3690/7741/1123 3489/7743/1123
f 3621/7738/1120 3613/8250/1120 3414/8187/1120
f 3655/7735/1120 3647/8251/1120 3448/8189/1120
f 3514/7765/1120 3491/7767/1120 3793/8128/1120
f 3681/8192/1120 3482/8252/1120 3490/8193/1120
f 3544/8194/1123 3552/7726/1123 3758/7728/1123
f 3578/8196/1123 3586/7725/1123 3724/7724/1123
f 3620/7717/1123 3419/7719/1123 3411/8198/1123
f 3543/8200/1120 3765/8256/1120 3757/8201/1120
f 3654/7711/1123 3453/7713/1123 3445/8202/1123
f 3577/8204/1120 3731/8258/1120 3723/7709/1120
f 3680/8206/1123 3688/7705/1123 3487/7707/1123
f 3611/8208/1120 3412/8260/1120 3420/8209/1120
f 3653/7699/1120 3645/8261/1120 3446/8210/1120
f 3679/8212/1120 3480/8262/1120 3488/8213/1120
f 3542/8214/1123 3550/7690/1123 3760/7692/1123
f 3576/8216/1123 3584/7689/1123 3726/7688/1123
f 3618/8131/1123 3417/8130/1123 3700/8218/1123
f 3541/8220/1120 3767/8266/1120 3759/8221/1120
f 3652/8134/1123 3451/8135/1123 3443/8222/1123
f 3575/8224/1120 3733/8268/1120 3725/8136/1120
f 3678/8226/1123 3686/8139/1123 3485/8140/1123
f 3617/8228/1120 3609/8270/1120 3699/8229/1120
f 3651/8143/1120 3643/8271/1120 3444/8230/1120
f 3677/7925/1120 3478/7926/1120 3486/8232/1120
f 3540/7923/1123 3548/8148/1123 3762/8149/1123
f 3574/7921/1123 3582/8151/1123 3728/8150/1123
f 3616/8154/1123 3415/8153/1123 3702/7920/1123
f 3539/7917/1120 3769/7918/1120 3761/8236/1120
f 3642/7915/1123 3650/8158/1123 3449/8157/1123
f 3573/7914/1120 3735/7913/1120 3727/8159/1120
f 3676/7911/1123 3684/8162/1123 3483/8163/1123
f 3615/8240/1120 3607/7910/1120 3701/7909/1120
f 3641/7907/1120 3442/7908/1120 3450/8166/1120
f 3675/7905/1120 3476/7906/1120 3484/8242/1120
f 3546/8171/1123 3764/8172/1123 3772/7903/1123
f 3572/7901/1123 3580/8174/1123 3730/8173/1123
f 3614/8177/1123 3413/8176/1123 3704/7900/1123
f 3545/8178/1120 3537/7898/1120 3771/7897/1120
f 3640/7893/1123 3648/8181/1123 3447/8180/1123
f 3571/7892/1120 3737/7891/1120 3729/8182/1120
f 3682/8185/1123 3481/8186/1123 3473/8249/1123
f 3613/8250/1120 3605/7888/1120 3703/7887/1120
f 3639/7885/1120 3440/7886/1120 3448/8189/1120
f 3681/8192/1120 3673/7883/1120 3474/7884/1120
f 3544/8194/1123 3766/8195/1123 3774/7881/1123
f 3578/8196/1123 3732/8197/1123 3740/8254/1123
f 3612/8199/1123 3411/8198/1123 3706/7875/1123
f 3543/8200/1120 3535/7874/1120 3773/7873/1120
f 3638/7871/1123 3646/8203/1123 3445/8202/1123
f 3569/7869/1120 3739/7870/1120 3731/8258/1120
f 3680/8206/1123 3479/8207/1123 3471/8259/1123
f 3611/8208/1120 3603/7866/1120 3705/7865/1120
f 3637/7861/1120 3438/7862/1120 3446/8210/1120
f 3679/8212/1120 3671/7859/1120 3472/7860/1120
f 3542/8214/1123 3768/8215/1123 3776/7857/1123
f 3568/7855/1123 3576/8216/1123 3734/8217/1123
f 3602/8265/1123 3610/8219/1123 3700/8218/1123
f 3541/8220/1120 3533/7852/1120 3775/7851/1120
f 3636/7847/1123 3644/8223/1123 3443/8222/1123
f 3567/7845/1120 3741/7846/1120 3733/8268/1120
f 3678/8226/1123 3477/8227/1123 3469/8269/1123
f 3601/7842/1120 3707/7841/1120 3699/8229/1120
f 3635/7839/1120 3436/7840/1120 3444/8230/1120
o Cylinder.011_Cylinder.016
v 0.000000 -0.011568 -2.457267
v 0.000000 -0.011568 -2.320402
v 0.016133 -0.013692 -2.457267
v 0.016133 -0.013692 -2.320402
v 0.031166 -0.019919 -2.457267
v 0.031166 -0.019919 -2.320402
v 0.044076 -0.029824 -2.457267
v 0.044076 -0.029824 -2.320402
v 0.053981 -0.042734 -2.457267
v 0.053981 -0.042734 -2.320402
v 0.060208 -0.057767 -2.457267
v 0.060208 -0.057767 -2.320402
v 0.062332 -0.073900 -2.457267
v 0.062332 -0.073900 -2.320402
v 0.060208 -0.090033 -2.457267
v 0.060208 -0.090033 -2.320402
v 0.053981 -0.105066 -2.457267
v 0.053981 -0.105066 -2.320402
v 0.044076 -0.117976 -2.457267
v 0.044076 -0.117976 -2.320402
v 0.031166 -0.127881 -2.457267
v 0.031166 -0.127881 -2.320402
v 0.016133 -0.134108 -2.457267
v 0.016133 -0.134108 -2.320402
v 0.000000 -0.136232 -2.457267
v 0.000000 -0.136232 -2.320402
v -0.016133 -0.134108 -2.457267
v -0.016133 -0.134108 -2.320402
v -0.031166 -0.127881 -2.457267
v -0.031166 -0.127881 -2.320402
v -0.044076 -0.117976 -2.457267
v -0.044076 -0.117976 -2.320402
v -0.053981 -0.105066 -2.457267
v -0.053981 -0.105066 -2.320402
v -0.060208 -0.090033 -2.457267
v -0.060208 -0.090033 -2.320402
v -0.062332 -0.073900 -2.457267
v -0.062332 -0.073900 -2.320402
v -0.060208 -0.057767 -2.457267
v -0.060208 -0.057767 -2.320402
v -0.053981 -0.042734 -2.457267
v -0.053981 -0.042734 -2.320402
v -0.044076 -0.029824 -2.457267
v -0.044076 -0.029824 -2.320402
v -0.031166 -0.019919 -2.457267
v -0.031166 -0.019919 -2.320402
v -0.016133 -0.013692 -2.457267
v -0.016133 -0.013692 -2.320402
v 0.000000 -0.038675 -2.474924
v 0.009117 -0.039875 -2.474924
v 0.017613 -0.043394 -2.474924
v 0.024908 -0.048992 -2.474924
v 0.030506 -0.056287 -2.474924
v 0.034025 -0.064783 -2.474924
v 0.035225 -0.073900 -2.474924
v 0.034025 -0.083017 -2.474924
v 0.030506 -0.091513 -2.474924
v 0.024908 -0.098808 -2.474924
v 0.017613 -0.104406 -2.474924
v 0.009117 -0.107925 -2.474924
v 0.000000 -0.109125 -2.474924
v -0.009117 -0.107925 -2.474924
v -0.017613 -0.104406 -2.474924
v -0.024908 -0.098808 -2.474924
v -0.030506 -0.091513 -2.474924
v -0.034025 -0.083017 -2.474924
v -0.035225 -0.073900 -2.474924
v -0.034025 -0.064783 -2.474924
v -0.030506 -0.056287 -2.474924
v -0.024908 -0.048992 -2.474924
v -0.017613 -0.043394 -2.474924
v -0.009117 -0.039875 -2.474924
v 0.000000 -0.028553 -2.474924
v 0.011737 -0.030098 -2.474924
v 0.022674 -0.034628 -2.474924
v 0.032065 -0.041834 -2.474924
v 0.039272 -0.051226 -2.474924
v 0.043802 -0.062163 -2.474924
v 0.045347 -0.073900 -2.474924
v 0.043802 -0.085637 -2.474924
v 0.039272 -0.096574 -2.474924
v 0.032065 -0.105965 -2.474924
v 0.022674 -0.113172 -2.474924
v 0.011737 -0.117702 -2.474924
v 0.000000 -0.119247 -2.474924
v -0.011737 -0.117702 -2.474924
v -0.022674 -0.113172 -2.474924
v -0.032065 -0.105965 -2.474924
v -0.039272 -0.096574 -2.474924
v -0.043802 -0.085637 -2.474924
v -0.045347 -0.073900 -2.474924
v -0.043802 -0.062163 -2.474924
v -0.039272 -0.051226 -2.474924
v -0.032065 -0.041834 -2.474924
v -0.022674 -0.034628 -2.474924
v -0.011737 -0.030098 -2.474924
v 0.000000 -0.038675 -2.378121
v 0.009117 -0.039875 -2.378121
v 0.017613 -0.043394 -2.378121
v 0.024908 -0.048992 -2.378121
v 0.030506 -0.056287 -2.378121
v 0.034025 -0.064783 -2.378121
v 0.035225 -0.073900 -2.378121
v 0.034025 -0.083017 -2.378121
v 0.030506 -0.091513 -2.378121
v 0.024908 -0.098808 -2.378121
v 0.017613 -0.104406 -2.378121
v 0.009117 -0.107925 -2.378121
v 0.000000 -0.109125 -2.378121
v -0.009117 -0.107925 -2.378121
v -0.017613 -0.104406 -2.378121
v -0.024908 -0.098808 -2.378121
v -0.030506 -0.091513 -2.378121
v -0.034025 -0.083017 -2.378121
v -0.035225 -0.073900 -2.378121
v -0.034025 -0.064783 -2.378121
v -0.030506 -0.056287 -2.378121
v -0.024908 -0.048992 -2.378121
v -0.017613 -0.043394 -2.378121
v -0.009117 -0.039875 -2.378121
vt 0.933099 0.812295
vt 0.939372 0.866917
vt 0.933099 0.866917
vt 0.939372 0.812295
vt 0.944996 0.866917
vt 0.944996 0.812295
vt 0.949588 0.866917
vt 0.949107 0.661089
vt 0.944515 0.606467
vt 0.949107 0.606467
vt 0.944515 0.661089
vt 0.938891 0.606467
vt 0.938891 0.661089
vt 0.932618 0.606467
vt 0.932618 0.661089
vt 0.926124 0.606467
vt 0.926124 0.661089
vt 0.919851 0.606467
vt 0.919851 0.661089
vt 0.914227 0.606467
vt 0.949588 0.745943
vt 0.943964 0.691321
vt 0.949588 0.691321
vt 0.943964 0.745943
vt 0.937691 0.691321
vt 0.937691 0.745943
vt 0.931197 0.691321
vt 0.924924 0.745943
vt 0.924924 0.691321
vt 0.919300 0.691321
vt 0.919300 0.745943
vt 0.914708 0.691321
vt 0.914708 0.748285
vt 0.920332 0.802906
vt 0.914708 0.802906
vt 0.920332 0.748285
vt 0.926605 0.802906
vt 0.926605 0.748285
vt 0.933099 0.802906
vt 0.933099 0.748285
vt 0.939372 0.802906
vt 0.939372 0.748285
vt 0.944996 0.802906
vt 0.944996 0.748285
vt 0.949588 0.802906
vt 0.914708 0.812295
vt 0.920332 0.866917
vt 0.914708 0.866917
vt 0.387493 0.921444
vt 0.353310 0.895214
vt 0.393117 0.878726
vt 0.920332 0.812295
vt 0.926605 0.866917
vt 0.926605 0.812295
vt 0.860728 0.929053
vt 0.862225 0.920429
vt 0.866352 0.925806
vt 0.534732 0.951016
vt 0.531554 0.989649
vt 0.531554 0.951016
vt 0.831472 0.921214
vt 0.840191 0.920429
vt 0.836064 0.925806
vt 0.828225 0.896551
vt 0.836850 0.895053
vt 0.834488 0.899145
vt 0.936778 0.809953
vt 0.932214 0.809953
vt 0.932214 0.873963
vt 0.927490 0.873963
vt 0.874191 0.915590
vt 0.865566 0.917088
vt 0.867928 0.912996
vt 0.931733 0.599420
vt 0.932082 0.684274
vt 0.936806 0.684274
vt 0.922926 0.809953
vt 0.874191 0.896551
vt 0.865566 0.895053
vt 0.870944 0.890927
vt 0.853570 0.924014
vt 0.858133 0.922791
vt 0.828225 0.915590
vt 0.836850 0.917088
vt 0.831472 0.890927
vt 0.840191 0.891713
vt 0.860728 0.883088
vt 0.862225 0.891713
vt 0.858134 0.889351
vt 0.870943 0.921214
vt 0.927009 0.599420
vt 0.927490 0.809953
vt 0.922926 0.873963
vt 0.936297 0.599420
vt 0.941370 0.684274
vt 0.841688 0.883088
vt 0.836064 0.886335
vt 0.866352 0.886335
vt 0.864196 0.911451
vt 0.869151 0.908433
vt 0.862361 0.914629
vt 0.859766 0.917224
vt 0.856588 0.919059
vt 0.853043 0.920009
vt 0.849373 0.920009
vt 0.848846 0.924014
vt 0.844282 0.922791
vt 0.845828 0.919059
vt 0.842650 0.917224
vt 0.840055 0.914629
vt 0.838220 0.911451
vt 0.834488 0.912996
vt 0.833265 0.908433
vt 0.837270 0.907906
vt 0.837270 0.904236
vt 0.833265 0.903708
vt 0.838220 0.900691
vt 0.840055 0.897513
vt 0.842650 0.894918
vt 0.844282 0.889351
vt 0.845828 0.893083
vt 0.849373 0.892133
vt 0.848846 0.888128
vt 0.853043 0.892133
vt 0.853570 0.888128
vt 0.856588 0.893083
vt 0.859766 0.894918
vt 0.862361 0.897513
vt 0.867928 0.899145
vt 0.864196 0.900691
vt 0.865146 0.904236
vt 0.869151 0.903708
vt 0.865146 0.907906
vt 0.860331 0.122380
vt 0.849178 0.130938
vt 0.834355 0.111620
vt 0.921431 0.954999
vt 0.917886 0.993633
vt 0.917886 0.954999
vt 0.928646 0.954999
vt 0.925101 0.993633
vt 0.925101 0.954999
vt 0.126028 0.992645
vt 0.128623 0.954012
vt 0.128623 0.992645
vt 0.358156 0.787571
vt 0.360751 0.748938
vt 0.360751 0.787571
vt 0.921431 0.993633
vt 0.931824 0.954999
vt 0.928646 0.993633
vt 0.122850 0.992645
vt 0.126028 0.954012
vt 0.354977 0.787571
vt 0.358156 0.748938
vt 0.934419 0.954999
vt 0.931824 0.993633
vt 0.119305 0.992645
vt 0.122850 0.954012
vt 0.351433 0.787571
vt 0.354977 0.748938
vt 0.520794 0.951016
vt 0.517616 0.989649
vt 0.517616 0.951016
vt 0.115635 0.992645
vt 0.119305 0.954012
vt 0.347763 0.787571
vt 0.351433 0.748938
vt 0.524339 0.951016
vt 0.520794 0.989649
vt 0.112090 0.992645
vt 0.115635 0.954012
vt 0.344218 0.787571
vt 0.347763 0.748938
vt 0.528009 0.951016
vt 0.524339 0.989649
vt 0.108912 0.992645
vt 0.112090 0.954012
vt 0.341040 0.787571
vt 0.344218 0.748938
vt 0.528009 0.989649
vt 0.914708 0.993633
vt 0.914708 0.954999
vt 0.338445 0.748938
vt 0.341040 0.748938
vt 0.949588 0.812295
vt 0.914227 0.661089
vt 0.931197 0.745943
vt 0.914708 0.745943
vt 0.949588 0.748285
vt 0.397709 0.883318
vt 0.400956 0.888942
vt 0.402637 0.895214
vt 0.402637 0.901708
vt 0.400956 0.907981
vt 0.397709 0.913605
vt 0.393117 0.918197
vt 0.381221 0.923125
vt 0.374727 0.923125
vt 0.368454 0.921444
vt 0.362830 0.918197
vt 0.358238 0.913605
vt 0.354991 0.907981
vt 0.353310 0.901708
vt 0.354991 0.888942
vt 0.358238 0.883318
vt 0.362830 0.878726
vt 0.368454 0.875479
vt 0.374727 0.873798
vt 0.381221 0.873798
vt 0.387493 0.875479
vt 0.534732 0.989649
vt 0.854455 0.930734
vt 0.922445 0.599420
vt 0.936778 0.873963
vt 0.927518 0.684274
vt 0.845508 0.130938
vt 0.841963 0.129988
vt 0.838785 0.128153
vt 0.836190 0.125558
vt 0.834355 0.122380
vt 0.833405 0.118835
vt 0.833405 0.115165
vt 0.836190 0.108442
vt 0.838785 0.105847
vt 0.841963 0.104012
vt 0.845508 0.103062
vt 0.849178 0.103062
vt 0.852723 0.104012
vt 0.855901 0.105847
vt 0.858496 0.108442
vt 0.860331 0.111620
vt 0.861281 0.115165
vt 0.861281 0.118835
vt 0.858496 0.125558
vt 0.855901 0.128153
vt 0.852723 0.129988
vt 0.934419 0.993633
vt 0.108912 0.954012
vt 0.338445 0.787571
vn -0.0000 1.0000 0.0000
vn 0.2588 0.9659 0.0000
vn 0.5000 0.8660 0.0000
vn 0.7071 0.7071 0.0000
vn 0.8660 0.5000 0.0000
vn 0.9659 0.2588 0.0000
vn 1.0000 0.0000 -0.0000
vn 0.9659 -0.2588 -0.0000
vn 0.8660 -0.5000 -0.0000
vn 0.7071 -0.7071 -0.0000
vn 0.5000 -0.8660 -0.0000
vn 0.2588 -0.9659 0.0000
vn 0.0000 -1.0000 -0.0000
vn -0.2588 -0.9659 -0.0000
vn -0.5000 -0.8660 0.0000
vn -0.7071 -0.7071 -0.0000
vn -0.8660 -0.5000 -0.0000
vn -0.9659 -0.2588 -0.0000
vn -1.0000 -0.0000 0.0000
vn -0.9659 0.2588 0.0000
vn -0.8660 0.5000 0.0000
vn -0.7071 0.7071 0.0000
vn -0.5000 0.8660 0.0000
vn -0.0000 0.0000 1.0000
vn -0.2588 0.9659 0.0000
vn 0.6241 0.3603 -0.6933
vn 0.5096 0.5096 -0.6933
vn 0.5096 -0.5096 -0.6933
vn 0.6241 -0.3603 -0.6933
vn 0.6241 -0.3603 -0.6932
vn -0.1865 -0.6961 -0.6933
vn -0.3603 -0.6241 -0.6933
vn -0.7207 0.0000 -0.6933
vn -0.6961 0.1865 -0.6933
vn -0.1865 0.6961 -0.6933
vn -0.0000 0.7207 -0.6933
vn 0.1865 0.6961 -0.6933
vn 0.3603 0.6241 -0.6933
vn 0.6961 -0.1865 -0.6933
vn 0.7207 -0.0000 -0.6933
vn 0.7207 0.0000 -0.6932
vn 0.1865 -0.6961 -0.6933
vn -0.0000 -0.7207 -0.6933
vn -0.6961 -0.1865 -0.6933
vn -0.6241 -0.3603 -0.6933
vn -0.3603 0.6241 -0.6933
vn -0.5096 0.5096 -0.6933
vn 0.6961 0.1865 -0.6933
vn 0.3604 -0.6241 -0.6933
vn -0.3604 -0.6241 -0.6933
vn -0.5096 -0.5096 -0.6933
vn -0.6241 0.3603 -0.6933
vn 0.3603 -0.6241 -0.6933
vn -0.5096 -0.5096 -0.6932
vn -0.6241 0.3603 -0.6932
vn -0.0000 0.0000 -1.0000
vn -0.0001 0.0000 1.0000
vn 0.0002 0.0000 -1.0000
vn -0.0002 0.0000 -1.0000
vn 0.0001 0.0000 -1.0000
vn -0.0001 0.0000 -1.0000
usemtl Metal.001
s 1
f 3796/8348/1124 3797/8349/1125 3795/8350/1124
f 3798/8351/1125 3799/8352/1126 3797/8349/1125
f 3800/8353/1126 3801/8354/1127 3799/8352/1126
f 3802/8355/1127 3803/8356/1128 3801/8357/1127
f 3804/8358/1128 3805/8359/1129 3803/8356/1128
f 3806/8360/1129 3807/8361/1130 3805/8359/1129
f 3808/8362/1130 3809/8363/1131 3807/8361/1130
f 3810/8364/1131 3811/8365/1132 3809/8363/1131
f 3812/8366/1132 3813/8367/1133 3811/8365/1132
f 3814/8368/1133 3815/8369/1134 3813/8370/1133
f 3816/8371/1134 3817/8372/1135 3815/8369/1134
f 3818/8373/1135 3819/8374/1136 3817/8372/1135
f 3819/8374/1136 3822/8375/1137 3821/8376/1137
f 3822/8375/1137 3823/8377/1138 3821/8376/1137
f 3824/8378/1138 3825/8379/1139 3823/8377/1138
f 3826/8380/1139 3827/8381/1140 3825/8382/1139
f 3828/8383/1140 3829/8384/1141 3827/8381/1140
f 3830/8385/1141 3831/8386/1142 3829/8384/1141
f 3832/8387/1142 3833/8388/1143 3831/8386/1142
f 3834/8389/1143 3835/8390/1144 3833/8388/1143
f 3836/8391/1144 3837/8392/1145 3835/8390/1144
f 3838/8393/1145 3839/8394/1146 3837/8395/1145
f 3832/8396/1147 3816/8397/1147 3800/8398/1147
f 3840/8399/1146 3841/8400/1148 3839/8394/1146
f 3842/8401/1148 3795/8350/1124 3841/8400/1148
f 3803/8402/1149 3870/8403/1150 3801/8404/1150
f 3851/8405/1144 3898/8406/1143 3850/8407/1143
f 3813/8408/1151 3875/8409/1152 3811/8410/1153
f 3821/8411/1154 3881/8412/1155 3880/8413/1154
f 3831/8386/1156 3886/8414/1157 3885/8415/1156
f 3841/8400/1158 3867/8416/1159 3890/8417/1158
f 3797/8418/1160 3869/8419/1161 3868/8420/1160
f 3809/8363/1162 3873/8421/1163 3807/8361/1164
f 3817/8372/1165 3879/8422/1166 3878/8423/1165
f 3829/8384/1167 3883/8424/1168 3827/8381/1168
f 3839/8425/1169 3888/8426/1170 3837/8427/1170
f 3803/8402/1149 3872/8428/1171 3871/8429/1149
f 3815/8430/1172 3876/8431/1151 3813/8408/1151
f 3823/8432/1173 3882/8433/1174 3881/8412/1155
f 3833/8434/1157 3887/8435/1175 3886/8436/1157
f 3799/8437/1161 3870/8403/1150 3869/8419/1161
f 3811/8365/1153 3874/8438/1162 3809/8363/1162
f 3797/8349/1160 3867/8416/1159 3795/8350/1159
f 3821/8376/1154 3879/8422/1166 3819/8374/1166
f 3831/8386/1156 3884/8439/1167 3829/8384/1167
f 3841/8400/1158 3889/8440/1169 3839/8394/1169
f 3807/8361/1164 3872/8441/1171 3805/8359/1171
f 3817/8372/1165 3877/8442/1176 3815/8369/1172
f 3827/8443/1168 3882/8433/1174 3825/8444/1177
f 3837/8427/1170 3887/8435/1175 3835/8445/1178
f 3844/8446/1179 3867/8447/1179 3868/8420/1179
f 3844/8446/1179 3869/8419/1179 3845/8448/1179
f 3846/8449/1179 3869/8419/1179 3870/8403/1179
f 3847/8450/1179 3870/8403/1179 3871/8429/1179
f 3847/8450/1179 3872/8428/1179 3848/8451/1179
f 3849/8452/1179 3872/8428/1179 3873/8453/1179
f 3849/8452/1179 3874/8454/1179 3850/8455/1179
f 3851/8456/1179 3874/8454/1179 3875/8409/1179
f 3851/8456/1179 3876/8431/1179 3852/8457/1179
f 3853/8458/1179 3876/8431/1179 3877/8459/1179
f 3853/8458/1179 3878/8460/1179 3854/8461/1179
f 3855/8462/1179 3878/8460/1179 3879/8463/1179
f 3855/8462/1179 3880/8413/1179 3856/8464/1179
f 3856/8464/1179 3881/8412/1179 3857/8465/1179
f 3858/8466/1179 3881/8412/1179 3882/8433/1179
f 3858/8466/1179 3883/8467/1179 3859/8468/1179
f 3860/8469/1179 3883/8467/1179 3884/8470/1179
f 3861/8471/1179 3884/8470/1179 3885/8472/1179
f 3861/8471/1179 3886/8436/1179 3862/8473/1179
f 3862/8473/1179 3887/8435/1179 3863/8474/1179
f 3864/8475/1179 3887/8435/1179 3888/8426/1179
f 3864/8475/1179 3889/8476/1179 3865/8477/1179
f 3866/8478/1179 3889/8476/1179 3890/8479/1179
f 3843/8480/1179 3890/8479/1179 3867/8447/1179
f 3910/8481/1179 3914/8482/1179 3898/8483/1179
f 3866/8484/1135 3913/8485/1134 3865/8486/1134
f 3844/8487/1137 3891/8488/1136 3843/8489/1136
f 3859/8490/1128 3906/8491/1127 3858/8492/1127
f 3852/8493/1145 3899/8494/1144 3851/8495/1144
f 3843/8489/1136 3914/8496/1135 3866/8484/1135
f 3845/8497/1138 3892/8498/1137 3844/8487/1137
f 3860/8499/1129 3907/8500/1128 3859/8490/1128
f 3853/8501/1146 3900/8502/1145 3852/8493/1145
f 3846/8503/1139 3893/8504/1138 3845/8497/1138
f 3861/8505/1130 3908/8506/1129 3860/8499/1129
f 3854/8507/1148 3901/8508/1146 3853/8501/1146
f 3847/8509/1140 3894/8510/1139 3846/8511/1139
f 3862/8512/1131 3909/8513/1130 3861/8505/1130
f 3855/8514/1124 3902/8515/1148 3854/8507/1148
f 3848/8516/1141 3895/8517/1140 3847/8509/1140
f 3863/8518/1132 3910/8519/1131 3862/8512/1131
f 3856/8520/1125 3903/8521/1124 3855/8514/1124
f 3849/8522/1142 3896/8523/1141 3848/8516/1141
f 3864/8524/1133 3911/8525/1132 3863/8518/1132
f 3857/8526/1126 3904/8527/1125 3856/8520/1125
f 3850/8407/1143 3897/8528/1142 3849/8522/1142
f 3865/8486/1134 3912/8529/1133 3864/8530/1133
f 3857/8526/1126 3906/8531/1127 3905/8532/1126
f 3796/8348/1124 3798/8351/1125 3797/8349/1125
f 3798/8351/1125 3800/8353/1126 3799/8352/1126
f 3800/8353/1126 3802/8533/1127 3801/8354/1127
f 3802/8355/1127 3804/8358/1128 3803/8356/1128
f 3804/8358/1128 3806/8360/1129 3805/8359/1129
f 3806/8360/1129 3808/8362/1130 3807/8361/1130
f 3808/8362/1130 3810/8364/1131 3809/8363/1131
f 3810/8364/1131 3812/8366/1132 3811/8365/1132
f 3812/8366/1132 3814/8534/1133 3813/8367/1133
f 3814/8368/1133 3816/8371/1134 3815/8369/1134
f 3816/8371/1134 3818/8373/1135 3817/8372/1135
f 3818/8373/1135 3820/8535/1136 3819/8374/1136
f 3819/8374/1136 3820/8535/1136 3822/8375/1137
f 3822/8375/1137 3824/8378/1138 3823/8377/1138
f 3824/8378/1138 3826/8536/1139 3825/8379/1139
f 3826/8380/1139 3828/8383/1140 3827/8381/1140
f 3828/8383/1140 3830/8385/1141 3829/8384/1141
f 3830/8385/1141 3832/8387/1142 3831/8386/1142
f 3832/8387/1142 3834/8389/1143 3833/8388/1143
f 3834/8389/1143 3836/8391/1144 3835/8390/1144
f 3836/8391/1144 3838/8537/1145 3837/8392/1145
f 3838/8393/1145 3840/8399/1146 3839/8394/1146
f 3800/8398/1147 3798/8538/1147 3796/8539/1147
f 3796/8539/1147 3842/8540/1147 3800/8398/1147
f 3842/8540/1147 3840/8541/1147 3800/8398/1147
f 3840/8541/1147 3838/8542/1147 3836/8543/1147
f 3836/8543/1147 3834/8544/1147 3832/8396/1147
f 3832/8396/1147 3830/8545/1180 3828/8546/1147
f 3828/8546/1147 3826/8547/1147 3824/8548/1147
f 3824/8548/1147 3822/8549/1147 3820/8550/1147
f 3820/8550/1147 3818/8551/1147 3816/8397/1147
f 3816/8397/1147 3814/8552/1147 3812/8553/1147
f 3812/8553/1147 3810/8554/1147 3816/8397/1147
f 3810/8554/1147 3808/8555/1147 3816/8397/1147
f 3808/8555/1147 3806/8556/1147 3800/8398/1147
f 3806/8556/1147 3804/8557/1147 3800/8398/1147
f 3804/8557/1147 3802/8558/1147 3800/8398/1147
f 3840/8541/1147 3836/8543/1147 3800/8398/1147
f 3836/8543/1147 3832/8396/1147 3800/8398/1147
f 3832/8396/1147 3828/8546/1147 3816/8397/1147
f 3828/8546/1147 3824/8548/1147 3816/8397/1147
f 3824/8548/1147 3820/8550/1147 3816/8397/1147
f 3816/8397/1147 3808/8555/1147 3800/8398/1147
f 3840/8399/1146 3842/8401/1148 3841/8400/1148
f 3842/8401/1148 3796/8348/1124 3795/8350/1124
f 3803/8402/1149 3871/8429/1149 3870/8403/1150
f 3851/8405/1144 3899/8559/1144 3898/8406/1143
f 3813/8408/1151 3876/8431/1151 3875/8409/1152
f 3821/8411/1154 3823/8432/1173 3881/8412/1155
f 3831/8386/1156 3833/8388/1157 3886/8414/1157
f 3841/8400/1158 3795/8350/1159 3867/8416/1159
f 3797/8418/1160 3799/8437/1161 3869/8419/1161
f 3809/8363/1162 3874/8438/1162 3873/8421/1163
f 3817/8372/1165 3819/8374/1166 3879/8422/1166
f 3829/8384/1167 3884/8439/1167 3883/8424/1168
f 3839/8425/1169 3889/8476/1169 3888/8426/1170
f 3803/8402/1149 3805/8560/1171 3872/8428/1171
f 3815/8430/1172 3877/8459/1176 3876/8431/1151
f 3823/8432/1173 3825/8444/1177 3882/8433/1174
f 3833/8434/1157 3835/8445/1178 3887/8435/1175
f 3799/8437/1161 3801/8404/1150 3870/8403/1150
f 3811/8365/1153 3875/8561/1152 3874/8438/1162
f 3797/8349/1160 3868/8562/1160 3867/8416/1159
f 3821/8376/1154 3880/8563/1154 3879/8422/1166
f 3831/8386/1156 3885/8415/1156 3884/8439/1167
f 3841/8400/1158 3890/8417/1158 3889/8440/1169
f 3807/8361/1164 3873/8421/1163 3872/8441/1171
f 3817/8372/1165 3878/8423/1165 3877/8442/1176
f 3827/8443/1168 3883/8467/1168 3882/8433/1174
f 3837/8427/1170 3888/8426/1170 3887/8435/1175
f 3844/8446/1179 3843/8480/1179 3867/8447/1179
f 3844/8446/1179 3868/8420/1179 3869/8419/1179
f 3846/8449/1179 3845/8448/1179 3869/8419/1179
f 3847/8450/1179 3846/8449/1179 3870/8403/1179
f 3847/8450/1179 3871/8429/1179 3872/8428/1179
f 3849/8452/1179 3848/8451/1179 3872/8428/1179
f 3849/8452/1179 3873/8453/1179 3874/8454/1179
f 3851/8456/1179 3850/8455/1179 3874/8454/1179
f 3851/8456/1179 3875/8409/1179 3876/8431/1179
f 3853/8458/1179 3852/8457/1179 3876/8431/1179
f 3853/8458/1179 3877/8459/1179 3878/8460/1179
f 3855/8462/1179 3854/8461/1179 3878/8460/1179
f 3855/8462/1179 3879/8463/1179 3880/8413/1179
f 3856/8464/1179 3880/8413/1179 3881/8412/1179
f 3858/8466/1179 3857/8465/1179 3881/8412/1179
f 3858/8466/1179 3882/8433/1179 3883/8467/1179
f 3860/8469/1179 3859/8468/1179 3883/8467/1179
f 3861/8471/1179 3860/8469/1179 3884/8470/1179
f 3861/8471/1179 3885/8472/1179 3886/8436/1179
f 3862/8473/1179 3886/8436/1179 3887/8435/1179
f 3864/8475/1179 3863/8474/1179 3887/8435/1179
f 3864/8475/1179 3888/8426/1179 3889/8476/1179
f 3866/8478/1179 3865/8477/1179 3889/8476/1179
f 3843/8480/1179 3866/8478/1179 3890/8479/1179
f 3914/8482/1179 3891/8564/1179 3892/8565/1179
f 3892/8565/1179 3893/8566/1179 3914/8482/1179
f 3893/8566/1179 3894/8567/1179 3914/8482/1179
f 3894/8567/1179 3895/8568/1179 3896/8569/1179
f 3896/8569/1179 3897/8570/1181 3898/8483/1179
f 3898/8483/1179 3899/8571/1182 3900/8572/1179
f 3900/8572/1179 3901/8573/1179 3902/8574/1179
f 3902/8574/1179 3903/8575/1179 3904/8576/1179
f 3904/8576/1179 3905/8577/1179 3906/8578/1179
f 3906/8578/1179 3907/8579/1179 3910/8481/1179
f 3907/8579/1179 3908/8580/1183 3910/8481/1179
f 3908/8580/1183 3909/8581/1179 3910/8481/1179
f 3910/8481/1179 3911/8582/1179 3914/8482/1179
f 3911/8582/1179 3912/8583/1179 3914/8482/1179
f 3912/8583/1179 3913/8584/1184 3914/8482/1179
f 3894/8567/1179 3896/8569/1179 3914/8482/1179
f 3896/8569/1179 3898/8483/1179 3914/8482/1179
f 3898/8483/1179 3900/8572/1179 3902/8574/1179
f 3902/8574/1179 3904/8576/1179 3898/8483/1179
f 3904/8576/1179 3906/8578/1179 3898/8483/1179
f 3906/8578/1179 3910/8481/1179 3898/8483/1179
f 3866/8484/1135 3914/8496/1135 3913/8485/1134
f 3844/8487/1137 3892/8498/1137 3891/8488/1136
f 3859/8490/1128 3907/8500/1128 3906/8491/1127
f 3852/8493/1145 3900/8502/1145 3899/8494/1144
f 3843/8489/1136 3891/8488/1136 3914/8496/1135
f 3845/8497/1138 3893/8504/1138 3892/8498/1137
f 3860/8499/1129 3908/8506/1129 3907/8500/1128
f 3853/8501/1146 3901/8508/1146 3900/8502/1145
f 3846/8503/1139 3894/8585/1139 3893/8504/1138
f 3861/8505/1130 3909/8513/1130 3908/8506/1129
f 3854/8507/1148 3902/8515/1148 3901/8508/1146
f 3847/8509/1140 3895/8517/1140 3894/8510/1139
f 3862/8512/1131 3910/8519/1131 3909/8513/1130
f 3855/8514/1124 3903/8521/1124 3902/8515/1148
f 3848/8516/1141 3896/8523/1141 3895/8517/1140
f 3863/8518/1132 3911/8525/1132 3910/8519/1131
f 3856/8520/1125 3904/8527/1125 3903/8521/1124
f 3849/8522/1142 3897/8528/1142 3896/8523/1141
f 3864/8524/1133 3912/8586/1133 3911/8525/1132
f 3857/8526/1126 3905/8532/1126 3904/8527/1125
f 3850/8407/1143 3898/8406/1143 3897/8528/1142
f 3865/8486/1134 3913/8485/1134 3912/8529/1133
f 3857/8526/1126 3858/8587/1127 3906/8531/1127
o Cube.040_Cube.045
v -0.019446 -0.330416 -0.882817
v -0.019446 -0.330416 -2.273562
v 0.019446 -0.330416 -2.273562
v 0.019446 -0.330416 -0.882817
v -0.038234 -0.250622 -2.373719
v -0.038234 -0.250622 -0.828661
v 0.038234 -0.250622 -2.373719
v 0.038234 -0.250622 -0.828661
v -0.019446 -0.330416 -0.968432
v -0.028727 -0.291001 -1.002051
v -0.019446 -0.330416 -1.514295
v -0.028238 -0.293077 -1.458908
v 0.019446 -0.330416 -0.968432
v 0.019446 -0.330416 -1.514295
v 0.028727 -0.291001 -1.002051
v 0.028238 -0.293077 -1.458908
v -0.028238 -0.293077 -1.677992
v -0.027749 -0.295154 -2.139002
v -0.019446 -0.330416 -1.650270
v -0.019446 -0.330416 -2.178015
v 0.019446 -0.330416 -1.650270
v 0.019446 -0.330416 -2.178015
v 0.028238 -0.293077 -1.677992
v 0.027749 -0.295154 -2.139002
vt 0.748828 0.207722
vt 0.735929 0.458912
vt 0.735929 0.394118
vt 0.775397 0.664673
vt 0.762497 0.478277
vt 0.762497 0.413483
vt 0.819719 0.648613
vt 0.802660 0.664672
vt 0.808217 0.648613
vt 0.808217 0.237301
vt 0.819719 0.265558
vt 0.808217 0.265558
vt 0.808217 0.461854
vt 0.819719 0.421639
vt 0.819719 0.461854
vt 0.819719 0.623292
vt 0.777721 0.664673
vt 0.800336 0.207722
vt 0.800336 0.664673
vt 0.825276 0.207722
vt 0.819719 0.237301
vt 0.805472 0.613371
vt 0.808217 0.623292
vt 0.822319 0.478254
vt 0.805617 0.478254
vt 0.822174 0.277116
vt 0.805617 0.413460
vt 0.805761 0.277116
vt 0.808217 0.421639
vt 0.736560 0.259002
vt 0.724584 0.249059
vt 0.724584 0.223738
vt 0.748828 0.664673
vt 0.724584 0.635052
vt 0.735298 0.595255
vt 0.724584 0.606794
vt 0.724584 0.450713
vt 0.724584 0.410498
vt 0.761866 0.277140
vt 0.751152 0.265601
vt 0.751152 0.237343
vt 0.751152 0.648656
vt 0.763128 0.613393
vt 0.751152 0.623336
vt 0.775397 0.207722
vt 0.751152 0.461897
vt 0.751152 0.421682
vt 0.825276 0.664672
vt 0.777721 0.207722
vt 0.802660 0.207722
vt 0.822464 0.613371
vt 0.822319 0.413460
vn -0.9734 -0.2292 0.0000
vn 0.9734 -0.2292 0.0000
vn 0.0000 -0.5616 0.8274
vn 0.0000 -1.0000 0.0000
vn 0.0000 1.0000 0.0000
vn 0.0000 -0.7821 -0.6231
vn 0.0000 -0.6489 -0.7608
vn 0.0000 -1.0000 0.0045
vn 0.0000 -0.8292 0.5590
vn 0.0000 -0.7419 0.6705
vn 0.0000 -0.5961 -0.8029
usemtl Paint.001
s 1
f 3920/8588/1185 3931/8589/1185 3926/8590/1185
f 3922/8591/1186 3930/8592/1186 3937/8593/1186
f 3918/8594/1187 3920/8595/1187 3915/8596/1187
f 3916/8597/1188 3936/8598/1188 3934/8599/1188
f 3925/8600/1188 3935/8601/1188 3928/8602/1188
f 3915/8596/1188 3927/8603/1188 3918/8594/1188
f 3922/8604/1189 3919/8605/1189 3920/8606/1189
f 3916/8597/1190 3921/8607/1190 3917/8608/1190
f 3924/8609/1191 3927/8603/1191 3923/8610/1191
f 3930/8611/1192 3924/8609/1192 3926/8612/1192
f 3930/8611/1193 3925/8600/1193 3928/8602/1193
f 3938/8613/1192 3931/8614/1192 3932/8615/1192
f 3938/8613/1194 3934/8599/1194 3936/8598/1194
f 3931/8614/1195 3935/8601/1195 3933/8616/1195
f 3924/8617/1185 3923/8618/1185 3915/8619/1185
f 3919/8620/1185 3916/8621/1185 3932/8622/1185
f 3916/8621/1185 3934/8623/1185 3932/8622/1185
f 3924/8617/1185 3915/8619/1185 3920/8588/1185
f 3933/8624/1185 3925/8625/1185 3931/8589/1185
f 3925/8625/1185 3926/8590/1185 3931/8589/1185
f 3926/8590/1185 3924/8617/1185 3920/8588/1185
f 3920/8588/1185 3919/8620/1185 3931/8589/1185
f 3919/8620/1185 3932/8622/1185 3931/8589/1185
f 3938/8626/1186 3936/8627/1186 3917/8628/1186
f 3922/8591/1186 3918/8629/1186 3929/8630/1186
f 3918/8629/1186 3927/8631/1186 3929/8630/1186
f 3938/8626/1186 3917/8628/1186 3921/8632/1186
f 3928/8633/1186 3935/8634/1186 3937/8593/1186
f 3937/8593/1186 3938/8626/1186 3921/8632/1186
f 3921/8632/1186 3922/8591/1186 3937/8593/1186
f 3922/8591/1186 3929/8630/1186 3930/8592/1186
f 3930/8592/1186 3928/8633/1186 3937/8593/1186
f 3918/8594/1187 3922/8635/1187 3920/8595/1187
f 3916/8597/1188 3917/8608/1188 3936/8598/1188
f 3925/8600/1188 3933/8616/1188 3935/8601/1188
f 3915/8596/1188 3923/8610/1188 3927/8603/1188
f 3922/8604/1189 3921/8636/1189 3919/8605/1189
f 3916/8597/1190 3919/8637/1190 3921/8607/1190
f 3924/8609/1191 3929/8638/1191 3927/8603/1191
f 3930/8611/1192 3929/8638/1192 3924/8609/1192
f 3930/8611/1193 3926/8612/1193 3925/8600/1193
f 3938/8613/1192 3937/8639/1192 3931/8614/1192
f 3938/8613/1194 3932/8615/1194 3934/8599/1194
f 3931/8614/1195 3937/8639/1195 3935/8601/1195
o Cube.039_Cube.044
v -0.023111 0.072660 -2.095936
v -0.023111 0.072660 -2.249081
v -0.008362 0.136518 -2.249081
v -0.008362 0.136518 -2.185214
v 0.023111 0.072660 -2.095936
v -0.020060 0.105323 -2.108298
v 0.023111 0.072660 -2.249081
v -0.023111 0.097185 -2.105872
v -0.013904 0.121738 -2.183912
v 0.008362 0.136518 -2.249081
v 0.008362 0.136518 -2.185214
v 0.020060 0.105323 -2.108298
v 0.023111 0.097185 -2.105872
v 0.013904 0.121738 -2.183912
v 0.023111 0.097185 -2.249081
v 0.020060 0.105323 -2.165987
v -0.023111 0.097185 -2.249081
v -0.020060 0.105323 -2.165987
vt 0.930628 0.681921
vt 0.938613 0.668366
vt 0.938613 0.679464
vt 0.730158 0.738617
vt 0.730158 0.720169
vt 0.740584 0.720169
vt 0.823576 0.105486
vt 0.830250 0.130975
vt 0.823576 0.130975
vt 0.974726 0.068954
vt 0.956279 0.007836
vt 0.974726 0.007836
vt 0.254507 0.956711
vt 0.261181 0.956711
vt 0.267068 0.972409
vt 0.125408 0.894516
vt 0.135038 0.951670
vt 0.125408 0.951670
vt 0.115110 0.925661
vt 0.121995 0.918508
vt 0.944478 0.677252
vt 0.944478 0.670578
vt 0.280809 0.952587
vt 0.284222 0.919425
vt 0.291107 0.926579
vt 0.280809 0.895434
vt 0.271179 0.952587
vt 0.271179 0.891468
vt 0.982871 0.408752
vt 0.966860 0.431775
vt 0.966860 0.408752
vt 0.930628 0.665909
vt 0.743966 0.721387
vt 0.743966 0.737399
vt 0.740584 0.738617
vt 0.830250 0.105486
vt 0.956279 0.068954
vt 0.267068 0.982196
vt 0.248621 0.982196
vt 0.248621 0.972409
vt 0.135038 0.890551
vt 0.108912 0.951670
vt 0.108912 0.926181
vt 0.121995 0.895484
vt 0.297305 0.927098
vt 0.297305 0.952587
vt 0.284222 0.896402
vt 0.982871 0.431775
vn 0.0000 0.7375 0.6754
vn 0.0000 0.3755 0.9268
vn 0.0000 0.3365 0.9417
vn 0.0000 1.0000 0.0000
vn 0.0000 -1.0000 0.0000
vn 0.0000 0.0000 -1.0000
vn 1.0000 0.0000 0.0000
vn 0.9363 0.3511 0.0000
vn 0.0000 0.0877 0.9961
vn -0.9363 0.3511 0.0000
vn -1.0000 0.0000 0.0000
vn 0.0000 0.2856 0.9583
usemtl Metal.001
s 1
f 3956/8640/1196 3952/8641/1196 3947/8642/1196
f 3939/8643/1197 3943/8644/1197 3951/8645/1198
f 3948/8646/1199 3942/8647/1199 3949/8648/1199
f 3943/8649/1200 3940/8650/1200 3945/8651/1200
f 3941/8652/1201 3948/8653/1201 3953/8654/1201
f 3951/8655/1202 3945/8656/1202 3953/8657/1202
f 3953/8657/1203 3952/8658/1203 3954/8659/1203
f 3942/8660/1204 3952/8641/1204 3949/8661/1204
f 3955/8662/1205 3956/8663/1205 3947/8664/1205
f 3946/8665/1206 3940/8666/1206 3939/8667/1206
f 3956/8668/1199 3950/8669/1199 3954/8670/1199
f 3956/8640/1196 3954/8671/1196 3952/8641/1196
f 3951/8645/1198 3950/8672/1207 3944/8673/1207
f 3944/8673/1207 3946/8674/1198 3951/8645/1198
f 3946/8674/1198 3939/8643/1197 3951/8645/1198
f 3948/8646/1199 3941/8675/1199 3942/8647/1199
f 3943/8649/1200 3939/8676/1200 3940/8650/1200
f 3953/8654/1201 3945/8677/1201 3940/8678/1201
f 3940/8678/1201 3955/8679/1201 3953/8654/1201
f 3955/8679/1201 3941/8652/1201 3953/8654/1201
f 3951/8655/1202 3943/8680/1202 3945/8656/1202
f 3953/8657/1203 3948/8681/1203 3952/8658/1203
f 3948/8681/1203 3949/8682/1203 3952/8658/1203
f 3950/8683/1203 3951/8655/1203 3954/8659/1203
f 3951/8655/1203 3953/8657/1203 3954/8659/1203
f 3942/8660/1204 3947/8642/1204 3952/8641/1204
f 3942/8684/1205 3941/8685/1205 3947/8664/1205
f 3941/8685/1205 3955/8662/1205 3947/8664/1205
f 3955/8662/1205 3946/8665/1205 3956/8663/1205
f 3946/8665/1205 3944/8686/1205 3956/8663/1205
f 3946/8665/1206 3955/8662/1206 3940/8666/1206
f 3956/8668/1199 3944/8687/1199 3950/8669/1199
o Cube.038_Cube.043
v -0.030549 -0.330416 -0.968432
v -0.045129 -0.291001 -1.002051
v -0.030549 -0.330416 -1.514295
v -0.044361 -0.293077 -1.458908
v 0.030549 -0.330416 -0.968432
v 0.030549 -0.330416 -1.514295
v 0.045129 -0.291001 -1.002051
v 0.044361 -0.293077 -1.458908
vt 0.252518 0.702507
vt 0.268407 0.898252
vt 0.251634 0.884835
vt 0.249293 0.680403
vt 0.233404 0.876148
vt 0.232521 0.693821
vt 0.825883 0.827996
vt 0.801500 0.610147
vt 0.825883 0.610147
vt 0.371064 0.618576
vt 0.401267 0.631921
vt 0.376883 0.631921
vt 0.406779 0.436246
vt 0.371371 0.436246
vt 0.376883 0.414074
vt 0.401267 0.414074
vt 0.268407 0.680403
vt 0.249293 0.898253
vt 0.801500 0.827996
vt 0.407086 0.618576
vn -0.9379 -0.3469 0.0000
vn 0.9379 -0.3469 0.0000
vn 0.0000 -1.0000 0.0000
vn 0.0000 0.6489 0.7608
vn 0.0000 1.0000 -0.0045
vn 0.0000 0.8292 -0.5590
usemtl Metal.001
s 1
f 3960/8688/1208 3957/8689/1208 3958/8690/1208
f 3961/8691/1209 3964/8692/1209 3963/8693/1209
f 3961/8694/1210 3959/8695/1210 3962/8696/1210
f 3963/8697/1211 3957/8698/1211 3961/8699/1211
f 3960/8700/1212 3963/8697/1212 3964/8701/1212
f 3960/8700/1213 3962/8702/1213 3959/8703/1213
f 3960/8688/1208 3959/8704/1208 3957/8689/1208
f 3961/8691/1209 3962/8705/1209 3964/8692/1209
f 3961/8694/1210 3957/8706/1210 3959/8695/1210
f 3963/8697/1211 3958/8707/1211 3957/8698/1211
f 3960/8700/1212 3958/8707/1212 3963/8697/1212
f 3960/8700/1213 3964/8701/1213 3962/8702/1213
o Cube.036_Cube.042
v -0.044361 -0.293077 -1.677992
v -0.043593 -0.295154 -2.139002
v -0.030549 -0.330416 -1.650270
v -0.030549 -0.330416 -2.178015
v 0.030549 -0.330416 -1.650270
v 0.030549 -0.330416 -2.178015
v 0.044361 -0.293077 -1.677992
v 0.043593 -0.295154 -2.139002
vt 0.897362 0.699844
vt 0.912367 0.894893
vt 0.896478 0.883829
vt 0.909926 0.202884
vt 0.924931 0.007836
vt 0.924931 0.218454
vt 0.857188 0.653029
vt 0.881572 0.442410
vt 0.881572 0.653029
vt 0.783563 0.458043
vt 0.748461 0.642030
vt 0.748768 0.458043
vt 0.753973 0.442410
vt 0.778357 0.442410
vt 0.778357 0.653027
vt 0.753973 0.653027
vt 0.912366 0.684274
vt 0.909042 0.018899
vt 0.857188 0.442410
vt 0.783869 0.642030
vn -0.9379 -0.3469 -0.0000
vn 0.9379 -0.3469 0.0000
vn 0.0000 -1.0000 0.0000
vn 0.0000 1.0000 -0.0045
vn 0.0000 0.7419 -0.6705
vn 0.0000 0.5961 0.8029
usemtl Metal.001
s 1
f 3966/8708/1214 3967/8709/1214 3965/8710/1214
f 3972/8711/1215 3969/8712/1215 3970/8713/1215
f 3967/8714/1216 3970/8715/1216 3969/8716/1216
f 3966/8717/1217 3971/8718/1217 3972/8719/1217
f 3966/8717/1218 3970/8720/1218 3968/8721/1218
f 3971/8718/1219 3967/8722/1219 3969/8723/1219
f 3966/8708/1214 3968/8724/1214 3967/8709/1214
f 3972/8711/1215 3971/8725/1215 3969/8712/1215
f 3967/8714/1216 3968/8726/1216 3970/8715/1216
f 3966/8717/1217 3965/8727/1217 3971/8718/1217
f 3966/8717/1218 3972/8719/1218 3970/8720/1218
f 3971/8718/1219 3965/8727/1219 3967/8722/1219
o Cylinder.010_Cylinder.015
v 0.017301 -0.311316 -0.030662
v 0.000058 -0.310391 -0.032735
v 0.033369 -0.314029 -0.024585
v 0.047166 -0.318344 -0.014916
v 0.057754 -0.323967 -0.002316
v 0.064409 -0.330515 0.012357
v 0.066679 -0.337542 0.028103
v 0.064409 -0.344570 0.043849
v 0.057754 -0.351118 0.058522
v 0.047166 -0.356741 0.071122
v 0.033369 -0.361056 0.080790
v 0.017301 -0.363768 0.086868
v 0.000058 -0.364693 0.088941
v -0.017185 -0.363768 0.086868
v -0.033253 -0.361056 0.080790
v -0.047051 -0.356741 0.071122
v -0.057639 -0.351118 0.058522
v -0.064294 -0.344570 0.043849
v -0.066564 -0.337542 0.028103
v -0.064294 -0.330515 0.012357
v -0.057639 -0.323967 -0.002316
v -0.047051 -0.318344 -0.014916
v -0.033253 -0.314029 -0.024585
v -0.017185 -0.311316 -0.030662
v 0.019757 -0.258259 -0.016972
v 0.000058 -0.257202 -0.019341
v 0.038115 -0.261358 -0.010029
v 0.053879 -0.266288 0.001017
v 0.065975 -0.272712 0.015413
v 0.073579 -0.280193 0.032176
v 0.076172 -0.288222 0.050166
v 0.073579 -0.296251 0.068156
v 0.065975 -0.303732 0.084920
v 0.053879 -0.310156 0.099315
v 0.038115 -0.315086 0.110361
v 0.019757 -0.318185 0.117305
v 0.000058 -0.319242 0.119673
v -0.019642 -0.318185 0.117305
v -0.038000 -0.315086 0.110361
v -0.053764 -0.310156 0.099315
v -0.065860 -0.303732 0.084920
v -0.073464 -0.296251 0.068156
v -0.076057 -0.288222 0.050166
v -0.073463 -0.280193 0.032176
v -0.065860 -0.272712 0.015413
v -0.053764 -0.266288 0.001017
v -0.038000 -0.261358 -0.010029
v -0.019642 -0.258259 -0.016972
v 0.010549 -0.209941 0.042224
v 0.000058 -0.209378 0.040962
v 0.020326 -0.211592 0.045922
v 0.028721 -0.214217 0.051805
v 0.035164 -0.217639 0.059471
v 0.039213 -0.221623 0.068399
v 0.040594 -0.225899 0.077980
v 0.039213 -0.230175 0.087561
v 0.035164 -0.234159 0.096489
v 0.028721 -0.237581 0.104156
v 0.020326 -0.240206 0.110038
v 0.010549 -0.241856 0.113736
v 0.000058 -0.242419 0.114998
v -0.010434 -0.241856 0.113736
v -0.020211 -0.240206 0.110038
v -0.028606 -0.237581 0.104156
v -0.035048 -0.234159 0.096489
v -0.039098 -0.230175 0.087561
v -0.040479 -0.225899 0.077980
v -0.039098 -0.221623 0.068399
v -0.035048 -0.217639 0.059471
v -0.028606 -0.214217 0.051805
v -0.020211 -0.211592 0.045922
v -0.010434 -0.209941 0.042224
v 0.019757 -0.307579 -0.039036
v 0.000058 -0.306523 -0.041404
v 0.038115 -0.310678 -0.032092
v 0.053879 -0.315608 -0.021046
v 0.065975 -0.322032 -0.006651
v 0.073579 -0.329514 0.010113
v 0.076172 -0.337542 0.028103
v 0.073579 -0.345571 0.046093
v 0.065975 -0.353052 0.062856
v 0.053879 -0.359477 0.077252
v 0.038115 -0.364406 0.088298
v 0.019757 -0.367505 0.095241
v 0.000058 -0.368562 0.097610
v -0.019642 -0.367505 0.095241
v -0.038000 -0.364406 0.088298
v -0.053764 -0.359477 0.077252
v -0.065860 -0.353052 0.062856
v -0.073464 -0.345571 0.046093
v -0.076057 -0.337542 0.028103
v -0.073463 -0.329514 0.010113
v -0.065860 -0.322032 -0.006651
v -0.053764 -0.315608 -0.021046
v -0.038000 -0.310678 -0.032092
v -0.019642 -0.307579 -0.039036
v 0.017301 -0.281694 -0.017442
v 0.000058 -0.280769 -0.019515
v 0.033369 -0.284406 -0.011364
v 0.047166 -0.288721 -0.001696
v 0.057754 -0.294344 0.010904
v 0.064409 -0.300892 0.025577
v 0.066679 -0.307920 0.041323
v 0.064409 -0.314947 0.057069
v 0.057754 -0.321495 0.071742
v 0.047166 -0.327118 0.084342
v 0.033369 -0.331433 0.094010
v 0.017301 -0.334146 0.100088
v 0.000058 -0.335071 0.102161
v -0.017185 -0.334146 0.100088
v -0.033253 -0.331433 0.094010
v -0.047051 -0.327118 0.084342
v -0.057639 -0.321495 0.071742
v -0.064294 -0.314947 0.057069
v -0.066564 -0.307920 0.041323
v -0.064294 -0.300892 0.025577
v -0.057639 -0.294344 0.010904
v -0.047051 -0.288721 -0.001696
v -0.033253 -0.284406 -0.011364
v -0.017185 -0.281694 -0.017442
vt 0.040491 0.925039
vt 0.048150 0.903858
vt 0.048150 0.925278
vt 0.515534 0.880973
vt 0.509457 0.909647
vt 0.507604 0.880973
vt 0.450838 0.838905
vt 0.457706 0.860774
vt 0.450838 0.860325
vt 0.712299 0.888102
vt 0.719959 0.866450
vt 0.719959 0.887872
vt 0.056080 0.903862
vt 0.056080 0.925282
vt 0.443179 0.838675
vt 0.443179 0.860096
vt 0.726827 0.865999
vt 0.726827 0.887421
vt 0.523205 0.859787
vt 0.530061 0.881664
vt 0.523193 0.881209
vt 0.063740 0.903632
vt 0.063740 0.925051
vt 0.435249 0.838681
vt 0.435249 0.860101
vt 0.732435 0.865359
vt 0.732435 0.886781
vt 0.515545 0.859551
vt 0.070608 0.903182
vt 0.070608 0.924602
vt 0.427589 0.838921
vt 0.427589 0.860341
vt 0.507615 0.859551
vt 0.076216 0.902543
vt 0.076216 0.923963
vt 0.420722 0.839380
vt 0.420722 0.860800
vt 0.499956 0.859787
vt 0.499944 0.881209
vt 0.689842 0.887395
vt 0.696710 0.866434
vt 0.696710 0.887855
vt 0.033624 0.924581
vt 0.028017 0.902517
vt 0.033624 0.903162
vt 0.493088 0.860242
vt 0.493076 0.881664
vt 0.704369 0.866675
vt 0.704369 0.888097
vt 0.040491 0.903619
vt 0.457706 0.839354
vt 0.463314 0.861412
vt 0.712299 0.866681
vt 0.684236 0.865325
vt 0.698506 0.837628
vt 0.689842 0.865973
vt 0.433043 0.888897
vt 0.429386 0.889142
vt 0.505378 0.909773
vt 0.702163 0.837874
vt 0.426400 0.889486
vt 0.415115 0.861446
vt 0.501720 0.910016
vt 0.706243 0.838002
vt 0.042283 0.874819
vt 0.045940 0.875063
vt 0.487469 0.882309
vt 0.498734 0.910359
vt 0.710466 0.838005
vt 0.050019 0.875190
vt 0.449083 0.889128
vt 0.445425 0.888889
vt 0.714546 0.837882
vt 0.054243 0.875192
vt 0.441345 0.888766
vt 0.718203 0.837642
vt 0.521417 0.910016
vt 0.517760 0.909773
vt 0.058322 0.875070
vt 0.437122 0.888769
vt 0.535668 0.882309
vt 0.513680 0.909647
vt 0.061980 0.874830
vt 0.596428 0.970499
vt 0.583593 0.980347
vt 0.566535 0.958117
vt 0.550974 0.982182
vt 0.538010 0.975281
vt 0.550869 0.975475
vt 0.719150 0.628892
vt 0.727304 0.630595
vt 0.719644 0.632648
vt 0.711714 0.632648
vt 0.712209 0.628892
vt 0.704055 0.630595
vt 0.705504 0.627095
vt 0.699493 0.623625
vt 0.697187 0.626630
vt 0.694585 0.618717
vt 0.691580 0.621023
vt 0.691115 0.612706
vt 0.687615 0.614156
vt 0.689319 0.606001
vt 0.685562 0.606496
vt 0.685562 0.598566
vt 0.689318 0.599060
vt 0.687615 0.590906
vt 0.691115 0.592356
vt 0.694585 0.586345
vt 0.691580 0.584039
vt 0.697187 0.578431
vt 0.699493 0.581437
vt 0.705504 0.577967
vt 0.704055 0.574466
vt 0.711714 0.572414
vt 0.712209 0.576170
vt 0.719150 0.576170
vt 0.719644 0.572414
vt 0.725854 0.577967
vt 0.727304 0.574466
vt 0.734171 0.578431
vt 0.731865 0.581437
vt 0.736773 0.586345
vt 0.739779 0.584039
vt 0.743744 0.590906
vt 0.740244 0.592356
vt 0.745796 0.598566
vt 0.742040 0.599060
vt 0.745796 0.606496
vt 0.742040 0.606001
vt 0.740244 0.612706
vt 0.743744 0.614156
vt 0.739779 0.621023
vt 0.736773 0.618717
vt 0.731865 0.623625
vt 0.734171 0.626630
vt 0.725854 0.627095
vt 0.851115 0.828025
vt 0.879150 0.864560
vt 0.833492 0.870571
vt 0.483963 0.975580
vt 0.471102 0.968639
vt 0.483963 0.968639
vt 0.245791 0.961627
vt 0.233420 0.956905
vt 0.246279 0.956711
vt 0.538422 0.988004
vt 0.538115 0.981987
vt 0.484169 0.982285
vt 0.471102 0.975580
vt 0.232625 0.967837
vt 0.232932 0.961821
vt 0.551771 0.993114
vt 0.551281 0.988198
vt 0.471705 0.988296
vt 0.471308 0.982285
vt 0.245485 0.967644
vt 0.232521 0.974544
vt 0.428581 0.964019
vt 0.415322 0.970030
vt 0.415720 0.964019
vt 0.485127 0.993204
vt 0.484566 0.988296
vt 0.245485 0.981290
vt 0.245380 0.974350
vt 0.427975 0.976734
vt 0.428182 0.970030
vt 0.551771 0.955830
vt 0.538422 0.961640
vt 0.538912 0.955636
vt 0.232932 0.988185
vt 0.232625 0.981484
vt 0.415115 0.983675
vt 0.415115 0.976734
vt 0.551281 0.961835
vt 0.538115 0.968341
vt 0.245791 0.987991
vt 0.233420 0.994189
vt 0.484566 0.955924
vt 0.471308 0.961935
vt 0.471705 0.955924
vt 0.427975 0.983675
vt 0.415322 0.990379
vt 0.550974 0.968535
vt 0.485127 0.951016
vt 0.472266 0.951016
vt 0.484169 0.961935
vt 0.428581 0.996390
vt 0.428182 0.990379
vt 0.530072 0.860242
vt 0.028017 0.923937
vt 0.463314 0.839992
vt 0.695520 0.837283
vt 0.524403 0.910359
vt 0.579370 0.980347
vt 0.575290 0.979254
vt 0.571633 0.977143
vt 0.568646 0.974156
vt 0.566535 0.970499
vt 0.565442 0.966419
vt 0.565442 0.962196
vt 0.568646 0.954459
vt 0.571633 0.951473
vt 0.575290 0.949361
vt 0.579370 0.948268
vt 0.583593 0.948268
vt 0.587672 0.949361
vt 0.591330 0.951473
vt 0.594316 0.954459
vt 0.596428 0.958117
vt 0.597521 0.962196
vt 0.597521 0.966419
vt 0.594316 0.974156
vt 0.591330 0.977143
vt 0.587672 0.979254
vt 0.830022 0.864560
vt 0.828225 0.857856
vt 0.828225 0.850915
vt 0.830022 0.844211
vt 0.833492 0.838200
vt 0.838400 0.833292
vt 0.844411 0.829821
vt 0.858056 0.828025
vt 0.864761 0.829821
vt 0.870772 0.833292
vt 0.875680 0.838200
vt 0.879150 0.844211
vt 0.880947 0.850915
vt 0.880947 0.857856
vt 0.875680 0.870571
vt 0.870772 0.875479
vt 0.864761 0.878950
vt 0.858056 0.880746
vt 0.851115 0.880746
vt 0.844411 0.878950
vt 0.838400 0.875479
vt 0.538912 0.992920
vt 0.472266 0.993204
vt 0.246279 0.993995
vt 0.415720 0.996390
vn -0.2588 -0.3944 0.8817
vn -0.5000 -0.3536 0.7905
vn 0.4434 0.7351 -0.5129
vn 0.6270 0.6777 -0.3842
vn 0.9659 -0.1057 0.2362
vn 1.0000 -0.0000 0.0001
vn 0.9659 -0.1057 0.2363
vn -0.7071 0.2888 -0.6455
vn -0.5000 0.3536 -0.7905
vn -0.7071 -0.2888 0.6455
vn -0.7071 -0.2887 0.6454
vn 0.8661 -0.2042 0.4564
vn 0.8660 -0.2042 0.4565
vn -0.2588 0.3944 -0.8817
vn 0.2588 0.3944 -0.8817
vn 0.0000 0.4083 -0.9128
vn -0.8660 -0.2042 0.4565
vn -0.8661 -0.2042 0.4564
vn 0.7071 -0.2887 0.6454
vn 0.7071 -0.2888 0.6455
vn 0.5000 0.3536 -0.7905
vn -0.9659 -0.1057 0.2363
vn -0.9659 -0.1057 0.2362
vn 0.5000 -0.3536 0.7905
vn 0.7071 0.2888 -0.6455
vn 0.7071 0.2887 -0.6454
vn -1.0000 -0.0000 0.0001
vn -1.0000 0.0000 -0.0001
vn 0.2588 -0.3944 0.8817
vn 0.8660 0.2042 -0.4565
vn 0.8661 0.2042 -0.4564
vn -0.9659 0.1057 -0.2362
vn -0.9659 0.1057 -0.2363
vn -0.0000 -0.4083 0.9128
vn 0.9659 0.1057 -0.2363
vn 0.9659 0.1057 -0.2362
vn -0.8661 0.2042 -0.4564
vn -0.8660 0.2042 -0.4565
vn 1.0000 0.0000 -0.0001
vn -0.7071 0.2887 -0.6454
vn -0.8565 0.3286 0.3980
vn -0.8867 0.4221 0.1884
vn 0.2295 0.0731 0.9706
vn 0.4434 0.1092 0.8897
vn 0.7679 0.6028 -0.2165
vn -0.8565 0.5157 -0.0212
vn -0.0000 0.0607 0.9982
vn 0.8565 0.5157 -0.0212
vn -0.7679 0.6028 -0.2165
vn -0.2295 0.0731 0.9706
vn 0.8867 0.4221 0.1884
vn -0.6270 0.6777 -0.3842
vn -0.4434 0.1092 0.8897
vn 0.8565 0.3286 0.3980
vn -0.4434 0.7351 -0.5129
vn -0.6270 0.1666 0.7610
vn 0.7679 0.2414 0.5933
vn -0.2295 0.7712 -0.5938
vn 0.2295 0.7712 -0.5938
vn 0.0000 0.7835 -0.6214
vn -0.7679 0.2414 0.5933
vn 0.6270 0.1666 0.7610
vn -0.0000 0.9132 0.4075
vn -0.5000 0.3529 -0.7908
vn -0.7071 0.2882 -0.6457
vn 0.0000 -0.9132 -0.4075
vn -0.7071 -0.2882 0.6457
vn -0.5000 -0.3529 0.7908
vn 1.0000 0.0000 0.0000
vn 0.9659 0.1055 -0.2364
vn -0.2588 0.3937 -0.8821
vn -0.8660 -0.2038 0.4566
vn 0.9659 -0.1055 0.2364
vn 0.0000 0.4075 -0.9132
vn -0.9659 -0.1055 0.2364
vn 0.8660 -0.2038 0.4566
vn 0.2588 0.3937 -0.8821
vn -1.0000 -0.0000 -0.0000
vn 0.7071 -0.2882 0.6457
vn 0.5000 0.3529 -0.7908
vn -0.9659 0.1055 -0.2364
vn 0.5000 -0.3529 0.7908
vn 0.7071 0.2882 -0.6457
vn -0.8660 0.2038 -0.4566
vn 0.2588 -0.3937 0.8821
vn -0.0000 -0.4075 0.9132
vn -0.2588 -0.3937 0.8821
vn 0.8660 0.2038 -0.4566
vn 0.0000 0.9132 0.4076
vn 0.0000 -0.9132 -0.4076
usemtl Metal.001
s 1
f 4058/8728/1220 4011/8729/1221 4059/8730/1221
f 3999/8731/1222 4024/8732/1223 4000/8733/1223
f 4052/8734/1224 4003/8735/1225 4004/8736/1226
f 4066/8737/1227 4019/8738/1228 4067/8739/1228
f 4059/8730/1221 4012/8740/1229 4060/8741/1230
f 4053/8742/1231 4004/8736/1226 4005/8743/1232
f 4067/8739/1228 4020/8744/1233 4068/8745/1233
f 4045/8746/1234 3998/8747/1235 3997/8748/1234
f 4060/8741/1230 4013/8749/1236 4061/8750/1237
f 4054/8751/1238 4005/8743/1232 4006/8752/1239
f 4068/8745/1233 3998/8753/1235 4046/8754/1235
f 4047/8755/1240 3997/8748/1234 3999/8731/1240
f 4061/8750/1237 4014/8756/1241 4062/8757/1242
f 4055/8758/1243 4006/8752/1239 4007/8759/1243
f 4048/8760/1244 3999/8731/1240 4000/8733/1245
f 4062/8757/1242 4015/8761/1246 4063/8762/1247
f 4056/8763/1248 4007/8759/1243 4008/8764/1248
f 4049/8765/1249 4000/8733/1245 4001/8766/1250
f 4063/8767/1247 4016/8768/1251 4064/8769/1252
f 4057/8770/1253 4008/8771/1248 4009/8772/1253
f 4050/8773/1254 4001/8766/1250 4002/8774/1255
f 4064/8769/1252 4017/8775/1256 4065/8776/1257
f 4057/8770/1253 4010/8777/1220 4058/8728/1220
f 4051/8778/1258 4002/8779/1255 4003/8735/1225
f 4065/8776/1257 4018/8780/1259 4066/8737/1227
f 4014/8781/1260 4039/8782/1261 4015/8783/1261
f 4008/8764/1262 4031/8784/1263 4032/8785/1262
f 4001/8766/1264 4024/8732/1223 4025/8786/1264
f 4015/8783/1261 4040/8787/1265 4016/8768/1265
f 4008/8764/1262 4033/8788/1266 4009/8789/1266
f 4002/8774/1267 4025/8786/1264 4026/8790/1267
f 4016/8768/1265 4041/8791/1268 4017/8775/1268
f 4010/8777/1269 4033/8792/1266 4034/8793/1269
f 4003/8794/1270 4026/8790/1267 4027/8795/1270
f 4017/8775/1268 4042/8796/1271 4018/8780/1271
f 4010/8777/1269 4035/8797/1272 4011/8729/1272
f 4004/8736/1273 4027/8798/1270 4028/8799/1273
f 4018/8780/1271 4043/8800/1274 4019/8738/1274
f 4012/8740/1275 4035/8797/1272 4036/8801/1275
f 4004/8736/1273 4029/8802/1276 4005/8743/1276
f 4019/8738/1274 4044/8803/1277 4020/8744/1277
f 3997/8748/1278 4022/8804/1279 4021/8805/1278
f 4012/8740/1275 4037/8806/1280 4013/8749/1280
f 4005/8743/1276 4030/8807/1281 4006/8752/1281
f 4020/8808/1277 4022/8804/1279 3998/8747/1279
f 3997/8748/1278 4023/8809/1222 3999/8731/1222
f 4014/8756/1260 4037/8806/1280 4038/8810/1260
f 4006/8752/1281 4031/8784/1263 4007/8759/1263
f 4027/8811/1282 4023/8812/1282 4039/8813/1282
f 3983/8814/1283 4078/8815/1284 3982/8816/1284
f 3973/8817/1285 4046/8818/1285 4045/8819/1285
f 3973/8817/1285 4047/8820/1285 3975/8821/1285
f 3975/8821/1285 4048/8822/1285 3976/8823/1285
f 3977/8824/1285 4048/8822/1285 4049/8825/1285
f 3978/8826/1285 4049/8825/1285 4050/8827/1285
f 3979/8828/1285 4050/8827/1285 4051/8829/1285
f 3980/8830/1285 4051/8829/1285 4052/8831/1285
f 3980/8830/1285 4053/8832/1285 3981/8833/1285
f 3981/8833/1285 4054/8834/1285 3982/8835/1285
f 3983/8836/1285 4054/8834/1285 4055/8837/1285
f 3983/8836/1285 4056/8838/1285 3984/8839/1285
f 3985/8840/1285 4056/8838/1285 4057/8841/1285
f 3985/8840/1285 4058/8842/1285 3986/8843/1285
f 3987/8844/1285 4058/8842/1285 4059/8845/1285
f 3988/8846/1285 4059/8845/1285 4060/8847/1285
f 3988/8846/1285 4061/8848/1285 3989/8849/1285
f 3990/8850/1285 4061/8848/1285 4062/8851/1285
f 3990/8850/1285 4063/8852/1285 3991/8853/1285
f 3991/8853/1285 4064/8854/1285 3992/8855/1285
f 3992/8855/1285 4065/8856/1285 3993/8857/1285
f 3994/8858/1285 4065/8856/1285 4066/8859/1285
f 3994/8858/1285 4067/8860/1285 3995/8861/1285
f 3996/8862/1285 4067/8860/1285 4068/8863/1285
f 3996/8862/1285 4046/8818/1285 3974/8864/1285
f 4077/8865/1285 4085/8866/1285 4070/8867/1285
f 3976/8868/1286 4071/8869/1287 3975/8870/1287
f 3991/8871/1288 4086/8872/1289 3990/8873/1289
f 3983/8814/1283 4080/8874/1290 4079/8875/1283
f 3977/8876/1291 4072/8877/1286 3976/8868/1286
f 3991/8871/1288 4088/8878/1292 4087/8879/1288
f 3985/8880/1293 4080/8874/1290 3984/8881/1290
f 3977/8876/1291 4074/8882/1294 4073/8883/1291
f 3992/8884/1292 4089/8885/1295 4088/8878/1292
f 3985/8886/1293 4082/8887/1296 4081/8888/1293
f 3979/8889/1297 4074/8882/1294 3978/8890/1294
f 3994/8891/1298 4089/8885/1295 3993/8892/1295
f 3987/8893/1299 4082/8887/1296 3986/8894/1296
f 3979/8895/1297 4076/8896/1300 4075/8897/1297
f 3994/8891/1298 4091/8898/1301 4090/8899/1298
f 3987/8893/1299 4084/8900/1302 4083/8901/1299
f 3980/8902/1300 4077/8903/1303 4076/8896/1300
f 3995/8904/1301 4092/8905/1304 4091/8898/1301
f 3974/8906/1305 4069/8907/1306 4070/8908/1305
f 3988/8909/1302 4085/8910/1307 4084/8900/1302
f 3982/8816/1284 4077/8903/1303 3981/8911/1303
f 3996/8912/1304 4070/8908/1305 4092/8913/1304
f 3975/8870/1287 4069/8907/1306 3973/8914/1306
f 3990/8915/1289 4085/8910/1307 3989/8916/1307
f 4058/8728/1220 4010/8777/1220 4011/8729/1221
f 3999/8731/1222 4023/8809/1222 4024/8732/1223
f 4052/8734/1224 4051/8778/1258 4003/8735/1225
f 4066/8737/1227 4018/8780/1259 4019/8738/1228
f 4059/8730/1221 4011/8729/1221 4012/8740/1229
f 4053/8742/1231 4052/8734/1224 4004/8736/1226
f 4067/8739/1228 4019/8738/1228 4020/8744/1233
f 4045/8746/1234 4046/8917/1235 3998/8747/1235
f 4060/8741/1230 4012/8740/1229 4013/8749/1236
f 4054/8751/1238 4053/8742/1231 4005/8743/1232
f 4068/8745/1233 4020/8744/1233 3998/8753/1235
f 4047/8755/1240 4045/8746/1234 3997/8748/1234
f 4061/8750/1237 4013/8749/1236 4014/8756/1241
f 4055/8758/1243 4054/8751/1238 4006/8752/1239
f 4048/8760/1244 4047/8755/1240 3999/8731/1240
f 4062/8757/1242 4014/8756/1241 4015/8761/1246
f 4056/8763/1248 4055/8758/1243 4007/8759/1243
f 4049/8765/1249 4048/8760/1244 4000/8733/1245
f 4063/8767/1247 4015/8783/1246 4016/8768/1251
f 4057/8770/1253 4056/8918/1248 4008/8771/1248
f 4050/8773/1254 4049/8765/1249 4001/8766/1250
f 4064/8769/1252 4016/8768/1251 4017/8775/1256
f 4057/8770/1253 4009/8772/1253 4010/8777/1220
f 4051/8778/1258 4050/8919/1254 4002/8779/1255
f 4065/8776/1257 4017/8775/1256 4018/8780/1259
f 4014/8781/1260 4038/8920/1260 4039/8782/1261
f 4008/8764/1262 4007/8759/1263 4031/8784/1263
f 4001/8766/1264 4000/8733/1223 4024/8732/1223
f 4015/8783/1261 4039/8782/1261 4040/8787/1265
f 4008/8764/1262 4032/8785/1262 4033/8788/1266
f 4002/8774/1267 4001/8766/1264 4025/8786/1264
f 4016/8768/1265 4040/8787/1265 4041/8791/1268
f 4010/8777/1269 4009/8772/1266 4033/8792/1266
f 4003/8794/1270 4002/8774/1267 4026/8790/1267
f 4017/8775/1268 4041/8791/1268 4042/8796/1271
f 4010/8777/1269 4034/8793/1269 4035/8797/1272
f 4004/8736/1273 4003/8735/1270 4027/8798/1270
f 4018/8780/1271 4042/8796/1271 4043/8800/1274
f 4012/8740/1275 4011/8729/1272 4035/8797/1272
f 4004/8736/1273 4028/8799/1273 4029/8802/1276
f 4019/8738/1274 4043/8800/1274 4044/8803/1277
f 3997/8748/1278 3998/8747/1279 4022/8804/1279
f 4012/8740/1275 4036/8801/1275 4037/8806/1280
f 4005/8743/1276 4029/8802/1276 4030/8807/1281
f 4020/8808/1277 4044/8921/1277 4022/8804/1279
f 3997/8748/1278 4021/8805/1278 4023/8809/1222
f 4014/8756/1260 4013/8749/1280 4037/8806/1280
f 4006/8752/1281 4030/8807/1281 4031/8784/1263
f 4023/8812/1282 4021/8922/1282 4022/8923/1282
f 4022/8923/1282 4044/8924/1282 4043/8925/1282
f 4043/8925/1282 4042/8926/1282 4041/8927/1282
f 4041/8927/1282 4040/8928/1282 4039/8813/1282
f 4039/8813/1282 4038/8929/1282 4037/8930/1282
f 4037/8930/1282 4036/8931/1282 4039/8813/1282
f 4036/8931/1282 4035/8932/1282 4039/8813/1282
f 4035/8932/1282 4034/8933/1282 4033/8934/1282
f 4033/8934/1282 4032/8935/1308 4031/8936/1282
f 4031/8936/1282 4030/8937/1282 4027/8811/1282
f 4030/8937/1282 4029/8938/1282 4027/8811/1282
f 4029/8938/1282 4028/8939/1282 4027/8811/1282
f 4027/8811/1282 4026/8940/1282 4025/8941/1282
f 4025/8941/1282 4024/8942/1282 4027/8811/1282
f 4024/8942/1282 4023/8812/1282 4027/8811/1282
f 4023/8812/1282 4022/8923/1282 4043/8925/1282
f 4043/8925/1282 4041/8927/1282 4023/8812/1282
f 4041/8927/1282 4039/8813/1282 4023/8812/1282
f 4035/8932/1282 4033/8934/1282 4039/8813/1282
f 4033/8934/1282 4031/8936/1282 4039/8813/1282
f 4031/8936/1282 4027/8811/1282 4039/8813/1282
f 3983/8814/1283 4079/8875/1283 4078/8815/1284
f 3973/8817/1285 3974/8864/1285 4046/8818/1285
f 3973/8817/1285 4045/8819/1285 4047/8820/1285
f 3975/8821/1285 4047/8820/1285 4048/8822/1285
f 3977/8824/1285 3976/8823/1285 4048/8822/1285
f 3978/8826/1285 3977/8824/1285 4049/8825/1285
f 3979/8828/1285 3978/8826/1285 4050/8827/1285
f 3980/8830/1285 3979/8828/1285 4051/8829/1285
f 3980/8830/1285 4052/8831/1285 4053/8832/1285
f 3981/8833/1285 4053/8832/1285 4054/8834/1285
f 3983/8836/1285 3982/8835/1285 4054/8834/1285
f 3983/8836/1285 4055/8837/1285 4056/8838/1285
f 3985/8840/1285 3984/8839/1285 4056/8838/1285
f 3985/8840/1285 4057/8841/1285 4058/8842/1285
f 3987/8844/1285 3986/8843/1285 4058/8842/1285
f 3988/8846/1285 3987/8844/1285 4059/8845/1285
f 3988/8846/1285 4060/8847/1285 4061/8848/1285
f 3990/8850/1285 3989/8849/1285 4061/8848/1285
f 3990/8850/1285 4062/8851/1285 4063/8852/1285
f 3991/8853/1285 4063/8852/1285 4064/8854/1285
f 3992/8855/1285 4064/8854/1285 4065/8856/1285
f 3994/8858/1285 3993/8857/1285 4065/8856/1285
f 3994/8858/1285 4066/8859/1285 4067/8860/1285
f 3996/8862/1285 3995/8861/1285 4067/8860/1285
f 3996/8862/1285 4068/8863/1285 4046/8818/1285
f 4070/8867/1285 4069/8943/1285 4071/8944/1309
f 4071/8944/1309 4072/8945/1285 4070/8867/1285
f 4072/8945/1285 4073/8946/1285 4070/8867/1285
f 4073/8946/1285 4074/8947/1285 4077/8865/1285
f 4074/8947/1285 4075/8948/1285 4077/8865/1285
f 4075/8948/1285 4076/8949/1285 4077/8865/1285
f 4077/8865/1285 4078/8950/1285 4079/8951/1285
f 4079/8951/1285 4080/8952/1285 4077/8865/1285
f 4080/8952/1285 4081/8953/1285 4077/8865/1285
f 4081/8953/1285 4082/8954/1285 4085/8866/1285
f 4082/8954/1285 4083/8955/1285 4085/8866/1285
f 4083/8955/1285 4084/8956/1309 4085/8866/1285
f 4085/8866/1285 4086/8957/1285 4087/8958/1285
f 4087/8958/1285 4088/8959/1285 4089/8960/1285
f 4089/8960/1285 4090/8961/1285 4070/8867/1285
f 4090/8961/1285 4091/8962/1285 4070/8867/1285
f 4091/8962/1285 4092/8963/1285 4070/8867/1285
f 4085/8866/1285 4087/8958/1285 4070/8867/1285
f 4087/8958/1285 4089/8960/1285 4070/8867/1285
f 4070/8867/1285 4073/8946/1285 4077/8865/1285
f 4077/8865/1285 4081/8953/1285 4085/8866/1285
f 3976/8868/1286 4072/8877/1286 4071/8869/1287
f 3991/8871/1288 4087/8879/1288 4086/8872/1289
f 3983/8814/1283 3984/8881/1290 4080/8874/1290
f 3977/8876/1291 4073/8883/1291 4072/8877/1286
f 3991/8871/1288 3992/8884/1292 4088/8878/1292
f 3985/8880/1293 4081/8964/1293 4080/8874/1290
f 3977/8876/1291 3978/8890/1294 4074/8882/1294
f 3992/8884/1292 3993/8892/1295 4089/8885/1295
f 3985/8886/1293 3986/8894/1296 4082/8887/1296
f 3979/8889/1297 4075/8965/1297 4074/8882/1294
f 3994/8891/1298 4090/8899/1298 4089/8885/1295
f 3987/8893/1299 4083/8901/1299 4082/8887/1296
f 3979/8895/1297 3980/8902/1300 4076/8896/1300
f 3994/8891/1298 3995/8904/1301 4091/8898/1301
f 3987/8893/1299 3988/8909/1302 4084/8900/1302
f 3980/8902/1300 3981/8911/1303 4077/8903/1303
f 3995/8904/1301 3996/8966/1304 4092/8905/1304
f 3974/8906/1305 3973/8914/1306 4069/8907/1306
f 3988/8909/1302 3989/8916/1307 4085/8910/1307
f 3982/8816/1284 4078/8815/1284 4077/8903/1303
f 3996/8912/1304 3974/8906/1305 4070/8908/1305
f 3975/8870/1287 4071/8869/1287 4069/8907/1306
f 3990/8915/1289 4086/8967/1289 4085/8910/1307
o Cube.068_Cube.073
v -0.017347 -0.223932 0.938602
v -0.017347 -0.121578 0.894891
v -0.017347 -0.223932 0.867342
v -0.017347 -0.121578 0.823631
v 0.017347 -0.223932 0.938602
v 0.017347 -0.121578 0.894891
v 0.017347 -0.223932 0.867342
v 0.017347 -0.121578 0.823631
vt 0.319503 0.211668
vt 0.297741 0.184004
vt 0.319503 0.174710
vt 0.331051 0.211668
vt 0.319530 0.174710
vt 0.331051 0.174710
vt 0.275952 0.211668
vt 0.297713 0.184004
vt 0.297713 0.220962
vt 0.342600 0.211668
vt 0.331079 0.174710
vt 0.342600 0.174710
vt 0.342600 0.211696
vt 0.331079 0.235359
vt 0.331079 0.211696
vt 0.319530 0.235359
vt 0.319530 0.211696
vt 0.297741 0.220962
vt 0.275952 0.174710
vt 0.331079 0.211668
vt 0.342600 0.235359
vt 0.331051 0.235359
vn -1.0000 -0.0000 0.0000
vn 0.0000 -0.3927 -0.9196
vn 1.0000 -0.0000 0.0000
vn 0.0000 0.3927 0.9196
vn 0.0000 -1.0000 0.0000
vn 0.0000 1.0000 0.0000
usemtl Metal.001
s 1
f 4094/8968/1310 4095/8969/1310 4093/8970/1310
f 4096/8971/1311 4099/8972/1311 4095/8973/1311
f 4099/8974/1312 4098/8975/1312 4097/8976/1312
f 4098/8977/1313 4093/8978/1313 4097/8979/1313
f 4099/8980/1314 4093/8981/1314 4095/8982/1314
f 4096/8971/1315 4098/8983/1315 4100/8984/1315
f 4094/8968/1310 4096/8985/1310 4095/8969/1310
f 4096/8971/1311 4100/8984/1311 4099/8972/1311
f 4099/8974/1312 4100/8986/1312 4098/8975/1312
f 4098/8977/1313 4094/8987/1313 4093/8978/1313
f 4099/8980/1314 4097/8988/1314 4093/8981/1314
f 4096/8971/1315 4094/8989/1315 4098/8983/1315
