<?xml version="1.0"?>
<COLLADA xmlns="http://www.collada.org/2005/11/COLLADASchema" version="1.4.1">
	<asset>
		<contributor>
			<author>Assimp</author>
			<authoring_tool>Assimp Exporter</authoring_tool>
		</contributor>
		<created>2023-08-03T12:52:14</created>
		<modified>2023-08-03T12:52:14</modified>
		<unit name="meter" meter="0.010000" />
		<up_axis>Y_UP</up_axis>
	</asset>
	<library_effects>
		<effect id="standardSurface1-fx" name="standardSurface1">
			<profile_COMMON>
				<technique sid="standard">
					<phong>
					</phong>
				</technique>
			</profile_COMMON>
		</effect>
	</library_effects>
	<library_materials>
		<material id="standardSurface1" name="standardSurface1">
			<instance_effect url="#standardSurface1-fx"/>
		</material>
	</library_materials>
	<library_geometries>
		<geometry id="meshId0" name="meshId0_name" >
			<mesh>
				<source id="meshId0-positions" name="meshId0-positions">
					<float_array id="meshId0-positions-array" count="2118"> 
						-23.333347 19.999985 69.999931 -23.333332 34.887878 23.333332 -69.999939 19.999985 23.333347 -18.333345 12.564352 62.379478 18.333344 12.564352 62.379478 18.333338 24.412899 25.239813 -18.333332 24.412899 25.239813 23.333345 19.999985 69.999931 69.999939 19.999985 23.333347 23.333334 34.887878 23.333332 -60.599937 13.132065 18.333347 -25.239815 24.412891 18.333332 -25.239815 24.412891 -18.333338 -60.599937 13.132065 -18.333345 -23.333332 34.887878 23.333332 23.333334 34.887878 23.333332 23.333334 34.887878 -23.333334 -23.333332 34.887878 -23.333334 25.239817 24.412891 18.333332 60.599937 13.132068 18.333347 60.599937 13.132068 -18.333345 25.239817 24.412891 -18.333338 -69.999939 19.999985 -23.333345 -23.333332 34.887878 -23.333334 -23.333347 19.999985 -69.999931 -18.333332 24.412899 -25.239817 18.333338 24.412899 -25.239817 18.333344 12.564352 -62.379478 -18.333345 12.564352 -62.379478 23.333334 34.887878 -23.333334 69.999939 19.999985 -23.333351 23.333345 19.999985 -69.999931 -23.333347 -7.399984 69.999931 -69.999939 -7.399984 23.333347 -23.333332 -22.287878 23.333332 -18.333345 0.035664 62.379478 -18.333332 -11.812885 25.239813 18.333338 -11.812885 25.239813 18.333344 0.035664 62.379478 23.333345 -7.399984 69.999931 23.333334 -22.287878 23.333332 69.999939 -7.399984 23.333347 -60.599937 -0.532065 18.333347 -60.599937 -0.532065 -18.333345 -25.239815 -11.812891 -18.333338 -25.239815 -11.812891 18.333332 -23.333332 -22.287878 23.333332 -23.333332 -22.287878 -23.333334 23.333334 -22.287878 -23.333334 23.333334 -22.287878 23.333332 25.239817 -11.812891 18.333332 25.239817 -11.812891 -18.333338 60.599937 -0.532067 -18.333345 60.599937 -0.532067 18.333347 -69.999939 -7.399984 -23.333345 -23.333347 -7.399984 -69.999931 -23.333332 -22.287878 -23.333334 -18.333332 -11.812885 -25.239817 -18.333345 0.035664 -62.379478 18.333344 0.035664 -62.379478 18.333338 -11.812885 -25.239817 23.333334 -22.287878 -23.333334 23.333345 -7.399984 -69.999931 69.999939 -7.399984 -23.333345 
						-23.333347 -7.399984 69.999931 -18.333345 -8.919657 65.236465 18.333344 -8.919657 65.236465 23.333345 -7.399984 69.999931 18.333338 -20.768206 28.096796 23.333334 -22.287878 23.333332 -18.333332 -20.768206 28.096796 -23.333332 -22.287878 23.333332 -23.333332 -22.287878 -23.333334 -18.333332 -20.768206 -28.096802 18.333338 -20.768206 -28.096802 23.333334 -22.287878 -23.333334 18.333344 -8.919657 -65.236465 23.333345 -7.399984 -69.999931 -18.333345 -8.919657 -65.236465 -23.333347 -7.399984 -69.999931 -18.333345 -8.919657 65.236465 -18.333345 0.035664 62.379478 18.333344 0.035664 62.379478 18.333344 -8.919657 65.236465 18.333344 -8.919657 65.236465 18.333344 0.035664 62.379478 18.333338 -11.812885 25.239813 18.333338 -20.768206 28.096796 18.333338 -20.768206 28.096796 18.333338 -11.812885 25.239813 -18.333332 -11.812885 25.239813 -18.333332 -20.768206 28.096796 -18.333332 -20.768206 28.096796 -18.333332 -11.812885 25.239813 -18.333345 0.035664 62.379478 -18.333345 -8.919657 65.236465 -18.333332 -20.768206 -28.096802 -18.333332 -11.812885 -25.239817 18.333338 -11.812885 -25.239817 18.333338 -20.768206 -28.096802 18.333338 -20.768206 -28.096802 18.333338 -11.812885 -25.239817 18.333344 0.035664 -62.379478 18.333344 -8.919657 -65.236465 18.333344 -8.919657 -65.236465 18.333344 0.035664 -62.379478 -18.333345 0.035664 -62.379478 -18.333345 -8.919657 -65.236465 -18.333345 -8.919657 -65.236465 -18.333345 0.035664 -62.379478 -18.333332 -11.812885 -25.239817 -18.333332 -20.768206 -28.096802 -22.817015 7.582154 69.123825 -22.817015 5.017846 69.123825 22.817013 5.017846 69.123825 22.817013 7.582154 69.123825 -22.817015 5.017846 69.123825 -22.817015 7.582154 69.123825 -69.123833 7.582154 22.817013 -69.123833 5.017846 22.817013 22.817013 7.582154 69.123825 22.817013 5.017846 69.123825 69.123833 5.017846 22.817013 69.123833 7.582154 22.817013 -22.817015 7.582154 -69.123825 -22.817015 5.017846 -69.123825 -69.123833 5.017846 -22.817009 -69.123833 7.582154 -22.817009 
						-22.817015 5.017846 -69.123825 -22.817015 7.582154 -69.123825 22.817013 7.582154 -69.123825 22.817013 5.017846 -69.123825 22.817013 5.017846 -69.123825 22.817013 7.582154 -69.123825 69.123833 7.582154 -22.817009 69.123833 5.017846 -22.817009 59.469078 5.017846 -21.603369 59.469078 7.582154 -21.603369 59.469078 7.582154 21.603371 59.469078 5.017846 21.603371 -59.469078 5.017846 21.603371 -59.469078 7.582154 21.603371 -59.469078 7.582154 -21.603369 -59.469078 5.017846 -21.603369 23.333345 19.999985 69.999931 23.333345 8.349415 69.999931 69.999939 8.349415 23.333347 69.999939 19.999985 23.333347 -23.333347 19.999985 -69.999931 23.333345 19.999985 -69.999931 23.333345 8.349415 -69.999931 -23.333347 8.349415 -69.999931 -23.333347 19.999985 69.999931 -69.999939 19.999985 23.333347 -69.999939 8.349415 23.333347 -23.333347 8.349415 69.999931 -23.333347 8.349415 69.999931 23.333345 8.349415 69.999931 23.333345 19.999985 69.999931 -23.333347 19.999985 69.999931 69.999939 8.349415 -23.333351 23.333345 8.349415 -69.999931 23.333345 19.999985 -69.999931 69.999939 19.999985 -23.333351 60.599937 8.349415 18.333347 60.599937 8.349415 -18.333345 60.599937 13.132068 -18.333345 60.599937 13.132068 18.333347 -23.333347 8.349415 -69.999931 -69.999939 8.349415 -23.333345 -69.999939 19.999985 -23.333345 -23.333347 19.999985 -69.999931 -60.599937 8.349415 -18.333345 -60.599937 8.349415 18.333347 -60.599937 13.132065 18.333347 -60.599937 13.132065 -18.333345 23.333345 -7.399984 69.999931 69.999939 -7.399984 23.333347 69.999939 4.250586 23.333347 23.333345 4.250586 69.999931 -23.333347 -7.399984 -69.999931 -23.333347 4.250586 -69.999931 23.333345 4.250586 -69.999931 23.333345 -7.399984 -69.999931 -23.333347 -7.399984 69.999931 -23.333347 4.250586 69.999931 -69.999939 4.250586 23.333347 -69.999939 -7.399984 23.333347 -23.333347 4.250586 69.999931 -23.333347 -7.399984 69.999931 23.333345 -7.399984 69.999931 23.333345 4.250586 69.999931 
						69.999939 4.250586 -23.333345 69.999939 -7.399984 -23.333345 23.333345 -7.399984 -69.999931 23.333345 4.250586 -69.999931 60.599937 4.250586 18.333347 60.599937 -0.532067 18.333347 60.599937 -0.532067 -18.333345 60.599937 4.250586 -18.333345 -23.333347 4.250586 -69.999931 -23.333347 -7.399984 -69.999931 -69.999939 -7.399984 -23.333345 -69.999939 4.250586 -23.333345 -60.599937 4.250586 -18.333345 -60.599937 -0.532065 -18.333345 -60.599937 -0.532065 18.333347 -60.599937 4.250586 18.333347 -23.333347 4.250586 69.999931 23.333345 4.250586 69.999931 22.817013 5.017846 69.123825 -22.817015 5.017846 69.123825 23.333345 8.349415 69.999931 -23.333347 8.349415 69.999931 -22.817015 7.582154 69.123825 22.817013 7.582154 69.123825 -23.333347 8.349415 69.999931 -69.999939 8.349415 23.333347 -69.123833 7.582154 22.817013 -22.817015 7.582154 69.123825 -69.999939 4.250586 23.333347 -23.333347 4.250586 69.999931 -22.817015 5.017846 69.123825 -69.123833 5.017846 22.817013 23.333345 4.250586 69.999931 69.999939 4.250586 23.333347 69.123833 5.017846 22.817013 22.817013 5.017846 69.123825 69.999939 8.349415 23.333347 23.333345 8.349415 69.999931 22.817013 7.582154 69.123825 69.123833 7.582154 22.817013 -23.333347 4.250586 -69.999931 -69.999939 4.250586 -23.333345 -69.123833 5.017846 -22.817009 -22.817015 5.017846 -69.123825 -69.999939 8.349415 -23.333345 -23.333347 8.349415 -69.999931 -22.817015 7.582154 -69.123825 -69.123833 7.582154 -22.817009 -23.333347 8.349415 -69.999931 23.333345 8.349415 -69.999931 22.817013 7.582154 -69.123825 -22.817015 7.582154 -69.123825 23.333345 4.250586 -69.999931 -23.333347 4.250586 -69.999931 -22.817015 5.017846 -69.123825 22.817013 5.017846 -69.123825 23.333345 8.349415 -69.999931 69.999939 8.349415 -23.333351 69.123833 7.582154 -22.817009 22.817013 7.582154 -69.123825 69.999939 4.250586 -23.333345 23.333345 4.250586 -69.999931 22.817013 5.017846 -69.123825 69.123833 5.017846 -22.817009 
						60.599937 8.349415 -18.333345 60.599937 8.349415 18.333347 59.469078 7.582154 21.603371 59.469078 7.582154 -21.603369 60.599937 4.250586 18.333347 60.599937 4.250586 -18.333345 59.469078 5.017846 -21.603369 59.469078 5.017846 21.603371 -60.599937 8.349415 18.333347 -60.599937 8.349415 -18.333345 -59.469078 7.582154 -21.603369 -59.469078 7.582154 21.603371 -60.599937 4.250586 -18.333345 -60.599937 4.250586 18.333347 -59.469078 5.017846 21.603371 -59.469078 5.017846 -21.603369 27.533998 33.547756 18.924084 27.917252 32.805405 18.333332 27.917252 32.805405 -18.333338 27.533998 33.547756 -18.924088 27.917252 32.805405 18.333332 27.533998 33.547756 18.924084 69.999939 19.999985 18.924097 69.409187 19.568365 18.333347 69.409187 19.568365 18.333347 69.999939 19.999985 18.924097 69.999939 8.349415 18.924097 69.409187 8.349415 18.333347 69.999939 19.999985 -18.924093 69.409187 19.568365 -18.333345 69.409187 8.349415 -18.333347 69.999939 8.349415 -18.924097 69.409187 19.568365 -18.333345 69.999939 19.999985 -18.924093 27.533998 33.547756 -18.924088 27.917252 32.805405 -18.333338 27.533998 -20.947754 18.924084 27.917252 -20.205400 18.333332 69.409187 -6.968364 18.333347 69.999939 -7.399984 18.924097 27.917252 -20.205400 18.333332 27.533998 -20.947754 18.924084 27.533998 -20.947756 -18.924088 27.917252 -20.205400 -18.333338 69.999939 -7.399984 18.924097 69.409187 -6.968364 18.333347 69.409187 4.250586 18.333347 69.999939 4.250586 18.924097 69.409187 -6.968364 -18.333345 69.999939 -7.399984 -18.924093 69.999939 4.250586 -18.924097 69.409187 4.250586 -18.333347 69.999939 -7.399984 -18.924093 69.409187 -6.968364 -18.333345 27.917252 -20.205400 -18.333338 27.533998 -20.947756 -18.924088 69.409187 8.349415 18.333347 69.999939 8.349415 18.924097 69.123833 7.582154 22.210131 68.517067 7.582154 21.603371 69.999939 8.349415 -18.924097 69.409187 8.349415 -18.333347 68.517067 7.582154 -21.603371 69.123833 7.582154 -22.210131 
						69.999939 4.250586 18.924097 69.409187 4.250586 18.333347 68.517067 5.017846 21.603371 69.123833 5.017846 22.210131 69.409187 4.250586 -18.333347 69.999939 4.250586 -18.924097 69.123833 5.017846 -22.210131 68.517067 5.017846 -21.603371 69.123833 5.017846 22.210131 68.517067 5.017846 21.603371 68.517067 7.582154 21.603371 69.123833 7.582154 22.210131 69.123833 7.582154 -22.210131 68.517067 7.582154 -21.603371 68.517067 5.017846 -21.603371 69.123833 5.017846 -22.210131 23.333334 34.887878 23.333332 69.999939 19.999985 23.333347 69.999939 19.999985 18.924097 27.533998 33.547756 18.924084 69.999939 19.999985 -23.333351 23.333334 34.887878 -23.333334 27.533998 33.547756 -18.924088 69.999939 19.999985 -18.924093 27.917252 32.805405 18.333332 69.409187 19.568365 18.333347 60.599937 13.132068 18.333347 25.239817 24.412891 18.333332 69.409187 19.568365 -18.333345 27.917252 32.805405 -18.333338 25.239817 24.412891 -18.333338 60.599937 13.132068 -18.333345 27.917252 32.805405 -18.333338 27.917252 32.805405 18.333332 25.239817 24.412891 18.333332 25.239817 24.412891 -18.333338 23.333334 -22.287878 23.333332 27.533998 -20.947754 18.924084 69.999939 -7.399984 18.924097 69.999939 -7.399984 23.333347 69.999939 -7.399984 -23.333345 69.999939 -7.399984 -18.924093 27.533998 -20.947756 -18.924088 23.333334 -22.287878 -23.333334 27.917252 -20.205400 18.333332 25.239817 -11.812891 18.333332 60.599937 -0.532067 18.333347 69.409187 -6.968364 18.333347 69.409187 -6.968364 -18.333345 60.599937 -0.532067 -18.333345 25.239817 -11.812891 -18.333338 27.917252 -20.205400 -18.333338 27.917252 -20.205400 -18.333338 25.239817 -11.812891 -18.333338 25.239817 -11.812891 18.333332 27.917252 -20.205400 18.333332 69.123833 7.582154 22.817013 69.123833 5.017846 22.817013 69.123833 5.017846 22.210131 69.123833 7.582154 22.210131 69.123833 5.017846 -22.817009 69.123833 7.582154 -22.817009 69.123833 7.582154 -22.210131 69.123833 5.017846 -22.210131 
						59.469078 7.582154 -21.603369 59.469078 5.017846 -21.603369 68.517067 5.017846 -21.603371 68.517067 7.582154 -21.603371 59.469078 5.017846 21.603371 59.469078 7.582154 21.603371 68.517067 7.582154 21.603371 68.517067 5.017846 21.603371 69.999939 19.999985 23.333347 69.999939 8.349415 23.333347 69.999939 8.349415 18.924097 69.999939 19.999985 18.924097 69.409187 8.349415 18.333347 60.599937 8.349415 18.333347 69.999939 8.349415 -18.924097 69.999939 8.349415 -23.333351 69.999939 19.999985 -23.333351 69.999939 19.999985 -18.924093 60.599937 8.349415 -18.333345 69.409187 8.349415 -18.333347 69.999939 -7.399984 23.333347 69.999939 -7.399984 18.924097 69.999939 4.250586 18.924097 69.999939 4.250586 23.333347 60.599937 4.250586 18.333347 69.409187 4.250586 18.333347 69.999939 4.250586 -18.924097 69.999939 -7.399984 -18.924093 69.999939 -7.399984 -23.333345 69.999939 4.250586 -23.333345 60.599937 4.250586 -18.333345 69.409187 4.250586 -18.333347 69.999939 4.250586 23.333347 69.999939 4.250586 18.924097 69.123833 5.017846 22.210131 69.123833 5.017846 22.817013 69.999939 8.349415 18.924097 69.999939 8.349415 23.333347 69.123833 7.582154 22.817013 69.123833 7.582154 22.210131 69.999939 8.349415 -23.333351 69.999939 8.349415 -18.924097 69.123833 7.582154 -22.210131 69.123833 7.582154 -22.817009 69.999939 4.250586 -18.924097 69.999939 4.250586 -23.333345 69.123833 5.017846 -22.817009 69.123833 5.017846 -22.210131 60.599937 4.250586 -18.333345 69.409187 4.250586 -18.333347 68.517067 5.017846 -21.603371 59.469078 5.017846 -21.603369 69.409187 8.349415 -18.333347 60.599937 8.349415 -18.333345 59.469078 7.582154 -21.603369 68.517067 7.582154 -21.603371 60.599937 8.349415 18.333347 69.409187 8.349415 18.333347 68.517067 7.582154 21.603371 59.469078 7.582154 21.603371 69.409187 4.250586 18.333347 60.599937 4.250586 18.333347 59.469078 5.017846 21.603371 68.517067 5.017846 21.603371 
						-19.649214 21.119720 66.490082 -18.333345 20.266039 64.836525 -18.333332 32.114586 27.696859 -19.649202 33.768143 26.843180 -18.333345 20.266039 64.836525 -19.649214 21.119720 66.490082 19.649212 21.119720 66.490082 18.333344 20.266039 64.836525 18.333344 20.266039 64.836525 19.649212 21.119720 66.490082 19.649206 33.768143 26.843180 18.333338 32.114586 27.696859 18.333338 32.114586 27.696859 19.649206 33.768143 26.843180 -19.649202 33.768143 26.843180 -18.333332 32.114586 27.696859 -19.649202 33.768143 -26.843184 -18.333332 32.114586 -27.696863 -18.333345 20.266039 -64.836525 -19.649214 21.119720 -66.490082 -18.333332 32.114586 -27.696863 -19.649202 33.768143 -26.843184 19.649206 33.768143 -26.843184 18.333338 32.114586 -27.696863 18.333338 32.114586 -27.696863 19.649206 33.768143 -26.843184 19.649212 21.119720 -66.490082 18.333344 20.266039 -64.836525 18.333344 20.266039 -64.836525 19.649212 21.119720 -66.490082 -19.649214 21.119720 -66.490082 -18.333345 20.266039 -64.836525 -23.333347 19.999985 69.999931 23.333345 19.999985 69.999931 19.649212 21.119720 66.490082 -19.649214 21.119720 66.490082 23.333334 34.887878 23.333332 19.649206 33.768143 26.843180 -23.333332 34.887878 23.333332 -19.649202 33.768143 26.843180 -23.333332 34.887878 -23.333334 23.333334 34.887878 -23.333334 19.649206 33.768143 -26.843184 -19.649202 33.768143 -26.843184 23.333345 19.999985 -69.999931 19.649212 21.119720 -66.490082 -23.333347 19.999985 -69.999931 -19.649214 21.119720 -66.490082 -23.333332 34.887878 -23.333334 -19.649202 33.768143 -26.843184 -18.333345 20.266039 64.836525 18.333344 20.266039 64.836525 18.333344 12.564352 62.379478 -18.333345 12.564352 62.379478 18.333344 20.266039 64.836525 18.333338 32.114586 27.696859 18.333338 24.412899 25.239813 18.333344 12.564352 62.379478 18.333338 32.114586 27.696859 -18.333332 32.114586 27.696859 -18.333332 24.412899 25.239813 18.333338 24.412899 25.239813 -18.333332 32.114586 27.696859 -18.333345 20.266039 64.836525 
						-18.333345 12.564352 62.379478 -18.333332 24.412899 25.239813 -18.333332 32.114586 -27.696863 18.333338 32.114586 -27.696863 18.333338 24.412899 -25.239817 -18.333332 24.412899 -25.239817 18.333338 32.114586 -27.696863 18.333344 20.266039 -64.836525 18.333344 12.564352 -62.379478 18.333338 24.412899 -25.239817 18.333344 20.266039 -64.836525 -18.333345 20.266039 -64.836525 -18.333345 12.564352 -62.379478 18.333344 12.564352 -62.379478 -18.333345 20.266039 -64.836525 -18.333332 32.114586 -27.696863 -18.333332 24.412899 -25.239817 -18.333345 12.564352 -62.379478 -69.999939 19.999985 18.924097 -69.409187 19.568365 18.333347 -69.409187 8.349415 18.333347 -69.999939 8.349415 18.924097 -69.409187 19.568365 18.333347 -69.999939 19.999985 18.924097 -27.533995 33.547756 18.924084 -27.917250 32.805405 18.333332 -27.917250 32.805405 18.333332 -27.533995 33.547756 18.924084 -27.533995 33.547756 -18.924088 -27.917250 32.805405 -18.333338 -27.917250 32.805405 -18.333338 -27.533995 33.547756 -18.924088 -69.999939 19.999985 -18.924093 -69.409187 19.568365 -18.333345 -69.409187 19.568365 -18.333345 -69.999939 19.999985 -18.924093 -69.999939 8.349415 -18.924097 -69.409187 8.349415 -18.333347 -69.409187 -6.968364 18.333347 -69.999939 -7.399984 18.924097 -69.999939 4.250586 18.924097 -69.409187 4.250586 18.333347 -69.999939 -7.399984 18.924097 -69.409187 -6.968364 18.333347 -27.917250 -20.205400 18.333332 -27.533995 -20.947754 18.924084 -27.533995 -20.947754 18.924084 -27.917250 -20.205400 18.333332 -27.917250 -20.205400 -18.333338 -27.533995 -20.947754 -18.924088 -27.533995 -20.947754 -18.924088 -27.917250 -20.205400 -18.333338 -69.409187 -6.968364 -18.333345 -69.999939 -7.399984 -18.924093 -69.999939 -7.399984 -18.924093 -69.409187 -6.968364 -18.333345 -69.409187 4.250586 -18.333347 -69.999939 4.250586 -18.924097 -69.409187 8.349415 -18.333347 -69.999939 8.349415 -18.924097 -69.123833 7.582154 -22.210131 -68.517067 7.582154 -21.603371 -69.999939 8.349415 18.924097 -69.409187 8.349415 18.333347 
						-68.517067 7.582154 21.603371 -69.123833 7.582154 22.210131 -69.999939 4.250586 -18.924097 -69.409187 4.250586 -18.333347 -68.517067 5.017846 -21.603371 -69.123833 5.017846 -22.210131 -69.409187 4.250586 18.333347 -69.999939 4.250586 18.924097 -69.123833 5.017846 22.210131 -68.517067 5.017846 21.603371 -69.123833 5.017846 -22.210131 -68.517067 5.017846 -21.603371 -68.517067 7.582154 -21.603371 -69.123833 7.582154 -22.210131 -68.517067 5.017846 21.603371 -69.123833 5.017846 22.210131 -69.123833 7.582154 22.210131 -68.517067 7.582154 21.603371 -69.999939 19.999985 23.333347 -23.333332 34.887878 23.333332 -27.533995 33.547756 18.924084 -69.999939 19.999985 18.924097 -23.333332 34.887878 -23.333334 -27.533995 33.547756 -18.924088 -69.999939 19.999985 -23.333345 -69.999939 19.999985 -18.924093 -69.409187 19.568365 18.333347 -27.917250 32.805405 18.333332 -25.239815 24.412891 18.333332 -60.599937 13.132065 18.333347 -27.917250 32.805405 18.333332 -27.917250 32.805405 -18.333338 -25.239815 24.412891 -18.333338 -25.239815 24.412891 18.333332 -27.917250 32.805405 -18.333338 -69.409187 19.568365 -18.333345 -60.599937 13.132065 -18.333345 -25.239815 24.412891 -18.333338 -69.999939 -7.399984 23.333347 -69.999939 -7.399984 18.924097 -27.533995 -20.947754 18.924084 -23.333332 -22.287878 23.333332 -27.533995 -20.947754 -18.924088 -23.333332 -22.287878 -23.333334 -69.999939 -7.399984 -18.924093 -69.999939 -7.399984 -23.333345 -69.409187 -6.968364 18.333347 -60.599937 -0.532065 18.333347 -25.239815 -11.812891 18.333332 -27.917250 -20.205400 18.333332 -27.917250 -20.205400 18.333332 -25.239815 -11.812891 18.333332 -25.239815 -11.812891 -18.333338 -27.917250 -20.205400 -18.333338 -27.917250 -20.205400 -18.333338 -25.239815 -11.812891 -18.333338 -60.599937 -0.532065 -18.333345 -69.409187 -6.968364 -18.333345 -69.123833 7.582154 -22.817009 -69.123833 5.017846 -22.817009 -69.123833 5.017846 -22.210131 -69.123833 7.582154 -22.210131 -59.469078 7.582154 21.603371 -59.469078 5.017846 21.603371 
						-68.517067 5.017846 21.603371 -68.517067 7.582154 21.603371 -59.469078 5.017846 -21.603369 -59.469078 7.582154 -21.603369 -68.517067 7.582154 -21.603371 -68.517067 5.017846 -21.603371 -69.123833 5.017846 22.817013 -69.123833 7.582154 22.817013 -69.123833 7.582154 22.210131 -69.123833 5.017846 22.210131 -69.999939 19.999985 -23.333345 -69.999939 8.349415 -23.333345 -69.999939 8.349415 -18.924097 -69.999939 19.999985 -18.924093 -69.409187 8.349415 -18.333347 -60.599937 8.349415 -18.333345 -69.999939 8.349415 18.924097 -69.999939 8.349415 23.333347 -69.999939 19.999985 23.333347 -69.999939 19.999985 18.924097 -60.599937 8.349415 18.333347 -69.409187 8.349415 18.333347 -69.999939 -7.399984 -23.333345 -69.999939 -7.399984 -18.924093 -69.999939 4.250586 -18.924097 -69.999939 4.250586 -23.333345 -60.599937 4.250586 -18.333345 -69.409187 4.250586 -18.333347 -69.999939 4.250586 18.924097 -69.999939 -7.399984 18.924097 -69.999939 -7.399984 23.333347 -69.999939 4.250586 23.333347 -60.599937 4.250586 18.333347 -69.409187 4.250586 18.333347 -69.999939 4.250586 -23.333345 -69.999939 4.250586 -18.924097 -69.123833 5.017846 -22.210131 -69.123833 5.017846 -22.817009 -69.999939 8.349415 -18.924097 -69.999939 8.349415 -23.333345 -69.123833 7.582154 -22.817009 -69.123833 7.582154 -22.210131 -60.599937 4.250586 18.333347 -69.409187 4.250586 18.333347 -68.517067 5.017846 21.603371 -59.469078 5.017846 21.603371 -69.409187 8.349415 18.333347 -60.599937 8.349415 18.333347 -59.469078 7.582154 21.603371 -68.517067 7.582154 21.603371 -60.599937 8.349415 -18.333345 -69.409187 8.349415 -18.333347 -68.517067 7.582154 -21.603371 -59.469078 7.582154 -21.603369 -69.409187 4.250586 -18.333347 -60.599937 4.250586 -18.333345 -59.469078 5.017846 -21.603369 -68.517067 5.017846 -21.603371 -69.999939 8.349415 23.333347 -69.999939 8.349415 18.924097 -69.123833 7.582154 22.210131 -69.123833 7.582154 22.817013 -69.999939 4.250586 18.924097 -69.999939 4.250586 23.333347 
						-69.123833 5.017846 22.817013 -69.123833 5.017846 22.210131 
					</float_array>
					<technique_common>
						<accessor count="706" offset="0" source="#meshId0-positions-array" stride="3">
							<param name="X" type="float" />
							<param name="Y" type="float" />
							<param name="Z" type="float" />
						</accessor>
					</technique_common>
				</source>
				<source id="meshId0-normals" name="meshId0-normals">
					<float_array id="meshId0-normals-array" count="2118"> 
						-0.290800 0.911521 0.290800 -0.290800 0.911521 0.290800 -0.290800 0.911521 0.290800 0.000000 0.952693 0.303935 0.000000 0.952693 0.303935 0.000000 0.952693 0.303935 0.000000 0.952693 0.303935 0.290800 0.911521 0.290800 0.290800 0.911521 0.290800 0.290800 0.911521 0.290800 -0.303934 0.952693 0.000000 -0.303935 0.952693 0.000000 -0.303935 0.952693 0.000000 -0.303935 0.952693 0.000000 0.000000 1.000000 0.000000 0.000000 1.000000 0.000000 0.000000 1.000000 0.000000 0.000000 1.000000 0.000000 0.303934 0.952693 0.000000 0.303934 0.952693 0.000000 0.303934 0.952693 0.000000 0.303934 0.952693 0.000000 -0.290800 0.911521 -0.290800 -0.290800 0.911521 -0.290800 -0.290800 0.911521 -0.290800 0.000000 0.952693 -0.303935 0.000000 0.952693 -0.303935 0.000000 0.952693 -0.303935 0.000000 0.952693 -0.303935 0.290800 0.911521 -0.290800 0.290800 0.911521 -0.290800 0.290800 0.911521 -0.290800 -0.290800 -0.911521 0.290800 -0.290800 -0.911521 0.290800 -0.290800 -0.911521 0.290800 0.000000 -0.952693 0.303935 0.000000 -0.952693 0.303935 0.000000 -0.952693 0.303935 0.000000 -0.952693 0.303935 0.290800 -0.911521 0.290800 0.290800 -0.911521 0.290800 0.290800 -0.911521 0.290800 -0.303934 -0.952693 0.000000 -0.303934 -0.952693 0.000000 -0.303934 -0.952693 0.000000 -0.303934 -0.952693 0.000000 0.000000 -1.000000 0.000000 0.000000 -1.000000 0.000000 0.000000 -1.000000 0.000000 0.000000 -1.000000 0.000000 0.303934 -0.952693 0.000000 0.303934 -0.952693 0.000000 0.303934 -0.952693 0.000000 0.303934 -0.952693 0.000000 -0.290800 -0.911521 -0.290800 -0.290800 -0.911521 -0.290800 -0.290800 -0.911521 -0.290800 0.000000 -0.952693 -0.303935 0.000000 -0.952693 -0.303935 0.000000 -0.952693 -0.303935 0.000000 -0.952693 -0.303935 0.290800 -0.911521 -0.290800 0.290800 -0.911521 -0.290800 0.290800 -0.911521 -0.290800 
						0.000000 -0.952693 0.303934 0.000000 -0.952693 0.303934 0.000000 -0.952693 0.303934 0.000000 -0.952693 0.303934 0.000000 -0.952693 0.303935 0.000000 -0.952693 0.303935 0.000000 -0.952693 0.303934 0.000000 -0.952693 0.303934 0.000000 -0.952693 -0.303934 0.000000 -0.952693 -0.303934 0.000000 -0.952693 -0.303934 0.000000 -0.952693 -0.303934 0.000000 -0.952693 -0.303934 0.000000 -0.952693 -0.303934 0.000000 -0.952693 -0.303934 0.000000 -0.952693 -0.303934 0.000000 -0.303935 -0.952693 0.000000 -0.303935 -0.952693 0.000000 -0.303935 -0.952693 0.000000 -0.303935 -0.952693 -1.000000 -0.000000 0.000000 -1.000000 -0.000000 0.000000 -1.000000 -0.000000 0.000000 -1.000000 -0.000000 0.000000 0.000000 0.303934 0.952693 0.000000 0.303934 0.952693 0.000000 0.303934 0.952693 0.000000 0.303934 0.952693 1.000000 -0.000000 0.000000 1.000000 -0.000000 0.000000 1.000000 -0.000000 0.000000 1.000000 -0.000000 0.000000 0.000000 0.303934 -0.952693 0.000000 0.303934 -0.952693 0.000000 0.303934 -0.952693 0.000000 0.303934 -0.952693 -1.000000 0.000000 -0.000000 -1.000000 0.000000 -0.000000 -1.000000 0.000000 -0.000000 -1.000000 0.000000 -0.000000 0.000000 -0.303935 0.952693 0.000000 -0.303935 0.952693 0.000000 -0.303935 0.952693 0.000000 -0.303935 0.952693 1.000000 0.000000 -0.000000 1.000000 0.000000 -0.000000 1.000000 0.000000 -0.000000 1.000000 0.000000 -0.000000 0.000000 0.000000 1.000000 0.000000 0.000000 1.000000 0.000000 0.000000 1.000000 0.000000 0.000000 1.000000 -0.707107 0.000000 0.707107 -0.707107 0.000000 0.707107 -0.707107 0.000000 0.707107 -0.707107 0.000000 0.707107 0.707107 0.000000 0.707107 0.707107 0.000000 0.707107 0.707107 0.000000 0.707107 0.707107 0.000000 0.707107 -0.707107 0.000000 -0.707107 -0.707107 0.000000 -0.707107 -0.707107 0.000000 -0.707107 -0.707107 0.000000 -0.707107 
						0.000000 0.000000 -1.000000 0.000000 0.000000 -1.000000 0.000000 0.000000 -1.000000 0.000000 0.000000 -1.000000 0.707107 0.000000 -0.707107 0.707107 0.000000 -0.707107 0.707107 0.000000 -0.707107 0.707107 0.000000 -0.707107 1.000000 0.000000 0.000000 1.000000 0.000000 0.000000 1.000000 0.000000 0.000000 1.000000 0.000000 0.000000 -1.000000 0.000000 0.000000 -1.000000 0.000000 0.000000 -1.000000 0.000000 0.000000 -1.000000 0.000000 0.000000 0.707107 0.000000 0.707107 0.707107 0.000000 0.707107 0.707107 0.000000 0.707107 0.707107 0.000000 0.707107 0.000000 0.000000 -1.000000 0.000000 0.000000 -1.000000 0.000000 0.000000 -1.000000 0.000000 0.000000 -1.000000 -0.707107 0.000000 0.707107 -0.707107 0.000000 0.707107 -0.707107 0.000000 0.707107 -0.707107 0.000000 0.707107 0.000000 0.000000 1.000000 0.000000 0.000000 1.000000 0.000000 0.000000 1.000000 0.000000 0.000000 1.000000 0.707107 0.000000 -0.707107 0.707107 0.000000 -0.707107 0.707107 0.000000 -0.707107 0.707107 0.000000 -0.707107 1.000000 0.000000 0.000000 1.000000 0.000000 0.000000 1.000000 0.000000 0.000000 1.000000 0.000000 0.000000 -0.707107 0.000000 -0.707107 -0.707107 0.000000 -0.707107 -0.707107 0.000000 -0.707107 -0.707107 0.000000 -0.707107 -1.000000 0.000000 0.000000 -1.000000 0.000000 0.000000 -1.000000 0.000000 0.000000 -1.000000 0.000000 0.000000 0.707107 0.000000 0.707107 0.707107 0.000000 0.707107 0.707107 0.000000 0.707107 0.707107 0.000000 0.707107 0.000000 0.000000 -1.000000 0.000000 0.000000 -1.000000 0.000000 0.000000 -1.000000 0.000000 0.000000 -1.000000 -0.707107 0.000000 0.707107 -0.707107 0.000000 0.707107 -0.707107 0.000000 0.707107 -0.707107 0.000000 0.707107 0.000000 0.000000 1.000000 0.000000 0.000000 1.000000 0.000000 0.000000 1.000000 0.000000 0.000000 1.000000 
						0.707107 0.000000 -0.707107 0.707107 0.000000 -0.707107 0.707107 0.000000 -0.707107 0.707107 0.000000 -0.707107 1.000000 0.000000 0.000000 1.000000 0.000000 0.000000 1.000000 0.000000 0.000000 1.000000 0.000000 0.000000 -0.707107 0.000000 -0.707107 -0.707107 0.000000 -0.707107 -0.707107 0.000000 -0.707107 -0.707107 0.000000 -0.707107 -1.000000 0.000000 0.000000 -1.000000 0.000000 0.000000 -1.000000 0.000000 0.000000 -1.000000 0.000000 0.000000 0.000000 0.752293 0.658829 0.000000 0.752293 0.658829 0.000000 0.752293 0.658829 0.000000 0.752293 0.658829 0.000000 -0.752292 0.658829 0.000000 -0.752292 0.658829 0.000000 -0.752292 0.658830 0.000000 -0.752292 0.658830 -0.434637 -0.788785 0.434637 -0.434637 -0.788785 0.434637 -0.434637 -0.788785 0.434637 -0.434637 -0.788785 0.434637 -0.434637 0.788785 0.434637 -0.434637 0.788785 0.434637 -0.434637 0.788785 0.434637 -0.434637 0.788785 0.434637 0.434636 0.788786 0.434636 0.434636 0.788786 0.434636 0.434636 0.788786 0.434636 0.434636 0.788786 0.434636 0.434636 -0.788786 0.434636 0.434636 -0.788786 0.434636 0.434636 -0.788786 0.434636 0.434636 -0.788786 0.434636 -0.434636 0.788786 -0.434636 -0.434636 0.788786 -0.434636 -0.434636 0.788786 -0.434636 -0.434636 0.788786 -0.434636 -0.434636 -0.788786 -0.434636 -0.434636 -0.788786 -0.434636 -0.434636 -0.788786 -0.434636 -0.434636 -0.788786 -0.434636 0.000000 -0.752292 -0.658829 0.000000 -0.752292 -0.658829 0.000000 -0.752292 -0.658830 0.000000 -0.752292 -0.658830 0.000000 0.752293 -0.658829 0.000000 0.752293 -0.658829 0.000000 0.752293 -0.658829 0.000000 0.752293 -0.658829 0.434637 -0.788785 -0.434637 0.434637 -0.788785 -0.434637 0.434637 -0.788785 -0.434637 0.434637 -0.788785 -0.434637 0.434636 0.788786 -0.434636 0.434636 0.788786 -0.434636 0.434636 0.788786 -0.434636 0.434636 0.788786 -0.434636 
						0.561447 -0.827513 0.000000 0.561447 -0.827513 0.000000 0.561447 -0.827513 0.000000 0.561447 -0.827513 0.000000 0.561447 0.827513 0.000000 0.561447 0.827513 0.000000 0.561447 0.827513 0.000000 0.561447 0.827513 0.000000 -0.561447 -0.827513 0.000000 -0.561447 -0.827513 0.000000 -0.561447 -0.827513 0.000000 -0.561447 -0.827513 0.000000 -0.561447 0.827513 0.000000 -0.561447 0.827513 0.000000 -0.561447 0.827513 0.000000 -0.561447 0.827513 0.000000 0.888570 0.458742 0.000000 0.888570 0.458742 0.000000 0.888570 0.458742 0.000000 0.888570 0.458742 0.000000 0.214915 0.673655 -0.707107 0.214915 0.673655 -0.707107 0.214915 0.673655 -0.707107 0.214915 0.673655 -0.707107 0.707106 0.000000 -0.707108 0.707106 0.000000 -0.707108 0.707105 0.000000 -0.707108 0.707105 0.000000 -0.707108 0.707104 0.000000 0.707110 0.707104 0.000000 0.707110 0.707104 0.000000 0.707110 0.707104 0.000000 0.707110 0.214914 0.673655 0.707107 0.214914 0.673655 0.707107 0.214914 0.673655 0.707107 0.214914 0.673655 0.707107 0.214915 -0.673655 -0.707107 0.214915 -0.673655 -0.707107 0.214915 -0.673655 -0.707107 0.214915 -0.673655 -0.707107 0.888570 -0.458741 0.000000 0.888570 -0.458742 0.000000 0.888570 -0.458741 0.000000 0.888570 -0.458741 0.000000 0.707106 0.000000 -0.707107 0.707106 0.000000 -0.707107 0.707106 0.000000 -0.707107 0.707106 0.000000 -0.707107 0.707105 0.000000 0.707109 0.707105 0.000000 0.707109 0.707105 0.000000 0.707109 0.707105 0.000000 0.707109 0.214914 -0.673655 0.707107 0.214914 -0.673655 0.707107 0.214914 -0.673655 0.707107 0.214914 -0.673655 0.707107 0.178380 -0.967657 -0.178381 0.178380 -0.967657 -0.178381 0.178380 -0.967657 -0.178381 0.178380 -0.967657 -0.178381 0.178379 -0.967658 0.178380 0.178379 -0.967658 0.178380 0.178379 -0.967658 0.178380 0.178379 -0.967658 0.178380 
						0.178379 0.967658 -0.178380 0.178379 0.967658 -0.178380 0.178379 0.967658 -0.178380 0.178379 0.967658 -0.178380 0.178380 0.967657 0.178381 0.178380 0.967657 0.178381 0.178380 0.967657 0.178381 0.178380 0.967657 0.178381 0.707103 0.000000 -0.707110 0.707103 0.000000 -0.707110 0.707103 0.000000 -0.707110 0.707103 0.000000 -0.707110 0.707103 0.000000 0.707110 0.707103 0.000000 0.707110 0.707103 0.000000 0.707110 0.707103 0.000000 0.707110 0.303934 0.952693 0.000000 0.303934 0.952693 0.000000 0.303934 0.952693 0.000000 0.303934 0.952693 0.000000 0.303934 0.952693 -0.000001 0.303934 0.952693 -0.000001 0.303934 0.952693 -0.000001 0.303934 0.952693 -0.000001 0.000000 -0.000000 -1.000000 0.000000 -0.000000 -1.000000 0.000000 -0.000000 -1.000000 0.000000 -0.000000 -1.000000 0.000000 -0.000000 1.000000 0.000000 -0.000000 1.000000 0.000000 -0.000000 1.000000 0.000000 -0.000000 1.000000 0.952693 -0.303934 0.000000 0.952693 -0.303934 0.000000 0.952693 -0.303934 0.000000 0.952693 -0.303934 0.000000 0.303934 -0.952693 0.000000 0.303934 -0.952693 0.000000 0.303934 -0.952693 0.000000 0.303934 -0.952693 0.000000 0.303934 -0.952693 -0.000000 0.303934 -0.952693 -0.000000 0.303934 -0.952693 -0.000000 0.303934 -0.952693 -0.000000 0.000000 0.000000 -1.000000 0.000000 0.000000 -1.000000 0.000000 0.000000 -1.000000 0.000000 0.000000 -1.000000 0.000000 0.000000 1.000000 0.000000 0.000000 1.000000 0.000000 0.000000 1.000000 0.000000 0.000000 1.000000 0.952693 0.303934 0.000000 0.952693 0.303934 0.000000 0.952693 0.303934 0.000000 0.952693 0.303934 0.000000 1.000000 0.000000 0.000000 1.000000 0.000000 0.000000 1.000000 0.000000 0.000000 1.000000 0.000000 0.000000 1.000000 0.000000 0.000000 1.000000 0.000000 0.000000 1.000000 0.000000 0.000000 1.000000 0.000000 0.000000 
						0.000000 0.000000 1.000000 0.000000 0.000000 1.000000 0.000000 0.000000 1.000000 0.000000 0.000000 1.000000 0.000000 0.000000 -1.000000 0.000000 0.000000 -1.000000 0.000000 0.000000 -1.000000 0.000000 0.000000 -1.000000 1.000000 0.000000 0.000000 1.000000 0.000000 0.000000 1.000000 0.000000 0.000000 1.000000 0.000000 0.000000 -0.000000 0.000000 -1.000000 -0.000000 0.000000 -1.000000 1.000000 0.000000 0.000000 1.000000 0.000000 0.000000 1.000000 0.000000 0.000000 1.000000 0.000000 0.000000 0.000000 -0.000000 1.000000 0.000000 -0.000000 1.000000 1.000000 0.000000 0.000000 1.000000 0.000000 0.000000 1.000000 0.000000 0.000000 1.000000 0.000000 0.000000 -0.000000 0.000000 -1.000000 -0.000000 0.000000 -1.000000 1.000000 0.000000 0.000000 1.000000 0.000000 0.000000 1.000000 0.000000 0.000000 1.000000 0.000000 0.000000 0.000000 0.000000 1.000000 0.000000 0.000000 1.000000 0.658831 0.752291 0.000000 0.658831 0.752291 0.000000 0.658831 0.752291 0.000000 0.658831 0.752291 0.000000 0.658830 -0.752292 0.000000 0.658830 -0.752292 0.000000 0.658830 -0.752292 0.000000 0.658830 -0.752292 0.000000 0.658830 -0.752292 0.000000 0.658830 -0.752292 0.000000 0.658830 -0.752292 0.000000 0.658830 -0.752292 0.000000 0.658830 0.752292 0.000000 0.658830 0.752292 0.000000 0.658830 0.752292 0.000000 0.658830 0.752292 0.000000 0.000000 0.973560 0.228431 0.000000 0.973560 0.228431 0.000000 0.973560 0.228431 0.000000 0.973560 0.228431 0.000000 -0.973560 0.228431 0.000000 -0.973560 0.228431 0.000000 -0.973560 0.228431 0.000000 -0.973560 0.228431 0.000000 -0.973560 -0.228431 0.000000 -0.973560 -0.228431 0.000000 -0.973560 -0.228431 0.000000 -0.973560 -0.228431 0.000000 0.973560 -0.228431 0.000000 0.973560 -0.228431 0.000000 0.973560 -0.228431 0.000000 0.973560 -0.228431 
						0.707106 0.673657 0.214914 0.707106 0.673657 0.214914 0.707106 0.673657 0.214914 0.707106 0.673657 0.214914 0.000000 0.888570 -0.458741 0.000000 0.888570 -0.458741 0.000000 0.888570 -0.458741 0.000000 0.888570 -0.458741 -0.707106 0.673657 0.214914 -0.707106 0.673657 0.214914 -0.707106 0.673657 0.214914 -0.707106 0.673657 0.214914 0.000000 0.458742 0.888570 0.000000 0.458742 0.888570 0.000000 0.458742 0.888570 0.000000 0.458742 0.888570 0.707107 0.673655 -0.214914 0.707107 0.673655 -0.214914 0.707107 0.673655 -0.214914 0.707107 0.673655 -0.214914 0.000000 0.458742 -0.888570 0.000000 0.458742 -0.888570 0.000000 0.458742 -0.888570 0.000000 0.458742 -0.888570 -0.707107 0.673655 -0.214914 -0.707107 0.673655 -0.214914 -0.707107 0.673655 -0.214914 -0.707107 0.673655 -0.214914 0.000000 0.888570 0.458741 0.000000 0.888570 0.458741 0.000000 0.888570 0.458741 0.000000 0.888570 0.458741 0.000000 0.952693 0.303934 0.000000 0.952693 0.303934 0.000000 0.952693 0.303934 0.000000 0.952693 0.303934 -0.000000 0.952693 0.303935 -0.000000 0.952693 0.303935 0.000000 0.952693 0.303935 0.000000 0.952693 0.303934 0.000000 0.952693 -0.303935 0.000000 0.952693 -0.303935 0.000000 0.952693 -0.303934 0.000000 0.952693 -0.303934 -0.000000 0.952693 -0.303934 -0.000000 0.952693 -0.303934 0.000000 0.952693 -0.303934 0.000000 0.952693 -0.303934 0.000000 0.952693 -0.303934 0.000000 0.952693 -0.303934 0.000000 0.303935 -0.952693 0.000000 0.303935 -0.952693 0.000000 0.303935 -0.952693 0.000000 0.303935 -0.952693 -1.000000 -0.000000 0.000000 -1.000000 -0.000000 0.000000 -1.000000 -0.000000 0.000000 -1.000000 -0.000000 0.000000 0.000000 -0.303935 0.952693 0.000000 -0.303935 0.952693 0.000000 -0.303935 0.952693 0.000000 -0.303935 0.952693 1.000000 -0.000000 0.000000 1.000000 -0.000000 0.000000 
						1.000000 -0.000000 0.000000 1.000000 -0.000000 0.000000 0.000000 -0.303935 -0.952693 0.000000 -0.303935 -0.952693 0.000000 -0.303935 -0.952693 0.000000 -0.303935 -0.952693 -1.000000 -0.000000 -0.000000 -1.000000 -0.000000 -0.000000 -1.000000 -0.000000 -0.000000 -1.000000 -0.000000 -0.000000 0.000000 0.303935 0.952693 0.000000 0.303935 0.952693 0.000000 0.303935 0.952693 0.000000 0.303935 0.952693 1.000000 -0.000000 -0.000000 1.000000 -0.000000 -0.000000 1.000000 -0.000000 -0.000000 1.000000 -0.000000 -0.000000 -0.707106 0.000000 -0.707108 -0.707106 0.000000 -0.707108 -0.707105 0.000000 -0.707108 -0.707105 0.000000 -0.707108 -0.214915 0.673655 -0.707107 -0.214915 0.673655 -0.707107 -0.214915 0.673655 -0.707107 -0.214915 0.673655 -0.707107 -0.888569 0.458744 0.000000 -0.888569 0.458743 0.000000 -0.888569 0.458743 0.000000 -0.888569 0.458744 0.000000 -0.214914 0.673655 0.707107 -0.214914 0.673655 0.707107 -0.214914 0.673655 0.707107 -0.214914 0.673655 0.707107 -0.707104 -0.000000 0.707110 -0.707104 -0.000000 0.707110 -0.707104 -0.000000 0.707110 -0.707104 -0.000000 0.707110 -0.707106 0.000000 -0.707107 -0.707106 0.000000 -0.707107 -0.707106 0.000000 -0.707107 -0.707106 0.000000 -0.707107 -0.214915 -0.673655 -0.707107 -0.214915 -0.673655 -0.707107 -0.214915 -0.673655 -0.707107 -0.214915 -0.673655 -0.707107 -0.888570 -0.458742 0.000000 -0.888570 -0.458742 0.000000 -0.888570 -0.458742 0.000000 -0.888570 -0.458742 0.000000 -0.214914 -0.673655 0.707107 -0.214914 -0.673655 0.707107 -0.214914 -0.673655 0.707107 -0.214914 -0.673655 0.707107 -0.707105 -0.000000 0.707109 -0.707105 -0.000000 0.707109 -0.707105 -0.000000 0.707109 -0.707105 -0.000000 0.707109 -0.178380 -0.967657 0.178381 -0.178380 -0.967657 0.178381 -0.178380 -0.967657 0.178381 -0.178380 -0.967657 0.178381 -0.178379 -0.967658 -0.178380 -0.178379 -0.967658 -0.178380 
						-0.178379 -0.967658 -0.178380 -0.178379 -0.967658 -0.178380 -0.178379 0.967658 0.178380 -0.178379 0.967658 0.178380 -0.178379 0.967658 0.178380 -0.178379 0.967658 0.178380 -0.178380 0.967657 -0.178381 -0.178380 0.967657 -0.178381 -0.178380 0.967657 -0.178381 -0.178380 0.967657 -0.178381 -0.707103 0.000000 0.707110 -0.707103 0.000000 0.707110 -0.707103 0.000000 0.707110 -0.707103 0.000000 0.707110 -0.707103 0.000000 -0.707110 -0.707103 0.000000 -0.707110 -0.707103 0.000000 -0.707110 -0.707103 0.000000 -0.707110 -0.303934 0.952693 0.000000 -0.303934 0.952693 0.000000 -0.303934 0.952693 0.000000 -0.303934 0.952693 0.000000 -0.303934 0.952693 0.000000 -0.303934 0.952693 0.000000 -0.303934 0.952693 0.000000 -0.303934 0.952693 0.000000 -0.000000 -0.000000 -1.000000 -0.000000 -0.000000 -1.000000 -0.000000 -0.000000 -1.000000 -0.000000 -0.000000 -1.000000 -0.952693 -0.303934 0.000000 -0.952693 -0.303934 0.000000 -0.952693 -0.303934 0.000000 -0.952693 -0.303934 0.000000 -0.000000 -0.000000 1.000000 -0.000000 -0.000000 1.000000 -0.000000 -0.000000 1.000000 -0.000000 -0.000000 1.000000 -0.303934 -0.952693 0.000000 -0.303934 -0.952693 0.000000 -0.303934 -0.952693 0.000000 -0.303934 -0.952693 0.000000 -0.303935 -0.952693 0.000000 -0.303935 -0.952693 0.000000 -0.303934 -0.952693 0.000000 -0.303934 -0.952693 0.000000 -0.000000 0.000000 -1.000000 -0.000000 0.000000 -1.000000 -0.000000 0.000000 -1.000000 -0.000000 0.000000 -1.000000 -0.952693 0.303934 0.000000 -0.952693 0.303934 0.000000 -0.952693 0.303934 0.000000 -0.952693 0.303934 0.000000 -0.000000 0.000000 1.000000 -0.000000 0.000000 1.000000 -0.000000 0.000000 1.000000 -0.000000 0.000000 1.000000 -1.000000 0.000000 0.000000 -1.000000 0.000000 0.000000 -1.000000 0.000000 0.000000 -1.000000 0.000000 0.000000 0.000000 0.000000 -1.000000 0.000000 0.000000 -1.000000 
						0.000000 0.000000 -1.000000 0.000000 0.000000 -1.000000 -0.000000 0.000000 1.000000 -0.000000 0.000000 1.000000 -0.000000 0.000000 1.000000 -0.000000 0.000000 1.000000 -1.000000 0.000000 0.000000 -1.000000 0.000000 0.000000 -1.000000 0.000000 0.000000 -1.000000 0.000000 0.000000 -1.000000 0.000000 0.000000 -1.000000 0.000000 0.000000 -1.000000 0.000000 0.000000 -1.000000 0.000000 0.000000 -0.000000 -0.000000 1.000000 -0.000000 -0.000000 1.000000 -1.000000 0.000000 0.000000 -1.000000 0.000000 0.000000 -1.000000 0.000000 0.000000 -1.000000 0.000000 0.000000 0.000000 0.000000 -1.000000 0.000000 0.000000 -1.000000 -1.000000 0.000000 0.000000 -1.000000 0.000000 0.000000 -1.000000 0.000000 0.000000 -1.000000 0.000000 0.000000 0.000000 0.000000 1.000000 0.000000 0.000000 1.000000 -1.000000 0.000000 0.000000 -1.000000 0.000000 0.000000 -1.000000 0.000000 0.000000 -1.000000 0.000000 0.000000 0.000000 0.000000 -1.000000 0.000000 0.000000 -1.000000 -0.658829 0.752293 0.000000 -0.658829 0.752293 0.000000 -0.658829 0.752293 0.000000 -0.658829 0.752293 0.000000 -0.658830 -0.752292 0.000000 -0.658830 -0.752292 0.000000 -0.658830 -0.752292 0.000000 -0.658830 -0.752292 0.000000 0.000000 0.973560 -0.228431 0.000000 0.973560 -0.228431 0.000000 0.973560 -0.228431 0.000000 0.973560 -0.228431 0.000000 -0.973560 -0.228431 0.000000 -0.973560 -0.228431 0.000000 -0.973560 -0.228431 0.000000 -0.973560 -0.228431 -0.000000 -0.973560 0.228431 -0.000000 -0.973560 0.228431 -0.000000 -0.973560 0.228431 -0.000000 -0.973560 0.228431 -0.000000 0.973560 0.228431 -0.000000 0.973560 0.228431 -0.000000 0.973560 0.228431 -0.000000 0.973560 0.228431 -0.658831 -0.752291 0.000000 -0.658831 -0.752291 0.000000 -0.658831 -0.752291 0.000000 -0.658831 -0.752291 0.000000 -0.658830 0.752292 0.000000 -0.658830 0.752292 0.000000 
						-0.658830 0.752292 0.000000 -0.658830 0.752292 0.000000 
					</float_array>
					<technique_common>
						<accessor count="706" offset="0" source="#meshId0-normals-array" stride="3">
							<param name="X" type="float" />
							<param name="Y" type="float" />
							<param name="Z" type="float" />
						</accessor>
					</technique_common>
				</source>
				<source id="meshId0-tangents" name="meshId0-tangents">
					<float_array id="meshId0-tangents-array" count="2118"> 
						0.707107 0.000000 0.707107 0.707107 0.000000 0.707107 0.707107 0.000000 0.707107 0.000000 -0.303935 0.952693 0.000000 -0.303935 0.952693 0.000000 -0.303935 0.952693 0.000000 -0.303935 0.952693 0.644543 -0.411253 0.644543 0.644543 -0.411253 0.644543 0.644543 -0.411253 0.644543 0.000000 0.000000 1.000000 0.000000 0.000000 1.000000 0.000000 0.000000 1.000000 0.000000 0.000000 1.000000 0.707107 0.000000 0.707107 0.707107 0.000000 0.707107 0.707107 0.000000 0.707107 0.707107 0.000000 0.707107 0.000000 0.000000 1.000000 0.000000 0.000000 1.000000 0.000000 0.000000 1.000000 0.000000 0.000000 1.000000 0.644543 0.411253 0.644543 0.644543 0.411253 0.644543 0.644543 0.411253 0.644543 -0.000000 0.303935 0.952693 0.000000 0.303935 0.952693 0.000001 0.303935 0.952693 0.000000 0.303935 0.952693 0.707107 0.000000 0.707107 0.707107 -0.000000 0.707107 0.707107 -0.000000 0.707107 -0.707107 -0.000000 -0.707107 -0.707107 -0.000000 -0.707107 -0.707107 -0.000000 -0.707107 -0.000001 -0.303935 -0.952693 -0.000000 -0.303935 -0.952693 -0.000000 -0.303935 -0.952693 -0.000000 -0.303935 -0.952693 -0.644542 -0.411253 -0.644543 -0.644543 -0.411253 -0.644543 -0.644543 -0.411253 -0.644543 0.000000 0.000000 -1.000000 0.000000 0.000000 -1.000000 0.000000 0.000000 -1.000000 0.000000 0.000000 -1.000000 -0.707107 0.000000 -0.707107 -0.707107 0.000000 -0.707107 -0.707107 0.000000 -0.707107 -0.707107 0.000000 -0.707107 0.000000 0.000000 -1.000000 0.000000 0.000000 -1.000000 0.000000 0.000000 -1.000000 0.000000 0.000000 -1.000000 -0.644543 0.411253 -0.644543 -0.644543 0.411253 -0.644543 -0.644543 0.411253 -0.644543 -0.000000 0.303935 -0.952693 -0.000000 0.303935 -0.952693 0.000000 0.303935 -0.952693 -0.000000 0.303935 -0.952693 -0.707107 -0.000000 -0.707107 -0.707107 -0.000000 -0.707107 -0.707107 -0.000000 -0.707107 
						-0.689772 -0.220057 -0.689775 -0.689772 -0.220057 -0.689775 -0.689774 -0.220056 -0.689774 -0.689773 -0.220056 -0.689774 -0.689774 -0.220056 -0.689773 -0.689774 -0.220056 -0.689773 -0.689772 -0.220057 -0.689775 -0.689772 -0.220057 -0.689775 -0.689772 0.220057 -0.689775 -0.689772 0.220057 -0.689775 -0.689771 0.220057 -0.689776 -0.689771 0.220057 -0.689776 -0.689777 0.220055 -0.689770 -0.689776 0.220055 -0.689771 -0.689772 0.220057 -0.689775 -0.689772 0.220057 -0.689775 0.000000 0.952693 -0.303935 0.000000 0.952693 -0.303935 0.000000 0.952693 -0.303935 0.000000 0.952693 -0.303935 -0.000000 0.952726 -0.303831 -0.000000 0.952726 -0.303831 -0.000000 0.952726 -0.303832 -0.000000 0.952726 -0.303832 0.000000 -0.952693 0.303934 0.000000 -0.952693 0.303934 0.000000 -0.952693 0.303934 0.000000 -0.952693 0.303934 -0.000000 0.303833 0.952725 -0.000000 0.303833 0.952725 -0.000000 0.303832 0.952726 -0.000000 0.303832 0.952726 0.000000 0.952693 0.303934 0.000000 0.952693 0.303934 0.000000 0.952693 0.303934 0.000000 0.952693 0.303934 -0.000000 -0.952725 -0.303834 -0.000000 -0.952725 -0.303834 -0.000000 -0.952726 -0.303832 -0.000000 -0.952725 -0.303833 0.000000 -0.952693 -0.303935 0.000000 -0.952693 -0.303935 0.000000 -0.952693 -0.303935 0.000000 -0.952693 -0.303935 -0.000000 0.952725 0.303834 -0.000000 0.952725 0.303835 -0.000000 0.952724 0.303837 -0.000000 0.952724 0.303837 -0.000017 1.000000 0.000000 -0.000008 1.000000 0.000000 0.000221 1.000000 0.000000 0.000212 1.000000 0.000000 -0.000013 1.000000 -0.000013 -0.000011 1.000000 -0.000011 0.000068 1.000000 0.000068 0.000066 1.000000 0.000066 -0.000154 -1.000000 0.000154 -0.000153 -1.000000 0.000153 -0.000117 -1.000000 0.000117 -0.000118 -1.000000 0.000118 -0.000131 -1.000000 0.000131 -0.000123 -1.000000 0.000123 0.000168 -1.000000 -0.000168 0.000161 -1.000000 -0.000161 
						0.000060 -1.000000 0.000000 0.000064 -1.000000 0.000000 0.000162 -1.000000 0.000000 0.000158 -1.000000 0.000000 0.000115 -1.000000 0.000115 0.000114 -1.000000 0.000114 0.000063 -1.000000 0.000063 0.000065 -1.000000 0.000065 0.000000 -1.000000 0.000076 0.000000 -1.000000 0.000069 0.000000 -1.000000 -0.000089 0.000000 -1.000000 -0.000083 0.000000 -1.000000 -0.000097 0.000000 -1.000000 -0.000089 0.000000 -1.000000 0.000109 0.000000 -1.000000 0.000102 0.000000 -1.000000 0.000000 0.000000 -1.000000 0.000000 0.000000 -1.000000 0.000000 0.000000 -1.000000 0.000000 0.000000 1.000000 0.000000 0.000000 1.000000 0.000000 0.000000 1.000000 0.000000 0.000000 1.000000 0.000000 -0.000004 1.000000 -0.000004 -0.000000 1.000000 -0.000000 0.000000 1.000000 0.000000 -0.000004 1.000000 -0.000004 -0.000006 1.000000 0.000000 -0.000015 1.000000 0.000000 -0.000016 1.000000 0.000000 -0.000008 1.000000 0.000000 0.000000 1.000000 0.000000 0.000000 1.000000 0.000000 0.000000 1.000000 0.000000 0.000000 1.000000 0.000000 0.000000 -0.000000 1.000000 0.000000 0.000001 1.000000 0.000000 0.000001 1.000000 0.000000 -0.000000 1.000000 0.000000 1.000000 0.000000 0.000000 1.000000 0.000000 0.000000 1.000000 0.000000 0.000000 1.000000 0.000000 0.000000 0.000000 -1.000000 0.000000 0.000000 -1.000000 0.000000 0.000000 -1.000000 0.000000 0.000000 -1.000000 0.000001 -1.000000 -0.000001 0.000000 -1.000000 -0.000000 0.000000 -1.000000 0.000000 0.000001 -1.000000 -0.000001 -0.000019 1.000000 0.000000 -0.000017 1.000000 0.000000 -0.000007 1.000000 0.000000 -0.000009 1.000000 0.000000 -0.707107 0.000000 -0.707107 -0.707107 -0.000806 -0.707107 -0.707088 -0.007242 -0.707088 -0.707092 -0.006437 -0.707092 -1.000000 0.000001 0.000000 -1.000000 0.000001 0.000000 -1.000000 0.000001 0.000000 -1.000000 0.000001 0.000000 
						0.000000 1.000000 0.000000 -0.000001 1.000000 -0.000001 -0.000005 1.000000 -0.000005 -0.000005 1.000000 -0.000005 0.000000 -1.000000 0.000000 0.000000 -1.000000 0.000000 0.000000 -1.000000 0.000000 0.000000 -1.000000 0.000000 -0.000013 1.000000 0.000013 -0.000014 1.000000 0.000014 -0.000019 1.000000 0.000019 -0.000018 1.000000 0.000018 0.000000 0.000000 -1.000000 0.000000 0.000000 -1.000000 0.000000 0.000000 -1.000000 0.000000 0.000000 -1.000000 0.356660 0.615501 -0.702818 -0.343890 0.618647 -0.706410 -0.357631 0.615256 -0.702538 0.348712 0.617474 -0.705071 0.356529 0.615534 0.702855 -0.343590 0.618720 0.706493 -0.357325 0.615334 0.702626 0.348585 0.617506 0.705106 0.362417 -0.594992 -0.717383 0.567172 -0.614614 -0.548239 0.569762 -0.614579 -0.545585 0.364779 -0.595432 -0.715819 -0.568633 -0.614596 0.546744 -0.365911 -0.595641 0.715067 -0.362879 -0.595079 0.717077 -0.566644 -0.614620 0.548778 -0.362687 0.595041 -0.717206 -0.566822 0.614617 -0.548598 -0.569406 0.614583 -0.545953 -0.365043 0.595479 -0.715646 0.568892 0.614591 0.546479 0.365825 0.595624 0.715125 0.362788 0.595060 0.717139 0.566900 0.614616 0.548517 -0.560309 -0.614664 -0.555195 -0.568956 -0.614590 -0.546415 -0.569077 -0.614588 -0.546291 -0.560404 -0.614663 -0.555101 0.568953 -0.614590 0.546417 0.561069 -0.614661 0.554430 0.560958 -0.614662 0.554542 0.568868 -0.614591 0.546505 0.007929 0.658809 -0.752269 0.345411 0.618279 -0.705990 0.352494 0.616542 -0.704006 0.012311 0.658780 -0.752235 -0.352507 0.616538 0.704002 -0.011510 0.658785 0.752243 -0.003869 0.658824 0.752287 -0.348357 0.617561 0.705171 0.356596 0.593890 -0.721204 0.566864 0.614618 -0.548553 0.569518 0.614583 -0.545836 0.359022 0.594352 -0.719617 -0.569042 0.614589 0.546326 -0.360441 0.594619 0.718686 -0.357321 0.594027 0.720732 -0.567001 0.614615 0.548414 
						0.798915 0.542044 0.260621 0.807017 0.547541 -0.221186 0.805923 0.546798 -0.226936 0.807132 0.547619 0.220573 -0.798872 0.542014 0.260814 -0.806968 0.547507 -0.221447 -0.805872 0.546764 -0.227202 -0.807102 0.547598 0.220731 0.798916 -0.542044 0.260619 0.807023 -0.547545 -0.221154 0.805929 -0.546803 -0.226904 0.807132 -0.547618 0.220573 -0.798823 -0.541981 0.261035 -0.806971 -0.547510 -0.221429 -0.805875 -0.546766 -0.227186 -0.807063 -0.547572 0.220939 0.000000 0.000000 -1.000000 0.000000 0.000000 -1.000000 0.000000 0.000000 -1.000000 0.000000 0.000000 -1.000000 0.628219 0.458998 0.628222 0.628219 0.458998 0.628222 0.628220 0.458997 0.628221 0.628220 0.458997 0.628221 0.000000 -1.000000 0.000000 0.000000 -1.000000 0.000000 0.000000 -1.000000 0.000000 0.000000 -1.000000 0.000000 -0.000000 1.000000 0.000000 -0.000000 1.000000 0.000000 -0.000000 1.000000 0.000000 -0.000000 1.000000 0.000000 0.508109 -0.695446 0.508114 0.508109 -0.695446 0.508114 0.508106 -0.695447 0.508116 0.508106 -0.695447 0.508116 -0.628234 0.458986 -0.628215 -0.628234 0.458986 -0.628215 -0.628221 0.458996 -0.628220 -0.628222 0.458996 -0.628220 0.000000 -0.000000 -1.000000 0.000000 -0.000000 -1.000000 -0.000000 -0.000001 -1.000000 -0.000000 -0.000001 -1.000000 0.000000 -1.000000 0.000000 0.000000 -1.000000 0.000000 0.000000 -1.000000 0.000000 0.000000 -1.000000 0.000000 0.000000 1.000000 -0.000000 0.000000 1.000000 -0.000000 0.000000 1.000000 -0.000000 0.000000 1.000000 -0.000000 -0.508120 -0.695443 -0.508107 -0.508120 -0.695443 -0.508108 -0.508122 -0.695442 -0.508106 -0.508122 -0.695442 -0.508106 0.982163 0.186061 -0.027161 0.971770 0.201700 -0.122392 0.531999 0.247353 -0.809811 0.608096 0.250938 -0.753160 0.835712 0.053299 -0.546576 0.928806 0.105746 -0.355159 0.328276 0.229427 0.916296 0.516954 0.246416 0.819779 
						-0.858434 0.064440 -0.508859 -0.942525 0.115980 -0.313362 -0.327394 0.229327 0.916637 -0.516003 0.246354 0.820397 -0.962319 0.209380 -0.173500 -0.941495 0.220538 -0.254854 -0.528260 0.247127 -0.812323 -0.595186 0.250474 -0.763555 0.000148 -1.000000 0.000148 0.000083 -1.000000 0.000083 -0.000169 -1.000000 -0.000169 -0.000103 -1.000000 -0.000103 -0.000789 -0.999999 0.000789 -0.000810 -0.999999 0.000810 -0.000891 -0.999999 0.000891 -0.000870 -0.999999 0.000870 0.689774 -0.220057 0.689773 0.689774 -0.220056 0.689773 0.689774 -0.220057 0.689773 0.689774 -0.220057 0.689773 0.689774 -0.220056 0.689773 0.689775 -0.220056 0.689772 0.689775 -0.220056 0.689772 0.689774 -0.220056 0.689773 0.952609 -0.304199 0.000000 0.952609 -0.304199 0.000000 0.952609 -0.304199 0.000000 0.952609 -0.304199 0.000000 0.952609 -0.304199 -0.000000 0.952609 -0.304199 -0.000000 0.952609 -0.304198 -0.000000 0.952609 -0.304199 -0.000000 0.000000 0.000000 -1.000000 -0.000000 -0.000001 -1.000000 -0.000000 -0.000001 -1.000000 -0.000000 -0.000000 -1.000000 -0.689772 -0.220056 -0.689775 -0.689772 -0.220056 -0.689775 -0.689772 -0.220056 -0.689776 -0.689772 -0.220056 -0.689776 -0.689774 -0.220056 -0.689773 -0.689774 -0.220056 -0.689773 -0.689774 -0.220056 -0.689773 -0.689774 -0.220056 -0.689773 0.304195 -0.952610 -0.000000 0.304196 -0.952609 -0.000000 0.304204 -0.952607 -0.000000 0.304202 -0.952608 -0.000000 -0.952609 -0.304199 0.000000 -0.952609 -0.304199 0.000000 -0.952608 -0.304199 0.000000 -0.952608 -0.304199 0.000000 0.000000 0.000000 -1.000000 0.000000 0.000000 -1.000000 0.000000 0.000000 -1.000000 0.000000 0.000000 -1.000000 0.000000 -1.000000 0.000146 0.000000 -1.000000 0.000156 0.000000 -1.000000 0.000158 0.000000 -1.000000 0.000148 0.000000 -1.000000 0.000089 0.000000 -1.000000 0.000732 0.000000 -1.000000 0.000844 0.000000 -1.000000 0.000201 
						-0.000155 -1.000000 0.000000 -0.000652 -1.000000 0.000000 -0.002984 -0.999996 0.000000 -0.002486 -0.999997 0.000000 -0.000186 -1.000000 0.000000 -0.000253 -1.000000 0.000000 -0.000565 -1.000000 0.000000 -0.000499 -1.000000 0.000000 0.000000 -1.000000 0.000000 0.000000 -1.000000 0.000000 0.000000 -1.000000 0.000000 0.000000 -1.000000 0.000000 0.952609 -0.304199 -0.000000 0.952609 -0.304199 -0.000000 -0.000000 1.000000 0.000000 -0.000000 1.000000 0.000000 -0.000000 1.000000 0.000000 -0.000000 1.000000 0.000000 0.952609 -0.304199 -0.000000 0.952609 -0.304199 -0.000000 0.000000 -1.000000 0.000000 0.000000 -1.000000 0.000000 0.000000 -1.000000 0.000000 0.000000 -1.000000 0.000000 0.304189 -0.952612 -0.000000 0.304199 -0.952609 -0.000000 0.000000 1.000000 -0.000000 0.000000 1.000000 -0.000000 0.000000 1.000000 0.000000 0.000000 1.000000 -0.000000 -0.952608 -0.304200 0.000000 -0.952608 -0.304199 0.000000 -0.505596 0.442784 -0.740483 -0.591699 0.518190 -0.617553 -0.320717 0.280873 0.904572 -0.591480 0.517998 -0.617924 0.728024 0.637577 -0.251946 0.752196 0.658746 -0.015959 0.638230 0.558939 0.529386 0.751958 0.658538 -0.029787 0.507551 0.444494 -0.738117 0.593425 0.519700 -0.614620 0.321821 0.281839 0.903880 0.593205 0.519507 -0.614996 -0.726225 0.636002 -0.260956 -0.752098 0.658660 -0.022738 -0.638235 0.558943 0.529375 -0.751784 0.658385 -0.036728 -0.821877 0.130129 -0.554604 -0.536391 0.192789 -0.821655 -0.423638 0.206920 -0.881882 -0.737328 0.154313 -0.657674 0.363870 0.212772 0.906822 0.831644 0.126850 0.540627 0.907130 0.096135 0.409724 0.507709 0.196800 0.838750 0.822264 0.130001 -0.554059 0.538355 0.192503 -0.820437 0.426205 0.206645 -0.880709 0.738149 0.154108 -0.656801 -0.362442 0.212899 0.907364 -0.831602 0.126864 0.540688 -0.907234 0.096084 0.409504 -0.506679 0.196938 0.839340 
						0.707108 -0.673678 -0.214841 0.707108 -0.673678 -0.214840 0.707108 -0.673683 -0.214826 0.707108 -0.673682 -0.214826 0.664231 0.342922 0.664230 0.664231 0.342922 0.664230 0.664232 0.342921 0.664229 0.664232 0.342921 0.664229 0.707108 0.673678 0.214840 0.707108 0.673678 0.214841 0.707108 0.673672 0.214860 0.707108 0.673672 0.214859 0.000015 -0.888570 0.458742 0.000015 -0.888570 0.458742 0.000006 -0.888570 0.458742 0.000006 -0.888570 0.458742 0.707106 -0.673674 0.214857 0.707106 -0.673674 0.214857 0.707106 -0.673680 0.214841 0.707106 -0.673679 0.214841 0.000000 -0.888570 -0.458742 -0.000001 -0.888570 -0.458742 -0.000020 -0.888570 -0.458742 -0.000020 -0.888570 -0.458742 -0.707106 -0.673676 0.214852 -0.707106 -0.673676 0.214851 -0.707106 -0.673682 0.214834 -0.707106 -0.673681 0.214835 0.664228 -0.342923 0.664232 0.664228 -0.342923 0.664232 0.664230 -0.342922 0.664231 0.664229 -0.342922 0.664231 0.689775 -0.220056 0.689773 0.689776 -0.220055 0.689772 0.689776 -0.220055 0.689771 0.689775 -0.220056 0.689773 0.689773 -0.220056 0.689775 0.689772 -0.220056 0.689775 0.689775 -0.220056 0.689772 0.689775 -0.220056 0.689772 0.689770 0.220057 0.689777 0.689771 0.220057 0.689776 0.689771 0.220057 0.689776 0.689770 0.220057 0.689777 0.689772 0.220057 0.689776 0.689772 0.220057 0.689775 0.689775 0.220055 0.689772 0.689775 0.220055 0.689772 0.689778 0.220055 0.689770 0.689778 0.220055 0.689770 1.000000 0.000000 0.000000 1.000000 0.000000 0.000000 1.000000 0.000000 0.000000 1.000000 0.000000 0.000000 -0.000000 0.952725 0.303833 -0.000000 0.952727 0.303828 -0.000000 0.952727 0.303827 -0.000000 0.952725 0.303833 0.000000 -0.952693 -0.303935 0.000000 -0.952693 -0.303935 0.000000 -0.952693 -0.303935 0.000000 -0.952693 -0.303935 -0.000000 -0.952724 -0.303837 -0.000000 -0.952725 -0.303834 
						-0.000000 -0.952725 -0.303833 -0.000000 -0.952724 -0.303837 0.000000 -0.952693 0.303935 0.000000 -0.952693 0.303935 0.000000 -0.952693 0.303935 0.000000 -0.952693 0.303935 0.000000 -0.952726 0.303829 0.000000 -0.952725 0.303834 0.000000 -0.952725 0.303834 0.000000 -0.952726 0.303830 0.000000 -0.952693 0.303935 0.000000 -0.952693 0.303935 0.000000 -0.952693 0.303935 0.000000 -0.952693 0.303935 -0.000000 -0.952725 0.303833 -0.000000 -0.952726 0.303830 -0.000000 -0.952726 0.303829 -0.000000 -0.952725 0.303833 0.000000 1.000000 0.000000 -0.000000 1.000000 0.000000 -0.000001 1.000000 0.000001 -0.000001 1.000000 0.000001 0.508117 0.695444 0.508109 0.508117 0.695444 0.508109 0.508114 0.695445 0.508111 0.508114 0.695445 0.508110 0.000000 0.000000 1.000000 0.000000 0.000000 1.000000 0.000000 0.000000 1.000000 0.000000 0.000000 1.000000 0.628232 -0.458988 0.628215 0.628232 -0.458988 0.628215 0.628226 -0.458993 0.628218 0.628226 -0.458993 0.628218 0.000000 1.000000 0.000000 0.000000 1.000000 0.000000 0.000000 1.000000 0.000000 0.000000 1.000000 0.000000 0.697949 -0.160426 -0.697948 0.699137 -0.149724 -0.699136 0.707098 0.005044 -0.707097 0.707105 -0.002498 -0.707104 -0.508095 0.695451 -0.508122 -0.508096 0.695450 -0.508121 -0.508134 0.695439 -0.508099 -0.508133 0.695439 -0.508099 0.000000 0.000000 -1.000000 0.000000 0.000000 -1.000000 0.000000 0.000000 -1.000000 0.000000 0.000000 -1.000000 -0.628234 -0.458987 -0.628215 -0.628234 -0.458987 -0.628215 -0.628222 -0.458996 -0.628220 -0.628223 -0.458995 -0.628220 0.000017 1.000000 0.000017 0.000017 1.000000 0.000017 0.000018 1.000000 0.000018 0.000018 1.000000 0.000018 0.969344 -0.203951 -0.137025 0.950786 -0.216188 -0.221966 0.530594 -0.247269 -0.810758 0.599745 -0.250645 -0.759923 0.854617 -0.062516 -0.515482 0.940286 -0.114224 -0.320648 
						0.328866 -0.229494 0.916068 0.517375 -0.246443 0.819505 -0.835989 -0.053431 -0.546139 -0.928979 -0.105869 -0.354669 -0.327636 -0.229354 0.916543 -0.516376 -0.246378 0.820155 -0.979404 -0.192041 -0.062358 -0.966127 -0.206605 -0.154640 -0.529926 -0.247228 -0.811207 -0.604109 -0.250801 -0.756406 -0.000482 -1.000000 -0.000482 -0.000425 -1.000000 -0.000425 -0.000204 -1.000000 -0.000204 -0.000261 -1.000000 -0.000261 0.000705 -1.000000 -0.000705 0.000599 -1.000000 -0.000599 0.000190 -1.000000 -0.000190 0.000296 -1.000000 -0.000296 0.689772 0.220056 0.689775 0.689773 0.220056 0.689774 0.689773 0.220056 0.689774 0.689772 0.220056 0.689775 0.689772 0.220056 0.689775 0.689772 0.220056 0.689775 0.689773 0.220056 0.689774 0.689773 0.220056 0.689774 -0.952609 -0.304198 0.000000 -0.952609 -0.304198 0.000000 -0.952609 -0.304199 0.000000 -0.952609 -0.304198 0.000000 0.000000 0.000000 1.000000 0.000000 0.000000 1.000000 0.000000 0.000000 1.000000 0.000000 0.000000 1.000000 0.304199 -0.952608 -0.000000 0.304204 -0.952607 -0.000000 0.304206 -0.952606 -0.000000 0.304200 -0.952608 -0.000000 -0.689775 0.220057 -0.689772 -0.689775 0.220057 -0.689772 -0.689772 0.220056 -0.689775 -0.689772 0.220056 -0.689775 -0.689776 0.220057 -0.689771 -0.689775 0.220057 -0.689772 -0.689773 0.220056 -0.689774 -0.689773 0.220056 -0.689774 0.304201 0.952608 0.000000 0.304200 0.952608 0.000000 0.304196 0.952610 0.000000 0.304196 0.952609 0.000000 0.000000 0.000000 -1.000000 0.000000 0.000000 -1.000000 0.000000 0.000000 -1.000000 0.000000 0.000000 -1.000000 -0.952609 0.304199 -0.000000 -0.952609 0.304199 -0.000000 -0.952609 0.304199 -0.000000 -0.952609 0.304199 -0.000000 0.000000 -1.000000 -0.000216 0.000000 -1.000000 -0.000470 0.000000 -1.000000 -0.000515 0.000000 -1.000000 -0.000260 0.000202 -1.000000 0.000000 0.000581 -1.000000 0.000000 
						0.002360 -0.999997 0.000000 0.001981 -0.999998 0.000000 0.000225 -1.000000 0.000000 0.000065 -1.000000 0.000000 -0.000683 -1.000000 -0.000000 -0.000524 -1.000000 -0.000000 0.000000 -1.000000 -0.000089 0.000000 -1.000000 -0.000186 0.000000 -1.000000 -0.000203 0.000000 -1.000000 -0.000106 0.000000 1.000000 0.000000 0.000000 1.000000 0.000000 0.000000 1.000000 0.000000 0.000000 1.000000 0.000000 0.304201 -0.952608 -0.000000 0.304203 -0.952607 -0.000000 0.000000 1.000000 0.000000 0.000000 1.000000 0.000000 0.000000 1.000000 0.000000 0.000000 1.000000 0.000000 -0.952609 -0.304197 0.000000 -0.952609 -0.304198 0.000000 0.000000 1.000000 0.000019 0.000000 1.000000 0.000018 0.000000 1.000000 0.000017 0.000000 1.000000 0.000018 -0.952608 0.304201 -0.000000 -0.952608 0.304201 -0.000000 0.000000 -0.107397 -0.994216 0.000000 -0.024762 -0.999693 0.000000 0.000000 -1.000000 0.000000 -0.082745 -0.996571 0.304197 0.952609 0.000000 0.304199 0.952609 0.000000 -0.504348 -0.441689 -0.741987 -0.590635 -0.517255 -0.619353 -0.321481 -0.281541 0.904093 -0.590417 -0.517065 -0.619720 0.728426 -0.637929 -0.249884 0.752219 -0.658766 -0.013881 0.637456 -0.558260 0.531032 0.752003 -0.658577 -0.027705 -0.821850 -0.130138 -0.554641 -0.535517 -0.192915 -0.822195 -0.422425 -0.207049 -0.882433 -0.737080 -0.154375 -0.657937 0.364866 -0.212683 0.906443 0.831783 -0.126802 0.540425 0.907158 -0.096121 0.409665 0.508466 -0.196697 0.838315 0.822200 -0.130023 -0.554150 0.539592 -0.192322 -0.819666 0.427973 -0.206454 -0.879896 0.738419 -0.154041 -0.656513 -0.362912 -0.212857 0.907186 -0.831468 -0.126910 0.540884 -0.907063 -0.096168 0.409864 -0.506965 -0.196900 0.839176 0.507353 -0.444322 -0.738357 0.593243 -0.519542 -0.614929 0.321443 -0.281509 0.904117 0.593023 -0.519349 -0.615305 -0.726806 -0.636511 -0.258084 -0.752133 -0.658691 -0.020539 
						-0.638183 -0.558897 0.529487 -0.751844 -0.658438 -0.034480 
					</float_array>
					<technique_common>
						<accessor count="706" offset="0" source="#meshId0-tangents-array" stride="3">
							<param name="X" type="float" />
							<param name="Y" type="float" />
							<param name="Z" type="float" />
						</accessor>
					</technique_common>
				</source>
				<source id="meshId0-bitangents" name="meshId0-bitangents">
					<float_array id="meshId0-bitangents-array" count="2118"> 
						0.644543 0.411253 -0.644543 0.644543 0.411253 -0.644543 0.644543 0.411253 -0.644543 1.000000 0.000000 -0.000000 1.000000 0.000000 -0.000000 1.000000 0.000000 -0.000000 1.000000 0.000000 -0.000000 0.707107 0.000000 -0.707107 0.707107 0.000000 -0.707107 0.707107 0.000000 -0.707107 0.952693 0.303934 -0.000000 0.952693 0.303935 -0.000000 0.952693 0.303935 0.000000 0.952693 0.303935 -0.000000 0.707107 0.000000 -0.707107 0.707107 0.000000 -0.707107 0.707107 0.000000 -0.707107 0.707107 0.000000 -0.707107 0.952693 -0.303934 0.000000 0.952693 -0.303934 0.000000 0.952693 -0.303934 0.000000 0.952693 -0.303934 0.000000 0.707107 0.000000 -0.707107 0.707107 0.000000 -0.707107 0.707107 0.000000 -0.707107 1.000000 0.000000 0.000000 1.000000 -0.000000 -0.000000 1.000000 -0.000000 -0.000001 1.000000 -0.000000 -0.000000 0.644543 -0.411253 -0.644543 0.644543 -0.411253 -0.644543 0.644543 -0.411253 -0.644543 0.644543 -0.411253 -0.644543 0.644543 -0.411253 -0.644543 0.644543 -0.411253 -0.644543 1.000000 -0.000000 -0.000001 1.000000 -0.000000 -0.000000 1.000000 -0.000000 -0.000000 1.000000 -0.000000 -0.000000 0.707107 0.000000 -0.707106 0.707107 0.000000 -0.707106 0.707107 0.000000 -0.707106 0.952693 -0.303934 0.000000 0.952693 -0.303934 0.000000 0.952693 -0.303934 0.000000 0.952693 -0.303934 0.000000 0.707107 0.000000 -0.707107 0.707107 0.000000 -0.707107 0.707107 0.000000 -0.707107 0.707107 0.000000 -0.707107 0.952693 0.303934 0.000000 0.952693 0.303934 0.000000 0.952693 0.303934 0.000000 0.952693 0.303934 0.000000 0.707107 0.000000 -0.707107 0.707107 0.000000 -0.707107 0.707107 0.000000 -0.707107 1.000000 0.000000 -0.000000 1.000000 0.000000 -0.000000 1.000000 -0.000000 0.000000 1.000000 0.000000 -0.000000 0.644543 0.411253 -0.644543 0.644543 0.411253 -0.644543 0.644543 0.411253 -0.644543 
						0.724027 -0.209645 -0.657141 0.724027 -0.209645 -0.657141 0.724025 -0.209646 -0.657142 0.724025 -0.209646 -0.657142 0.724025 -0.209646 -0.657143 0.724025 -0.209646 -0.657143 0.724027 -0.209645 -0.657141 0.724027 -0.209646 -0.657141 0.724027 0.209646 -0.657141 0.724027 0.209646 -0.657141 0.724027 0.209645 -0.657140 0.724027 0.209645 -0.657140 0.724022 0.209647 -0.657146 0.724022 0.209647 -0.657145 0.724027 0.209645 -0.657141 0.724027 0.209645 -0.657141 1.000000 0.000000 0.000000 1.000000 0.000000 0.000000 1.000000 0.000000 0.000000 1.000000 0.000000 0.000000 -0.000000 -0.303831 -0.952726 -0.000000 -0.303831 -0.952726 -0.000000 -0.303832 -0.952726 -0.000000 -0.303832 -0.952726 1.000000 0.000000 0.000000 1.000000 0.000000 0.000000 1.000000 0.000000 0.000000 1.000000 0.000000 0.000000 -0.000000 -0.952725 0.303833 -0.000000 -0.952725 0.303833 -0.000000 -0.952726 0.303832 -0.000000 -0.952726 0.303832 1.000000 0.000000 0.000000 1.000000 0.000000 0.000000 1.000000 0.000000 0.000000 1.000000 0.000000 0.000000 -0.000000 -0.303834 0.952725 -0.000000 -0.303834 0.952725 -0.000000 -0.303832 0.952726 -0.000000 -0.303833 0.952725 1.000000 0.000000 0.000000 1.000000 0.000000 0.000000 1.000000 0.000000 0.000000 1.000000 0.000000 0.000000 0.000000 -0.303834 0.952725 0.000000 -0.303835 0.952725 0.000000 -0.303837 0.952724 0.000000 -0.303837 0.952724 -1.000000 -0.000017 0.000000 -1.000000 -0.000008 0.000000 -1.000000 0.000221 0.000000 -1.000000 0.000212 0.000000 -0.707107 -0.000018 -0.707107 -0.707107 -0.000015 -0.707107 -0.707107 0.000096 -0.707107 -0.707107 0.000093 -0.707107 0.707107 -0.000218 -0.707107 0.707107 -0.000216 -0.707107 0.707107 -0.000165 -0.707107 0.707107 -0.000166 -0.707107 -0.707107 0.000185 0.707107 -0.707107 0.000175 0.707107 -0.707107 -0.000238 0.707107 -0.707107 -0.000227 0.707107 
						-1.000000 -0.000060 -0.000000 -1.000000 -0.000064 -0.000000 -1.000000 -0.000162 -0.000000 -1.000000 -0.000158 -0.000000 -0.707107 -0.000163 -0.707107 -0.707107 -0.000161 -0.707107 -0.707107 -0.000089 -0.707107 -0.707107 -0.000091 -0.707107 0.000000 -0.000076 -1.000000 0.000000 -0.000069 -1.000000 0.000000 0.000089 -1.000000 0.000000 0.000083 -1.000000 0.000000 -0.000097 1.000000 0.000000 -0.000089 1.000000 0.000000 0.000109 1.000000 0.000000 0.000102 1.000000 0.707107 0.000000 -0.707107 0.707107 0.000000 -0.707107 0.707107 0.000000 -0.707107 0.707107 0.000000 -0.707107 1.000000 0.000000 0.000000 1.000000 0.000000 0.000000 1.000000 0.000000 0.000000 1.000000 0.000000 0.000000 -0.707107 -0.000006 -0.707107 -0.707107 -0.000001 -0.707107 -0.707107 0.000000 -0.707107 -0.707107 -0.000005 -0.707107 -1.000000 -0.000006 0.000000 -1.000000 -0.000015 0.000000 -1.000000 -0.000016 0.000000 -1.000000 -0.000008 0.000000 0.707107 0.000000 0.707107 0.707107 0.000000 0.707107 0.707107 0.000000 0.707107 0.707107 0.000000 0.707107 0.000000 -1.000000 -0.000000 0.000000 -1.000000 0.000001 0.000000 -1.000000 0.000001 0.000000 -1.000000 -0.000000 0.707107 0.000000 -0.707107 0.707107 0.000000 -0.707107 0.707107 0.000000 -0.707107 0.707107 0.000000 -0.707107 -0.000000 -1.000000 -0.000000 -0.000000 -1.000000 -0.000000 -0.000000 -1.000000 -0.000000 -0.000000 -1.000000 -0.000000 0.707107 0.000002 -0.707107 0.707107 0.000000 -0.707107 0.707107 0.000000 -0.707107 0.707107 0.000001 -0.707107 1.000000 0.000019 0.000000 1.000000 0.000017 0.000000 1.000000 0.000007 0.000000 1.000000 0.000009 0.000000 0.000000 -1.000000 0.000000 0.000570 -1.000000 0.000570 0.005121 -0.999974 0.005121 0.004552 -0.999979 0.004552 -0.000001 -1.000000 0.000000 -0.000001 -1.000000 0.000000 -0.000001 -1.000000 0.000000 -0.000001 -1.000000 0.000000 
						0.707107 0.000000 0.707107 0.707107 0.000001 0.707107 0.707107 0.000007 0.707107 0.707107 0.000007 0.707107 0.000000 0.000000 -1.000000 0.000000 0.000000 -1.000000 0.000000 0.000000 -1.000000 0.000000 0.000000 -1.000000 0.707107 0.000019 -0.707107 0.707107 0.000020 -0.707107 0.707107 0.000026 -0.707107 0.707107 0.000025 -0.707107 -0.000000 -1.000000 -0.000000 -0.000000 -1.000000 -0.000000 -0.000000 -1.000000 -0.000000 -0.000000 -1.000000 -0.000000 -0.934234 0.234978 -0.268313 -0.939010 -0.226565 0.258706 -0.933863 -0.235618 0.269043 -0.937230 0.229742 -0.262334 -0.934284 0.234892 0.268214 -0.939120 -0.226367 -0.258480 -0.933980 -0.235416 -0.268813 -0.937277 0.229658 0.262238 0.824467 -0.154281 0.544474 0.699577 0.008229 0.714510 0.697468 0.010508 0.716539 0.823424 -0.152575 0.546529 0.698389 -0.009514 0.715655 0.822922 0.151756 0.547513 0.824263 0.153947 0.544877 0.700004 -0.007765 0.714097 -0.824348 0.154086 0.544709 -0.699861 -0.007921 0.714235 -0.697760 -0.010194 0.716259 -0.823308 0.152385 0.546757 -0.698179 0.009742 0.715857 -0.822961 -0.151818 0.547437 -0.824304 -0.154013 0.544797 -0.699797 0.007990 0.714297 -0.705085 0.002223 0.709119 -0.698127 0.009797 0.715907 -0.698028 0.009904 0.716002 -0.705010 0.002305 0.709193 -0.698129 -0.009795 0.715905 -0.704481 -0.002886 0.709717 -0.704569 -0.002789 0.709630 -0.698199 -0.009720 0.715838 0.999969 -0.005224 0.005965 0.938451 -0.227567 0.259850 0.935814 -0.232233 0.265178 0.999924 -0.008111 0.009262 0.935809 0.232242 0.265189 0.999934 0.007583 0.008659 0.999992 0.002549 0.002911 0.937362 0.229508 0.262067 0.827001 0.158472 0.539403 0.699826 -0.007959 0.714269 0.697668 -0.010293 0.716347 0.825950 0.156727 0.541519 0.698056 0.009873 0.715975 0.825333 -0.155706 0.542754 0.826689 -0.157951 0.540035 0.699715 0.008079 0.714376 
						-0.215667 -0.146325 0.965441 0.183034 0.124184 0.975232 0.187792 0.127412 0.973910 -0.182527 -0.123840 0.975371 0.215827 -0.146433 0.965389 -0.183250 0.124331 0.975172 -0.188012 0.127562 0.973848 0.182658 -0.123929 0.975335 -0.215666 0.146324 0.965442 0.183008 -0.124166 0.975239 0.187766 -0.127394 0.973917 -0.182527 0.123840 0.975370 0.216010 0.146557 0.965329 -0.183236 -0.124321 0.975176 -0.187999 -0.127553 0.973851 0.182830 0.124045 0.975288 -0.458742 0.888570 0.000000 -0.458742 0.888570 0.000000 -0.458742 0.888570 0.000000 -0.458742 0.888570 0.000000 0.747765 -0.579232 -0.324557 0.747765 -0.579232 -0.324557 0.747764 -0.579233 -0.324558 0.747764 -0.579233 -0.324558 -0.707108 -0.000000 -0.707106 -0.707108 -0.000000 -0.707106 -0.707108 -0.000000 -0.707105 -0.707108 -0.000000 -0.707105 -0.707110 -0.000000 0.707104 -0.707110 -0.000000 0.707104 -0.707110 -0.000000 0.707104 -0.707110 -0.000000 0.707104 0.834049 0.250087 -0.491751 0.834049 0.250086 -0.491751 0.834051 0.250084 -0.491749 0.834051 0.250084 -0.491749 0.747752 0.579242 -0.324570 0.747752 0.579242 -0.324570 0.747763 0.579234 -0.324559 0.747763 0.579234 -0.324559 0.458741 0.888570 -0.000000 0.458742 0.888570 -0.000000 0.458741 0.888570 -0.000001 0.458741 0.888570 -0.000001 -0.707107 -0.000000 -0.707106 -0.707107 -0.000000 -0.707106 -0.707107 -0.000000 -0.707106 -0.707107 -0.000000 -0.707106 -0.707109 0.000000 0.707105 -0.707109 0.000000 0.707105 -0.707109 0.000000 0.707105 -0.707109 0.000000 0.707105 0.834042 -0.250096 -0.491758 0.834042 -0.250096 -0.491758 0.834041 -0.250098 -0.491759 0.834041 -0.250098 -0.491759 0.059472 -0.170354 0.983587 0.154413 -0.151513 0.976320 0.827743 0.049556 0.558915 0.773564 0.025876 0.633190 0.519391 0.246572 0.818190 0.324810 0.229034 0.917629 -0.927586 -0.104890 0.358584 -0.837222 -0.054017 0.544190 
						-0.480907 0.243897 0.842166 -0.282539 0.224025 0.932730 0.927898 -0.105108 0.357712 0.837808 -0.054297 0.543258 -0.205238 -0.140711 0.968544 -0.285951 -0.122484 0.950384 -0.830133 0.050671 0.555258 -0.783539 0.030033 0.620616 -0.707110 -0.000209 -0.707103 -0.707110 -0.000117 -0.707103 -0.707110 0.000238 -0.707103 -0.707110 0.000146 -0.707103 0.707110 -0.001116 -0.707103 0.707110 -0.001145 -0.707103 0.707110 -0.001260 -0.707103 0.707110 -0.001230 -0.707103 0.657143 -0.209646 -0.724025 0.657142 -0.209646 -0.724025 0.657142 -0.209646 -0.724025 0.657142 -0.209646 -0.724025 0.657142 -0.209646 -0.724026 0.657141 -0.209646 -0.724026 0.657141 -0.209646 -0.724027 0.657142 -0.209646 -0.724026 -0.304199 -0.952609 0.000000 -0.304199 -0.952609 0.000000 -0.304199 -0.952609 0.000000 -0.304199 -0.952609 0.000000 0.304199 0.952609 0.000000 0.304199 0.952609 0.000000 0.304198 0.952609 0.000000 0.304199 0.952609 0.000000 0.303934 0.952693 0.000000 0.303934 0.952693 -0.000001 0.303934 0.952693 -0.000001 0.303934 0.952693 -0.000000 0.657144 0.209646 -0.724024 0.657144 0.209646 -0.724024 0.657145 0.209646 -0.724023 0.657145 0.209646 -0.724023 0.657142 0.209646 -0.724025 0.657142 0.209646 -0.724025 0.657142 0.209646 -0.724026 0.657142 0.209646 -0.724026 -0.952610 -0.304195 -0.000000 -0.952609 -0.304196 -0.000000 -0.952607 -0.304204 -0.000000 -0.952608 -0.304202 -0.000000 0.304199 -0.952609 0.000000 0.304199 -0.952609 0.000000 0.304199 -0.952608 0.000000 0.304199 -0.952608 0.000000 -0.303934 0.952693 0.000000 -0.303934 0.952693 0.000000 -0.303934 0.952693 0.000000 -0.303934 0.952693 0.000000 0.000000 -0.000146 -1.000000 0.000000 -0.000156 -1.000000 0.000000 -0.000158 -1.000000 0.000000 -0.000148 -1.000000 0.000000 -0.000089 -1.000000 0.000000 -0.000732 -1.000000 0.000000 -0.000844 -1.000000 0.000000 -0.000201 -1.000000 
						1.000000 -0.000155 -0.000000 1.000000 -0.000652 -0.000000 0.999996 -0.002984 -0.000000 0.999997 -0.002486 -0.000000 -1.000000 0.000186 0.000000 -1.000000 0.000253 0.000000 -1.000000 0.000565 0.000000 -1.000000 0.000499 0.000000 0.000000 0.000000 -1.000000 0.000000 0.000000 -1.000000 0.000000 0.000000 -1.000000 0.000000 0.000000 -1.000000 -0.304199 -0.952609 0.000000 -0.304199 -0.952609 0.000000 0.000000 -0.000000 1.000000 0.000000 -0.000000 1.000000 0.000000 0.000000 1.000000 0.000000 -0.000000 1.000000 0.304199 0.952609 0.000000 0.304199 0.952609 0.000000 0.000000 0.000000 -1.000000 0.000000 0.000000 -1.000000 0.000000 0.000000 -1.000000 0.000000 0.000000 -1.000000 -0.952612 -0.304189 0.000000 -0.952609 -0.304199 0.000000 0.000000 0.000000 1.000000 0.000000 0.000000 1.000000 0.000000 0.000000 1.000000 0.000000 0.000000 1.000000 0.304200 -0.952608 0.000000 0.304199 -0.952608 0.000000 -0.557059 0.487853 0.672075 -0.464580 0.406863 0.786529 0.680502 -0.595960 0.426321 -0.464859 0.407107 0.786238 0.189537 0.165990 0.967741 0.012006 0.010515 0.999873 -0.398252 -0.348775 0.848381 0.022408 0.019624 0.999556 0.555280 0.486293 0.674673 0.462374 0.404930 0.788823 -0.679982 -0.595503 0.427787 0.462657 0.405178 0.788530 -0.196315 0.171926 0.965351 -0.017105 0.014980 0.999741 0.398245 -0.348768 0.848388 -0.027630 0.024198 0.999325 -0.569666 -0.187742 0.800146 -0.843970 -0.122528 0.522209 -0.905832 -0.096772 0.412437 -0.675535 -0.168428 0.717833 -0.931450 0.083119 0.354249 -0.555309 0.189973 0.809656 -0.420851 0.207216 0.883145 -0.861529 0.115976 0.494285 0.569106 -0.187830 0.800523 0.842718 -0.122977 0.524121 0.904627 -0.097358 0.414936 0.674638 -0.168616 0.718632 0.932006 0.082793 0.352859 0.555372 0.189964 0.809614 0.420626 0.207240 0.883247 0.862135 0.115741 0.493282 
						0.000054 0.303883 -0.952709 0.000054 0.303882 -0.952709 0.000065 0.303872 -0.952713 0.000065 0.303873 -0.952713 0.747528 -0.304710 -0.590215 0.747527 -0.304710 -0.590216 0.747526 -0.304711 -0.590217 0.747526 -0.304711 -0.590217 -0.000054 0.303882 -0.952710 -0.000054 0.303883 -0.952709 -0.000040 0.303896 -0.952705 -0.000040 0.303896 -0.952705 1.000000 0.000013 -0.000007 1.000000 0.000013 -0.000007 1.000000 0.000005 -0.000003 1.000000 0.000006 -0.000003 -0.000043 -0.303894 -0.952706 -0.000043 -0.303894 -0.952706 -0.000055 -0.303883 -0.952709 -0.000054 -0.303883 -0.952709 -1.000000 0.000000 0.000000 -1.000000 0.000001 0.000000 -1.000000 0.000018 0.000009 -1.000000 0.000018 0.000009 -0.000047 0.303890 0.952707 -0.000047 0.303890 0.952707 -0.000060 0.303878 0.952711 -0.000059 0.303878 0.952711 0.747530 0.304709 -0.590213 0.747530 0.304709 -0.590213 0.747529 0.304710 -0.590214 0.747529 0.304710 -0.590214 0.724024 0.209646 -0.657144 0.724023 0.209646 -0.657145 0.724023 0.209646 -0.657145 0.724024 0.209646 -0.657144 0.724026 0.209646 -0.657141 0.724026 0.209646 -0.657141 0.724024 0.209646 -0.657144 0.724024 0.209646 -0.657144 0.724029 -0.209645 -0.657139 0.724028 -0.209645 -0.657140 0.724028 -0.209645 -0.657140 0.724029 -0.209645 -0.657139 0.724027 -0.209645 -0.657141 0.724027 -0.209645 -0.657141 0.724024 -0.209646 -0.657144 0.724024 -0.209646 -0.657144 0.724021 -0.209647 -0.657146 0.724021 -0.209647 -0.657147 0.000000 -0.952693 -0.303935 0.000000 -0.952693 -0.303935 0.000000 -0.952693 -0.303935 0.000000 -0.952693 -0.303935 -0.000000 0.303833 -0.952725 -0.000000 0.303828 -0.952727 -0.000000 0.303827 -0.952727 -0.000000 0.303833 -0.952725 1.000000 0.000000 0.000000 1.000000 0.000000 0.000000 1.000000 0.000000 0.000000 1.000000 0.000000 0.000000 0.000000 0.303837 -0.952724 0.000000 0.303834 -0.952725 
						0.000000 0.303833 -0.952725 0.000000 0.303837 -0.952724 -1.000000 0.000000 0.000000 -1.000000 0.000000 0.000000 -1.000000 0.000000 0.000000 -1.000000 0.000000 0.000000 -0.000000 0.303829 0.952726 -0.000000 0.303834 0.952725 -0.000000 0.303834 0.952725 -0.000000 0.303830 0.952726 1.000000 0.000000 0.000000 1.000000 0.000000 0.000000 1.000000 0.000000 0.000000 1.000000 0.000000 0.000000 -0.000000 -0.303833 -0.952725 -0.000000 -0.303830 -0.952726 -0.000000 -0.303829 -0.952726 -0.000000 -0.303833 -0.952725 0.707108 0.000000 -0.707106 0.707108 0.000000 -0.707106 0.707108 0.000001 -0.707105 0.707108 0.000001 -0.707106 0.834044 -0.250093 -0.491757 0.834044 -0.250093 -0.491757 0.834045 -0.250090 -0.491755 0.834045 -0.250090 -0.491755 0.458744 0.888569 0.000000 0.458743 0.888569 0.000000 0.458743 0.888569 0.000000 0.458744 0.888569 0.000000 0.747754 0.579240 -0.324569 0.747754 0.579240 -0.324569 0.747760 0.579236 -0.324563 0.747760 0.579236 -0.324563 -0.707110 0.000000 -0.707104 -0.707110 0.000000 -0.707104 -0.707110 0.000000 -0.707104 -0.707110 0.000000 -0.707104 -0.113439 -0.987048 0.113438 -0.105871 -0.988728 0.105871 0.003567 -0.999987 -0.003567 -0.001767 -0.999997 0.001767 0.834057 0.250075 -0.491744 0.834057 0.250075 -0.491744 0.834033 0.250107 -0.491767 0.834034 0.250107 -0.491767 0.458742 -0.888570 0.000000 0.458742 -0.888570 0.000000 0.458742 -0.888570 0.000000 0.458742 -0.888570 0.000000 0.747753 -0.579241 -0.324570 0.747753 -0.579241 -0.324570 0.747762 -0.579234 -0.324560 0.747762 -0.579234 -0.324561 -0.707109 0.000024 -0.707105 -0.707109 0.000025 -0.707105 -0.707109 0.000026 -0.707105 -0.707109 0.000025 -0.707105 0.168974 0.148470 0.974374 0.253351 0.130008 0.958599 0.828644 -0.049975 0.557541 0.780055 -0.028572 0.625058 0.487659 -0.244398 0.838128 0.289902 -0.224925 0.930250 
						-0.927377 0.104744 0.359166 -0.836961 0.053893 0.544602 -0.518945 -0.246544 0.818482 -0.324313 -0.228977 0.917819 0.927812 0.105048 0.357952 0.837578 0.054187 0.543624 -0.094598 0.163584 0.981983 -0.186493 0.144754 0.971734 -0.829071 -0.050174 0.556888 -0.776681 -0.027166 0.629309 0.707110 -0.000682 0.707103 0.707110 -0.000601 0.707103 0.707110 -0.000288 0.707103 0.707110 -0.000369 0.707103 -0.707110 -0.000997 0.707103 -0.707110 -0.000847 0.707103 -0.707110 -0.000268 0.707103 -0.707110 -0.000418 0.707103 0.657144 0.209646 -0.724023 0.657143 0.209646 -0.724024 0.657143 0.209646 -0.724024 0.657144 0.209646 -0.724023 0.657144 0.209646 -0.724024 0.657144 0.209646 -0.724024 0.657143 0.209646 -0.724025 0.657143 0.209646 -0.724025 -0.304198 0.952609 -0.000000 -0.304198 0.952609 -0.000000 -0.304199 0.952609 -0.000000 -0.304198 0.952609 -0.000000 -0.303934 0.952693 0.000000 -0.303934 0.952693 0.000000 -0.303934 0.952693 0.000000 -0.303934 0.952693 0.000000 0.952608 0.304199 0.000000 0.952607 0.304204 0.000000 0.952606 0.304206 0.000000 0.952608 0.304200 0.000000 0.657141 -0.209645 -0.724027 0.657141 -0.209645 -0.724027 0.657144 -0.209646 -0.724023 0.657144 -0.209646 -0.724024 0.657140 -0.209645 -0.724027 0.657141 -0.209646 -0.724027 0.657143 -0.209646 -0.724025 0.657143 -0.209646 -0.724024 0.952608 -0.304201 -0.000000 0.952608 -0.304200 -0.000000 0.952610 -0.304196 -0.000000 0.952609 -0.304196 -0.000000 -0.303934 -0.952693 -0.000000 -0.303934 -0.952693 -0.000000 -0.303934 -0.952693 -0.000000 -0.303934 -0.952693 -0.000000 -0.304199 -0.952609 0.000000 -0.304199 -0.952609 0.000000 -0.304199 -0.952609 0.000000 -0.304199 -0.952609 0.000000 0.000000 -0.000216 1.000000 0.000000 -0.000470 1.000000 0.000000 -0.000515 1.000000 0.000000 -0.000260 1.000000 -1.000000 -0.000202 -0.000000 -1.000000 -0.000581 -0.000000 
						-0.999997 -0.002360 -0.000000 -0.999998 -0.001981 -0.000000 1.000000 0.000225 0.000000 1.000000 0.000065 0.000000 1.000000 -0.000683 0.000000 1.000000 -0.000524 0.000000 0.000000 -0.000089 1.000000 0.000000 -0.000186 1.000000 0.000000 -0.000203 1.000000 0.000000 -0.000106 1.000000 0.000000 0.000000 -1.000000 0.000000 0.000000 -1.000000 0.000000 0.000000 -1.000000 0.000000 0.000000 -1.000000 0.952608 0.304201 0.000000 0.952607 0.304203 0.000000 0.000000 0.000000 -1.000000 0.000000 0.000000 -1.000000 0.000000 0.000000 -1.000000 0.000000 0.000000 -1.000000 -0.304197 0.952609 0.000000 -0.304198 0.952609 0.000000 0.000000 0.000019 -1.000000 0.000000 0.000018 -1.000000 0.000000 0.000017 -1.000000 0.000000 0.000018 -1.000000 -0.304201 -0.952608 0.000000 -0.304201 -0.952608 0.000000 0.000000 -0.994216 0.107397 0.000000 -0.999693 0.024762 -0.000000 -1.000000 -0.000000 0.000000 -0.996571 0.082745 0.952609 -0.304197 0.000000 0.952609 -0.304199 0.000000 -0.558191 -0.488843 0.670414 -0.465935 -0.408048 0.785113 0.680143 0.595643 0.427335 -0.466210 -0.408289 0.784823 0.187986 -0.164631 0.968276 0.010443 -0.009145 0.999904 -0.399491 0.349860 0.847352 0.020842 -0.018253 0.999616 -0.569704 0.187736 0.800121 -0.844524 0.122329 0.521358 -0.906398 0.096495 0.411256 -0.675806 0.168372 0.717592 -0.931060 -0.083347 0.355219 -0.555101 -0.190005 0.809790 -0.420790 -0.207223 0.883173 -0.861082 -0.116149 0.495023 0.569199 0.187816 0.800461 0.841927 0.123259 0.525325 0.903792 0.097762 0.416657 0.674342 0.168678 0.718895 0.931823 -0.082900 0.353317 0.555573 -0.189933 0.809484 0.420995 -0.207201 0.883080 0.861967 -0.115806 0.493561 0.555459 -0.486452 0.674410 0.462606 -0.405134 0.788582 -0.680159 0.595660 0.427286 0.462888 -0.405382 0.788289 -0.194154 -0.170033 0.966123 -0.015451 -0.013532 0.999789 
						0.398329 0.348842 0.848318 -0.025939 -0.022716 0.999405 
					</float_array>
					<technique_common>
						<accessor count="706" offset="0" source="#meshId0-bitangents-array" stride="3">
							<param name="X" type="float" />
							<param name="Y" type="float" />
							<param name="Z" type="float" />
						</accessor>
					</technique_common>
				</source>
				<source id="meshId0-tex0" name="meshId0-tex0">
					<float_array id="meshId0-tex0-array" count="1412"> 
						0.355033 0.003924 0.237991 0.120966 0.120949 0.003924 0.672178 0.185407 0.672178 0.314302 0.541620 0.314302 0.541620 0.185407 0.472075 0.120967 0.472075 0.355051 0.355033 0.238009 0.655850 0.319191 0.655850 0.443493 0.526955 0.443493 0.526955 0.319191 0.237991 0.120966 0.355033 0.238009 0.237991 0.355051 0.120948 0.238009 0.655850 0.448381 0.655850 0.572683 0.526955 0.572683 0.526955 0.448381 0.003906 0.120967 0.120948 0.238009 0.003906 0.355051 0.657513 0.051624 0.657513 0.180519 0.526955 0.180519 0.526955 0.051624 0.237991 0.355051 0.355033 0.472093 0.120949 0.472093 0.120549 0.476982 0.353834 0.476982 0.237191 0.593624 0.678492 0.051624 0.809050 0.051624 0.809050 0.180519 0.678492 0.180519 0.003906 0.593624 0.120549 0.710266 0.003906 0.826909 0.663827 0.448381 0.792722 0.448381 0.792722 0.572684 0.663827 0.572684 0.237191 0.593624 0.353834 0.710266 0.237191 0.826909 0.120549 0.710266 0.663827 0.319191 0.792723 0.319191 0.792722 0.443493 0.663827 0.443493 0.470476 0.593624 0.470476 0.826909 0.353834 0.710266 0.678492 0.185407 0.809050 0.185407 0.809050 0.314302 0.678492 0.314302 0.237191 0.826909 0.353834 0.943551 0.120549 0.943551 
						0.120549 0.476982 0.119958 0.501385 0.028310 0.593033 0.003906 0.593624 0.121140 0.685863 0.120549 0.710266 0.212788 0.594215 0.237191 0.593624 0.353834 0.710266 0.353243 0.734670 0.261595 0.826318 0.237191 0.826909 0.354425 0.919148 0.353834 0.943551 0.446072 0.827500 0.470476 0.826909 0.336311 0.288400 0.367792 0.288400 0.367792 0.417295 0.336311 0.417295 0.766496 0.742834 0.798749 0.742838 0.798735 0.876598 0.766482 0.876594 0.949500 0.132819 0.918019 0.132819 0.918019 0.003924 0.949500 0.003924 0.536735 0.794288 0.536731 0.762035 0.670491 0.762021 0.670495 0.794274 0.336311 0.761771 0.367792 0.761771 0.367792 0.890666 0.336311 0.890666 0.529892 0.843773 0.497639 0.843777 0.497625 0.710016 0.529878 0.710013 0.367792 0.658133 0.336311 0.658133 0.336311 0.529238 0.367792 0.529238 0.722501 0.743599 0.754754 0.743602 0.754740 0.877363 0.722487 0.877359 0.969927 0.175310 0.962014 0.175310 0.962014 0.003924 0.969927 0.003926 0.962014 0.175310 0.969927 0.175310 0.969927 0.427867 0.962014 0.427866 0.932684 0.137708 0.941372 0.137710 0.941372 0.415110 0.932684 0.415108 0.918019 0.137710 0.926677 0.137708 0.926676 0.417399 0.918019 0.417396 
						0.955205 0.564746 0.947349 0.564745 0.947349 0.388591 0.955205 0.388593 0.955205 0.388593 0.947349 0.388591 0.947349 0.137708 0.955204 0.137708 0.941372 0.568955 0.932684 0.568954 0.932684 0.434596 0.941372 0.434595 0.926677 0.570636 0.918019 0.570636 0.918019 0.436834 0.926676 0.436834 0.478072 0.460864 0.517070 0.460864 0.518739 0.681487 0.478072 0.681487 0.911791 0.249653 0.911791 0.406803 0.872558 0.406803 0.872558 0.249653 0.520883 0.209348 0.520883 0.432108 0.479822 0.432108 0.481506 0.209348 0.481506 0.209348 0.481504 0.051624 0.520881 0.051624 0.520883 0.209348 0.870880 0.628749 0.872558 0.406803 0.911791 0.406803 0.911791 0.628749 0.129716 0.065283 0.003906 0.065283 0.003906 0.048873 0.129716 0.048873 0.872558 0.249653 0.870880 0.027704 0.911791 0.027704 0.911791 0.249653 0.931398 0.884037 0.805588 0.884037 0.805588 0.867626 0.931398 0.867626 0.417818 0.337283 0.417818 0.557905 0.377151 0.557905 0.378819 0.337283 0.820255 0.249653 0.859489 0.249654 0.859486 0.406803 0.820253 0.406803 0.567359 0.046735 0.567359 0.007359 0.790120 0.005674 0.790120 0.046735 0.567359 0.007359 0.567359 0.046735 0.409635 0.046735 0.409636 0.007359 
						0.861164 0.628749 0.820253 0.628749 0.820253 0.406803 0.859486 0.406803 0.844694 0.657417 0.861105 0.657417 0.861105 0.783227 0.844694 0.783227 0.859489 0.249654 0.820255 0.249653 0.820261 0.027704 0.861172 0.027705 0.931397 0.846328 0.931397 0.862738 0.805588 0.862738 0.805588 0.846328 0.976679 0.545676 0.976679 0.384211 0.982245 0.384460 0.982245 0.545427 0.967580 0.813046 0.967580 0.974516 0.962014 0.974266 0.962014 0.813295 0.800700 0.522478 0.800700 0.319185 0.805458 0.319907 0.805458 0.522692 0.815234 0.319181 0.815235 0.522481 0.810476 0.522693 0.810476 0.319906 0.976679 0.384211 0.976679 0.146315 0.982245 0.147162 0.982245 0.384460 0.967580 0.575142 0.967580 0.813046 0.962014 0.813295 0.962014 0.575988 0.953267 0.569621 0.953267 0.826856 0.947349 0.825943 0.947349 0.570631 0.976679 0.807793 0.976679 0.550556 0.982598 0.551570 0.982597 0.806879 0.996093 0.003906 0.996093 0.147989 0.991344 0.147747 0.991344 0.005529 0.991344 0.504315 0.991344 0.360240 0.996093 0.361863 0.996093 0.504075 0.996093 0.147989 0.996093 0.351020 0.991344 0.350298 0.991344 0.147747 0.991344 0.707341 0.991344 0.504315 0.996093 0.504075 0.996093 0.706620 
						0.967580 0.452230 0.967580 0.551465 0.962014 0.559317 0.962014 0.444378 0.976679 0.122643 0.976679 0.023408 0.982245 0.015558 0.982245 0.130494 0.976679 0.938420 0.976679 0.832968 0.982597 0.824624 0.982597 0.946763 0.953267 0.852026 0.953267 0.957481 0.947349 0.965824 0.947349 0.843684 0.003906 0.875025 0.005989 0.872408 0.135267 0.872408 0.137350 0.875025 0.353990 0.262046 0.354510 0.259603 0.461017 0.366109 0.458053 0.366109 0.480112 0.705125 0.478072 0.702332 0.520472 0.702332 0.520457 0.705125 0.911791 0.649719 0.909739 0.652529 0.869152 0.652529 0.869136 0.649719 0.366092 0.458071 0.366092 0.461035 0.259585 0.354528 0.262028 0.354008 0.121070 0.731787 0.121589 0.734221 0.017880 0.837930 0.014927 0.837930 0.582809 0.801790 0.580726 0.799173 0.714170 0.799173 0.712087 0.801790 0.417818 0.578751 0.415778 0.581544 0.375433 0.581544 0.375417 0.578751 0.822306 0.652529 0.820253 0.649719 0.862908 0.649719 0.862892 0.652529 0.109528 0.932531 0.109528 0.929577 0.213236 0.825869 0.215671 0.826388 0.967580 0.570048 0.967580 0.570214 0.962014 0.573548 0.962014 0.570935 0.996093 0.355222 0.996094 0.355373 0.991344 0.354616 0.991344 0.352385 
						0.976679 0.141445 0.976679 0.141238 0.982245 0.142112 0.982245 0.144722 0.991344 0.711675 0.991344 0.711508 0.996093 0.708700 0.996093 0.710930 0.941372 0.417962 0.941372 0.421013 0.932684 0.421015 0.932684 0.417961 0.932684 0.585605 0.932684 0.582548 0.941372 0.582559 0.941372 0.585615 0.355033 0.238009 0.472075 0.355051 0.461017 0.366109 0.354510 0.259603 0.355033 0.472093 0.237991 0.355051 0.259585 0.354528 0.366092 0.461035 0.003906 0.073356 0.153341 0.073314 0.131266 0.103547 0.003915 0.103582 0.710608 0.658546 0.561173 0.658504 0.561181 0.628279 0.688532 0.628314 0.135267 0.872408 0.005989 0.872408 0.005989 0.842818 0.135267 0.842818 0.120549 0.710266 0.121070 0.731787 0.014927 0.837930 0.003906 0.826909 0.120549 0.943551 0.109528 0.932531 0.215671 0.826388 0.237191 0.826909 0.758533 0.738714 0.728307 0.738705 0.728343 0.611354 0.758575 0.589279 0.538664 0.707460 0.560740 0.677227 0.688091 0.677192 0.688099 0.707418 0.712087 0.801790 0.712087 0.831380 0.582809 0.831380 0.582809 0.801790 0.932684 0.415108 0.941372 0.415110 0.941372 0.417962 0.932684 0.417961 0.941372 0.588464 0.932684 0.588463 0.932684 0.585605 0.941372 0.585615 
						0.932684 0.568954 0.941372 0.568955 0.941372 0.582559 0.932684 0.582548 0.941372 0.434595 0.932684 0.434596 0.932684 0.421015 0.941372 0.421013 0.478072 0.681487 0.518739 0.681487 0.520472 0.702332 0.478072 0.702332 0.165051 0.109984 0.136258 0.119179 0.869136 0.649719 0.870880 0.628749 0.911791 0.628749 0.911791 0.649719 0.693524 0.612682 0.722318 0.621876 0.417818 0.557905 0.417818 0.578751 0.375417 0.578751 0.377151 0.557905 0.712710 0.606363 0.721905 0.577569 0.862908 0.649719 0.820253 0.649719 0.820253 0.628749 0.861164 0.628749 0.555748 0.661595 0.526955 0.670790 0.976679 0.146315 0.976679 0.141445 0.982245 0.144722 0.982245 0.147162 0.967580 0.570214 0.967580 0.575142 0.962014 0.575988 0.962014 0.573548 0.996093 0.351020 0.996093 0.355222 0.991344 0.352385 0.991344 0.350298 0.991344 0.711508 0.991344 0.707341 0.996093 0.706620 0.996093 0.708700 0.976679 0.023408 0.976679 0.004793 0.982245 0.003920 0.982245 0.015558 0.967580 0.433636 0.967580 0.452230 0.962014 0.444378 0.962014 0.432749 0.967580 0.551465 0.967580 0.570048 0.962014 0.570935 0.962014 0.559317 0.976679 0.141238 0.976679 0.122643 0.982245 0.130494 0.982245 0.142112 
						0.805604 0.652768 0.810251 0.657417 0.810236 0.795109 0.805588 0.799756 0.354623 0.029415 0.355470 0.021967 0.454032 0.120530 0.446585 0.121376 0.936796 0.657415 0.941443 0.652767 0.941459 0.799755 0.936811 0.795107 0.342162 0.185229 0.336311 0.189885 0.336311 0.050834 0.342162 0.055490 0.869136 0.657379 0.873784 0.662026 0.873799 0.799718 0.869152 0.804367 0.112411 0.414998 0.106561 0.419654 0.106561 0.280604 0.112411 0.285259 0.008554 0.536773 0.003906 0.541421 0.003922 0.394433 0.008569 0.399081 0.121359 0.446603 0.120512 0.454050 0.021949 0.355488 0.029397 0.354641 0.355033 0.003924 0.472075 0.120967 0.454032 0.120530 0.355470 0.021967 0.355033 0.238009 0.354596 0.219966 0.237991 0.120966 0.256034 0.121404 0.120948 0.238009 0.237991 0.355051 0.219948 0.354614 0.121386 0.256052 0.120949 0.472093 0.120512 0.454050 0.003906 0.355051 0.021949 0.355488 0.120948 0.238009 0.121386 0.256052 0.057678 0.810193 0.186573 0.810193 0.186573 0.837267 0.057678 0.837267 0.936796 0.657415 0.936811 0.795107 0.908257 0.795111 0.908242 0.657418 0.342162 0.185229 0.342162 0.055490 0.369413 0.055490 0.369413 0.185229 0.810236 0.795109 0.810251 0.657417 
						0.838804 0.657420 0.838790 0.795112 0.112411 0.414998 0.112411 0.285259 0.139663 0.285259 0.139663 0.414998 0.008554 0.536773 0.008569 0.399081 0.037123 0.399084 0.037108 0.536776 0.106561 0.656028 0.106561 0.527133 0.133635 0.527133 0.133635 0.656028 0.873799 0.799718 0.873784 0.662026 0.902338 0.662023 0.902352 0.799715 0.520883 0.453155 0.518823 0.455975 0.478087 0.455975 0.478072 0.453155 0.109890 0.017946 0.109890 0.014983 0.216397 0.121490 0.213954 0.122010 0.668092 0.865858 0.670175 0.868476 0.536731 0.868476 0.538814 0.865858 0.121992 0.213972 0.121472 0.216415 0.014965 0.109908 0.017928 0.109908 0.909739 0.003924 0.911791 0.006734 0.869136 0.006734 0.869151 0.003924 0.813987 0.044675 0.811167 0.046735 0.811167 0.003924 0.813987 0.003939 0.364854 0.488002 0.364854 0.490956 0.261146 0.594664 0.258711 0.594145 0.805588 0.841440 0.807671 0.838822 0.936949 0.838822 0.939032 0.841440 0.353312 0.688746 0.352794 0.686312 0.456502 0.582603 0.459455 0.582603 0.820261 0.006734 0.822314 0.003924 0.862901 0.003925 0.862916 0.006735 0.976679 0.813213 0.976679 0.813009 0.982597 0.809477 0.982597 0.812259 0.976679 0.958383 0.976679 0.958167 
						0.982597 0.959118 0.982597 0.961900 0.953267 0.832069 0.953267 0.832256 0.947349 0.831322 0.947349 0.828544 0.953267 0.977266 0.953267 0.977446 0.947349 0.980962 0.947349 0.978186 0.926676 0.420248 0.926676 0.423292 0.918019 0.423289 0.918019 0.420242 0.926676 0.584179 0.926677 0.587220 0.918019 0.587218 0.918019 0.584170 0.120949 0.003924 0.237991 0.120966 0.216397 0.121490 0.109890 0.014983 0.120948 0.238009 0.121472 0.216415 0.003906 0.120967 0.014965 0.109908 0.710608 0.757142 0.561173 0.757100 0.561181 0.726874 0.688532 0.726910 0.668092 0.865858 0.538814 0.865858 0.538814 0.836268 0.668092 0.836268 0.766523 0.737946 0.766482 0.588511 0.796714 0.610586 0.796749 0.737938 0.353834 0.476982 0.364854 0.488002 0.258711 0.594145 0.237191 0.593624 0.353312 0.688746 0.353834 0.710266 0.459455 0.582603 0.470476 0.593624 0.424300 0.382693 0.454532 0.404769 0.454568 0.532120 0.424342 0.532128 0.807671 0.838822 0.807671 0.809232 0.936949 0.809232 0.936949 0.838822 0.526955 0.623378 0.526963 0.593152 0.654314 0.593187 0.676390 0.623419 0.918019 0.417396 0.926676 0.417399 0.926676 0.420248 0.918019 0.420242 0.918019 0.570636 0.926677 0.570636 
						0.926676 0.584179 0.918019 0.584170 0.926676 0.436834 0.918019 0.436834 0.918019 0.423289 0.926676 0.423292 0.926676 0.590064 0.918019 0.590063 0.918019 0.587218 0.926677 0.587220 0.911791 0.027704 0.870880 0.027704 0.869136 0.006734 0.911791 0.006734 0.803151 0.576801 0.812346 0.605594 0.478072 0.453155 0.479822 0.432108 0.520883 0.432108 0.520883 0.453155 0.693524 0.711277 0.722318 0.720472 0.820261 0.027704 0.820261 0.006734 0.862916 0.006735 0.861172 0.027705 0.659306 0.577555 0.688100 0.586750 0.811167 0.003924 0.811167 0.046735 0.790120 0.046735 0.790120 0.005674 0.470165 0.399777 0.460970 0.370983 0.953267 0.826856 0.953267 0.832069 0.947349 0.828544 0.947349 0.825943 0.976679 0.813009 0.976679 0.807793 0.982597 0.806879 0.982597 0.809477 0.953267 0.957481 0.953267 0.977266 0.947349 0.978186 0.947349 0.965824 0.976679 0.958167 0.976679 0.938420 0.982597 0.946763 0.982597 0.959118 0.976679 0.832968 0.976679 0.813213 0.982597 0.812259 0.982597 0.824624 0.953267 0.832256 0.953267 0.852026 0.947349 0.843684 0.947349 0.831322 0.976679 0.963600 0.976679 0.958383 0.982597 0.961900 0.982597 0.964497 0.953267 0.977446 0.953267 0.982658 
						0.947349 0.983558 0.947349 0.980962 
					</float_array>
					<technique_common>
						<accessor count="706" offset="0" source="#meshId0-tex0-array" stride="2">
							<param name="S" type="float" />
							<param name="T" type="float" />
						</accessor>
					</technique_common>
				</source>
				<vertices id="meshId0-vertices">
					<input semantic="POSITION" source="#meshId0-positions" />
				</vertices>
				<polylist count="380" material="defaultMaterial">
					<input offset="0" semantic="VERTEX" source="#meshId0-vertices" />
					<input offset="0" semantic="NORMAL" source="#meshId0-normals" />
					<input offset="0" semantic="TANGENT" source="#meshId0-tangents" />
					<input offset="0" semantic="BINORMAL" source="#meshId0-bitangents" />
					<input offset="0" semantic="TEXCOORD" source="#meshId0-tex0" set="0" />
					<vcount>
						3 3 3 3 3 3 3 3 3 3 3 3 3 3 3 3 3 3 3 3 3 3 3 3 3 3 3 3 3 3 3 3 3 3 3 3 3 3 3 3 3 3 3 3 3 3 3 3 3 3 3 3 3 3 3 3 3 3 3 3 3 3 3 3 
						3 3 3 3 3 3 3 3 3 3 3 3 3 3 3 3 3 3 3 3 3 3 3 3 3 3 3 3 3 3 3 3 3 3 3 3 3 3 3 3 3 3 3 3 3 3 3 3 3 3 3 3 3 3 3 3 3 3 3 3 3 3 3 3 
						3 3 3 3 3 3 3 3 3 3 3 3 3 3 3 3 3 3 3 3 3 3 3 3 3 3 3 3 3 3 3 3 3 3 3 3 3 3 3 3 3 3 3 3 3 3 3 3 3 3 3 3 3 3 3 3 3 3 3 3 3 3 3 3 
						3 3 3 3 3 3 3 3 3 3 3 3 3 3 3 3 3 3 3 3 3 3 3 3 3 3 3 3 3 3 3 3 3 3 3 3 3 3 3 3 3 3 3 3 3 3 3 3 3 3 3 3 3 3 3 3 3 3 3 3 3 3 3 3 
						3 3 3 3 3 3 3 3 3 3 3 3 3 3 3 3 3 3 3 3 3 3 3 3 3 3 3 3 3 3 3 3 3 3 3 3 3 3 3 3 3 3 3 3 3 3 3 3 3 3 3 3 3 3 3 3 3 3 3 3 3 3 3 3 
						3 3 3 3 3 3 3 3 3 3 3 3 3 3 3 3 3 3 3 3 3 3 3 3 3 3 3 3 3 3 3 3 3 3 3 3 3 3 3 3 3 3 3 3 3 3 3 3 3 3 3 3 3 3 3 3 3 3 3 3 
					</vcount>
					<p>
						0 1 2 6 3 4 4 5 6 7 8 9 13 10 11 11 12 13 17 14 15 15 16 17 21 18 19 19 20 21 22 23 24 28 25 26 26 27 28 29 30 31 32 33 34 38 35 36 36 37 38 39 40 41 45 42 43 43 44 45 49 46 47 47 48 49 53 50 51 51 52 53 54 55 56 60 57 58 58 59 60 61 62 63 67 64 65 65 66 67 69 67 66 66 68 69 71 69 68 68 70 71 64 71 70 70 65 64 75 72 73 73 74 75 77 75 74 74 76 77 79 77 76 76 78 79 72 79 78 78 73 72 83 80 81 81 82 83 87 84 85 85 86 87 91 88 89 89 90 91 95 92 93 93 94 95 99 96 97 97 98 99 103 100 101 101 102 103 107 104 105 105 106 107 111 108 109 109 110 111 115 112 113 113 114 115 119 116 117 117 118 119 
						123 120 121 121 122 123 127 124 125 125 126 127 131 128 129 129 130 131 135 132 133 133 134 135 139 136 137 137 138 139 143 140 141 141 142 143 147 144 145 145 146 147 151 148 149 149 150 151 155 152 153 153 154 155 159 156 157 157 158 159 163 160 161 161 162 163 167 164 165 165 166 167 171 168 169 169 170 171 175 172 173 173 174 175 179 176 177 177 178 179 183 180 181 181 182 183 187 184 185 185 186 187 191 188 189 189 190 191 195 192 193 193 194 195 199 196 197 197 198 199 203 200 201 201 202 203 207 204 205 205 206 207 211 208 209 209 210 211 215 212 213 213 214 215 219 216 217 217 218 219 223 220 221 221 222 223 227 224 225 225 226 227 231 228 229 229 230 231 235 232 233 233 234 235 239 236 237 237 238 239 243 240 241 241 242 243 247 244 245 245 246 247 
						251 248 249 249 250 251 255 252 253 253 254 255 259 256 257 257 258 259 263 260 261 261 262 263 267 264 265 265 266 267 271 268 269 269 270 271 275 272 273 273 274 275 279 276 277 277 278 279 283 280 281 281 282 283 287 284 285 285 286 287 291 288 289 289 290 291 295 292 293 293 294 295 299 296 297 297 298 299 303 300 301 301 302 303 307 304 305 305 306 307 311 308 309 309 310 311 315 312 313 313 314 315 319 316 317 317 318 319 323 320 321 321 322 323 327 324 325 325 326 327 331 328 329 329 330 331 335 332 333 333 334 335 339 336 337 337 338 339 343 340 341 341 342 343 342 341 336 336 339 342 347 344 345 345 346 347 351 348 349 349 350 351 355 352 353 353 354 355 359 356 357 357 358 359 363 360 361 361 362 363 356 363 362 362 357 356 367 364 365 365 366 367 
						371 368 369 369 370 371 375 372 373 373 374 375 379 376 377 377 378 379 383 380 381 381 382 383 387 384 385 385 386 387 391 388 389 389 390 391 395 392 393 393 394 395 346 345 396 396 397 346 401 398 399 399 400 401 351 402 403 403 348 351 407 404 405 405 406 407 409 367 366 366 408 409 413 410 411 411 412 413 415 414 369 369 368 415 419 416 417 417 418 419 423 420 421 421 422 423 427 424 425 425 426 427 431 428 429 429 430 431 435 432 433 433 434 435 439 436 437 437 438 439 443 440 441 441 442 443 447 444 445 445 446 447 451 448 449 449 450 451 455 452 453 453 454 455 459 456 457 457 458 459 463 460 461 461 462 463 467 464 465 465 466 467 471 468 469 469 470 471 475 472 473 473 474 475 479 476 477 477 478 479 483 480 481 481 482 483 482 481 484 484 485 482 
						485 484 486 486 487 485 487 486 480 480 483 487 491 488 489 489 490 491 490 489 492 492 493 490 493 492 494 494 495 493 495 494 496 496 497 495 501 498 499 499 500 501 505 502 503 503 504 505 509 506 507 507 508 509 513 510 511 511 512 513 517 514 515 515 516 517 521 518 519 519 520 521 525 522 523 523 524 525 529 526 527 527 528 529 533 530 531 531 532 533 537 534 535 535 536 537 541 538 539 539 540 541 545 542 543 543 544 545 549 546 547 547 548 549 553 550 551 551 552 553 557 554 555 555 556 557 561 558 559 559 560 561 565 562 563 563 564 565 569 566 567 567 568 569 573 570 571 571 572 573 577 574 575 575 576 577 581 578 579 579 580 581 585 582 583 583 584 585 589 586 587 587 588 589 593 590 591 591 592 593 597 594 595 595 596 597 596 595 598 598 599 596 
						599 598 600 600 601 599 605 602 603 603 604 605 609 606 607 607 608 609 613 610 611 611 612 613 617 614 615 615 616 617 619 617 616 616 618 619 621 619 618 618 620 621 625 622 623 623 624 625 629 626 627 627 628 629 633 630 631 631 632 633 637 634 635 635 636 637 641 638 639 639 640 641 645 642 643 643 644 645 649 646 647 647 648 649 653 650 651 651 652 653 612 611 654 654 655 612 659 656 657 657 658 659 605 660 661 661 602 605 665 662 663 663 664 665 667 633 632 632 666 667 671 668 669 669 670 671 673 672 623 623 622 673 677 674 675 675 676 677 681 678 679 679 680 681 685 682 683 683 684 685 689 686 687 687 688 689 693 690 691 691 692 693 697 694 695 695 696 697 701 698 699 699 700 701 705 702 703 703 704 705 
					</p>
				</polylist>
			</mesh>
		</geometry>
	</library_geometries>
	<library_visual_scenes>
		<visual_scene id="RootNode" name="RootNode">
			<node id="pCube1" name="pCube1">
				<matrix>1.000000 0.000000 0.000000 0.000000 0.000000 1.000000 0.000000 0.000000 0.000000 0.000000 1.000000 0.000000 0.000000 0.000000 0.000000 1.000000</matrix>
				<instance_geometry url="#meshId0">
					<bind_material>
						<technique_common>
							<instance_material symbol="defaultMaterial" target="#standardSurface1" />
						</technique_common>
					</bind_material>
				</instance_geometry>
			</node>
		</visual_scene>
	</library_visual_scenes>
	<scene>
		<instance_visual_scene url="#RootNode" />
	</scene>
</COLLADA>
