# Blender v3.0.0 OBJ File: 'Guntut4.blend'
# www.blender.org
mtllib Guntut4LowPoly.mtl
o Cube
v 0.079769 0.047687 0.694926
v -0.079769 0.047687 0.694926
v 0.079769 -0.048166 0.376782
v 0.079769 -0.438451 0.644664
v 0.079769 -0.420922 0.832166
v -0.079769 -0.048166 0.376782
v -0.079769 -0.438451 0.644664
v -0.079769 -0.420922 0.832166
v 0.079769 -0.470301 0.723747
v 0.079769 0.023241 0.570464
v 0.079769 -0.413264 0.627377
v -0.079769 -0.470301 0.723747
v -0.079769 0.023241 0.570464
v -0.079769 -0.413264 0.627377
v -0.079769 -0.088084 0.404180
v 0.079769 -0.088084 0.404180
v -0.079769 -0.313707 0.676816
v -0.079769 -0.082118 0.516791
v 0.079769 -0.313707 0.676816
v 0.079769 -0.082118 0.516791
v 0.046613 -0.046615 0.670290
v 0.041778 -0.327269 0.868202
v -0.046613 -0.046615 0.670290
v -0.041778 -0.327269 0.868202
v -0.079769 -0.386161 0.845541
v -0.079769 -0.046808 0.670240
v -0.079769 -0.072253 0.633078
v 0.079769 -0.386161 0.845541
v 0.079769 -0.046808 0.670240
v 0.079769 -0.072253 0.633078
v -0.025173 -0.038970 0.401725
v -0.025173 -0.048166 0.376782
v 0.025173 -0.048166 0.376782
v 0.025173 -0.038970 0.401725
v -0.025173 -0.088084 0.404180
v 0.025173 -0.088084 0.404180
v -0.025173 -0.086669 0.430888
v 0.025173 -0.086669 0.430888
vt 0.786617 0.465787
vt 0.829852 0.465787
vt 0.845229 0.510918
vt 0.000812 0.949959
vt 0.074800 0.940132
vt 0.074800 0.949959
vt 0.825183 0.013102
vt 0.776515 0.096242
vt 0.801834 0.013102
vt 0.000812 0.940132
vt 0.074800 0.901528
vt 0.827610 0.370016
vt 0.788860 0.370016
vt 0.000812 0.855691
vt 0.074800 0.855691
vt 0.773830 0.735996
vt 0.799150 0.720421
vt 0.799150 0.735996
vt 0.847818 0.735996
vt 0.822498 0.720421
vt 0.847818 0.720421
vt 0.255271 0.924500
vt 0.289821 0.998488
vt 0.255271 0.998488
vt 0.397139 0.433474
vt 0.346264 0.451944
vt 0.368577 0.323315
vt 0.845229 0.340797
vt 0.771241 0.340797
vt 0.771241 0.449181
vt 0.771241 0.465695
vt 0.446510 0.280372
vt 0.425513 0.259988
vt 0.773830 0.669360
vt 0.822498 0.708311
vt 0.799150 0.708311
vt 0.845229 0.449181
vt 0.845229 0.465695
vt 0.397139 0.060814
vt 0.446510 0.213916
vt 0.425513 0.234300
vt 0.368577 0.170973
vt 0.346264 0.042344
vt 0.776515 0.154880
vt 0.850503 0.096242
vt 0.850503 0.154880
vt 0.847818 0.578515
vt 0.847818 0.669360
vt 0.692068 0.568064
vt 0.702978 0.548037
vt 0.702978 0.573965
vt 0.678350 0.551543
vt 0.689260 0.571570
vt 0.677166 0.573965
vt 0.799150 0.725285
vt 0.822498 0.725285
vt 0.771241 0.510918
vt 0.825183 0.000812
vt 0.850503 0.000812
vt 0.776515 0.000812
vt 0.801834 0.000812
vt 0.000812 0.901528
vt 0.773830 0.720421
vt 0.822498 0.735996
vt 0.289821 0.924500
vt 0.417733 0.436956
vt 0.389357 0.485857
vt 0.446510 0.471934
vt 0.293927 0.493476
vt 0.297696 0.471341
vt 0.328395 0.291021
vt 0.330773 0.277054
vt 0.357869 0.248261
vt 0.413119 0.247956
vt 0.771241 0.323550
vt 0.845229 0.323550
vt 0.417792 0.437027
vt 0.417792 0.057261
vt 0.297696 0.022947
vt 0.293927 0.000812
vt 0.389357 0.008431
vt 0.446510 0.022354
vt 0.417733 0.057332
vt 0.413119 0.246332
vt 0.357869 0.246027
vt 0.330773 0.217233
vt 0.328395 0.203267
vt 0.773830 0.578515
vt 0.690884 0.545642
vt 0.689260 0.545642
vn 0.0000 -0.2528 0.9675
vn 0.0000 -0.5659 -0.8245
vn 0.0000 0.9383 -0.3459
vn -0.0000 0.9628 -0.2702
vn 0.0000 -0.9276 -0.3736
vn 0.0000 0.5763 0.8172
vn 0.0000 -0.9101 0.4145
vn 0.0000 0.4448 -0.8956
vn -1.0000 -0.0000 0.0000
vn 0.0000 -0.3591 0.9333
vn 0.0039 -0.8251 0.5650
vn -0.8062 0.3316 0.4899
vn 0.0000 -0.9986 0.0529
vn -0.0039 -0.8251 0.5650
vn 0.8062 0.3316 0.4899
vn 1.0000 -0.0000 0.0000
vn 0.0000 0.9813 -0.1927
vn 0.0000 -0.5685 -0.8227
vn 0.0000 -0.5216 -0.8532
usemtl Material
s 1
f 23/1/1 21/2/1 1/3/1
f 11/4/2 7/5/2 14/6/2
f 31/7/3 10/8/4 34/9/3
f 4/10/5 12/11/5 7/5/5
f 22/12/6 23/1/6 24/13/6
f 12/11/7 5/14/7 8/15/7
f 3/16/2 36/17/2 33/18/2
f 6/19/2 35/20/2 15/21/2
f 19/22/8 14/23/8 17/24/8
f 27/25/9 18/26/9 17/27/9
f 28/28/10 22/12/10 25/29/10
f 27/30/11 23/1/11 26/31/11
f 24/32/12 27/25/12 25/33/12
f 20/34/13 37/35/13 38/36/13
f 30/37/14 29/38/14 21/2/14
f 30/39/15 22/40/15 28/41/15
f 30/39/16 19/42/16 20/43/16
f 1/44/17 13/45/4 2/46/17
f 20/34/18 17/47/18 18/48/18
f 35/49/16 31/50/16 37/51/16
f 36/52/9 34/53/9 33/54/9
f 34/55/19 37/35/19 31/56/19
f 21/2/1 29/38/1 1/3/1
f 1/3/1 2/57/1 23/1/1
f 2/57/1 26/31/1 23/1/1
f 11/4/2 4/10/2 7/5/2
f 31/7/3 32/58/3 6/59/3
f 6/59/3 13/45/4 31/7/3
f 13/45/4 10/8/4 31/7/3
f 10/8/4 3/60/3 34/9/3
f 3/60/3 33/61/3 34/9/3
f 4/10/5 9/62/5 12/11/5
f 22/12/6 21/2/6 23/1/6
f 12/11/7 9/62/7 5/14/7
f 3/16/2 16/63/2 36/17/2
f 6/19/2 32/64/2 35/20/2
f 19/22/8 11/65/8 14/23/8
f 27/25/9 26/66/9 13/67/9
f 26/66/9 2/68/9 13/67/9
f 13/67/9 6/69/9 18/26/9
f 6/69/9 15/70/9 18/26/9
f 17/27/9 14/71/9 7/72/9
f 13/67/9 18/26/9 27/25/9
f 17/27/9 7/72/9 12/73/9
f 8/74/9 25/33/9 17/27/9
f 25/33/9 27/25/9 17/27/9
f 17/27/9 12/73/9 8/74/9
f 22/12/10 24/13/10 25/29/10
f 25/29/10 8/75/10 5/76/10
f 5/76/10 28/28/10 25/29/10
f 24/32/12 23/77/12 27/25/12
f 36/17/13 16/63/13 38/36/13
f 16/63/13 20/34/13 38/36/13
f 20/34/13 18/48/13 37/35/13
f 18/48/13 15/21/13 37/35/13
f 15/21/13 35/20/13 37/35/13
f 30/39/15 21/78/15 22/40/15
f 20/43/16 16/79/16 3/80/16
f 3/80/16 10/81/16 20/43/16
f 10/81/16 1/82/16 29/83/16
f 20/43/16 10/81/16 30/39/16
f 29/83/16 30/39/16 10/81/16
f 30/39/16 28/41/16 19/42/16
f 28/41/16 5/84/16 19/42/16
f 5/84/16 9/85/16 19/42/16
f 9/85/16 4/86/16 19/42/16
f 4/86/16 11/87/16 19/42/16
f 1/44/17 10/8/4 13/45/4
f 20/34/18 19/88/18 17/47/18
f 35/49/16 32/89/16 31/50/16
f 36/52/9 38/90/9 34/53/9
f 34/55/19 38/36/19 37/35/19
o Cube.001
v -0.036399 -0.278471 0.268269
v 0.036399 -0.278471 0.268269
v -0.036399 -0.207072 0.295770
v 0.036399 -0.207072 0.295770
v -0.036399 -0.278471 0.534857
v -0.036399 -0.048166 0.166427
v -0.036399 -0.207072 0.485851
v -0.036399 -0.048166 0.077551
v 0.036399 -0.207072 0.485851
v 0.036399 -0.048166 0.077551
v 0.036399 -0.278471 0.534857
v 0.036399 -0.048166 0.166427
vt 0.214471 0.491128
vt 0.294573 0.409946
vt 0.252408 0.494703
vt 0.542117 0.337020
vt 0.622218 0.240522
vt 0.580053 0.333445
vt 0.343715 0.456937
vt 0.307460 0.605858
vt 0.307460 0.456937
vt 0.307460 0.372257
vt 0.343715 0.372257
vt 0.513473 0.524106
vt 0.477218 0.459689
vt 0.513473 0.459689
vt 0.477218 0.524106
vt 0.513473 0.618771
vt 0.477218 0.618771
vt 0.477218 0.415426
vt 0.513473 0.415426
vt 0.513473 0.643177
vt 0.477218 0.643177
vt 0.294573 0.587626
vt 0.274858 0.627256
vt 0.273607 0.372257
vt 0.602503 0.200892
vt 0.622218 0.418202
vt 0.601252 0.455891
vt 0.343715 0.605858
vn -1.0000 0.0000 0.0000
vn 1.0000 0.0000 0.0000
vn 0.0000 -0.6378 -0.7702
vn 0.0000 -1.0000 0.0000
vn 0.0000 0.6313 0.7756
vn 0.0000 1.0000 0.0000
vn 0.0000 0.5659 0.8245
usemtl Metal
s 1
f 39/91/20 45/92/20 41/93/20
f 40/94/21 50/95/21 42/96/21
f 39/97/22 48/98/22 40/99/22
f 39/97/23 49/100/23 43/101/23
f 41/102/24 50/103/24 44/104/24
f 42/105/25 45/106/25 47/107/25
f 44/104/25 48/108/25 46/109/25
f 47/107/26 43/110/26 49/111/26
f 44/112/20 46/113/20 39/91/20
f 39/91/20 43/114/20 45/92/20
f 41/93/20 44/112/20 39/91/20
f 40/94/21 48/115/21 50/95/21
f 42/96/21 47/116/21 40/94/21
f 47/116/21 49/117/21 40/94/21
f 39/97/22 46/118/22 48/98/22
f 39/97/23 40/99/23 49/100/23
f 41/102/24 42/105/24 50/103/24
f 42/105/25 41/102/25 45/106/25
f 44/104/25 50/103/25 48/108/25
f 47/107/26 45/106/26 43/110/26
o Cube.002
v -0.090951 -0.470301 0.723747
v -0.090951 -0.420922 0.832166
v -0.090951 -0.552214 0.794606
v -0.050781 -0.580477 0.805085
v -0.090951 -0.467888 0.908449
v 0.090951 -0.470301 0.723747
v 0.090951 -0.420922 0.832166
v -0.050781 -0.484952 0.934047
v -0.050781 -0.352996 0.966719
v 0.090951 -0.552214 0.794606
v 0.050781 -0.580477 0.805085
v 0.090951 -0.467888 0.908449
v 0.050781 -0.484952 0.934047
v 0.050781 -0.352996 0.966719
v 0.090951 -0.559508 0.694332
v 0.050781 -0.589000 0.687916
v 0.050781 -0.530991 0.577723
v -0.090951 -0.559508 0.694332
v -0.050781 -0.589000 0.687916
v -0.050781 -0.530991 0.577723
v -0.090951 -0.355423 0.936295
v 0.090951 -0.355423 0.936295
v 0.068371 -0.342266 0.956316
v 0.090951 -0.293786 0.881166
v 0.072754 -0.288998 0.904673
v -0.068371 -0.342266 0.956316
v -0.090951 -0.293786 0.881166
v -0.072754 -0.288998 0.904673
v -0.090951 -0.521205 0.621583
v -0.062059 -0.524501 0.582929
v -0.090395 -0.437270 0.641706
v 0.090951 -0.521205 0.621583
v 0.062059 -0.524501 0.582929
v 0.090395 -0.437270 0.641706
v 0.053661 -0.448521 0.590805
v -0.053661 -0.448521 0.590805
vt 0.359066 0.361035
vt 0.348660 0.291250
vt 0.397572 0.338504
vt 0.020943 0.622871
vt 0.071524 0.584767
vt 0.071524 0.622871
vt 0.091529 0.779226
vt 0.000937 0.846703
vt 0.000937 0.779226
vt 0.020943 0.508008
vt 0.000937 0.575769
vt 0.000937 0.508008
vt 0.000937 0.459921
vt 0.328367 0.929991
vt 0.292223 0.927808
vt 0.284942 0.919048
vt 0.091529 0.741488
vt 0.091529 0.575769
vt 0.071524 0.508008
vt 0.091529 0.508008
vt 0.401977 0.399611
vt 0.395939 0.413552
vt 0.408795 0.200892
vt 0.410423 0.204700
vt 0.402807 0.222462
vt 0.091529 0.459921
vt 0.071524 0.451819
vt 0.536851 0.213177
vt 0.500241 0.214834
vt 0.501346 0.202952
vt 0.501070 0.391983
vt 0.507059 0.413552
vt 0.455757 0.378702
vt 0.495836 0.275940
vt 0.499521 0.335158
vt 0.446923 0.323194
vt 0.908344 0.813687
vt 0.865257 0.723372
vt 0.908344 0.723649
vt 0.336753 0.848462
vt 0.328367 0.857524
vt 0.438587 0.401267
vt 0.403083 0.411492
vt 0.020943 0.410407
vt 0.020943 0.451819
vt 0.457329 0.253409
vt 0.494202 0.200892
vt 0.441979 0.225954
vt 0.434987 0.250961
vt 0.552819 0.190197
vt 0.511461 0.138182
vt 0.552819 0.136748
vt 0.540242 0.388490
vt 0.533251 0.363483
vt 0.926257 0.741943
vt 0.926257 0.795393
vt 0.401257 0.279287
vt 0.441979 0.389813
vt 0.368935 0.245468
vt 0.020943 0.584767
vt 0.091529 0.846703
vt 0.284942 0.868467
vt 0.292223 0.859707
vt 0.000937 0.741488
vt 0.345589 0.368291
vt 0.357494 0.235742
vt 0.540242 0.224631
vt 0.467199 0.368976
vt 0.508687 0.409744
vt 0.865257 0.813964
vt 0.336753 0.939054
vt 0.071524 0.410407
vt 0.443853 0.246153
vt 0.515255 0.194380
vt 0.511461 0.188763
vt 0.515255 0.132565
vn 1.0000 0.0000 0.0000
vn 0.0000 -0.2403 0.9707
vn 0.0000 0.3596 -0.9331
vn -0.6002 -0.7500 0.2781
vn -0.5847 -0.6519 0.4829
vn -0.6007 -0.7828 -0.1627
vn -0.0000 0.6961 0.7180
vn 0.0000 0.9101 -0.4145
vn 0.5847 -0.6519 0.4829
vn 0.6002 -0.7500 0.2781
vn 0.5847 -0.1950 0.7875
vn 0.5865 -0.7167 -0.3773
vn 0.5866 -0.7167 -0.3773
vn 0.6007 -0.7828 -0.1627
vn 0.6007 -0.7825 -0.1641
vn -0.7457 0.4417 0.4988
vn -0.7309 0.4461 0.5165
vn -0.7250 0.4478 0.5234
vn -0.5865 -0.7167 -0.3773
vn -0.6007 -0.7825 -0.1641
vn -1.0000 -0.0000 0.0000
vn -1.0000 0.0016 -0.0008
vn 0.0000 0.9276 0.3735
vn 0.0000 0.9799 -0.1996
vn 0.7309 0.4461 0.5165
vn 0.7457 0.4417 0.4988
vn 0.7250 0.4478 0.5234
vn 0.0000 -0.8036 0.5952
vn 0.0000 -0.8849 -0.4658
vn -0.5847 -0.1950 0.7875
vn 0.7859 0.1491 -0.6001
vn 0.0320 0.1555 -0.9873
vn -0.1363 0.1506 -0.9792
vn -0.0320 0.1555 -0.9873
vn 0.0000 -0.9974 0.0725
vn -0.7859 0.1491 -0.6001
vn 0.0000 0.9764 -0.2158
vn 1.0000 0.0036 -0.0018
vn 1.0000 0.0075 -0.0037
vn 1.0000 0.0016 -0.0008
vn -0.7513 0.4400 0.4919
vn -0.5866 -0.7167 -0.3773
vn -1.0000 0.0075 -0.0037
vn -1.0000 0.0036 -0.0018
vn 0.7513 0.4400 0.4919
vn 0.3503 0.1348 -0.9269
vn 0.1363 0.1506 -0.9792
vn -0.3503 0.1348 -0.9269
usemtl Metal
s 1
f 62/119/27 60/120/27 57/121/27
f 59/122/28 63/123/28 64/124/28
f 52/125/29 74/126/29 57/127/29
f 54/128/30 55/129/31 53/130/30
f 68/131/32 54/128/30 53/130/30
f 78/132/33 76/133/33 59/134/33
f 57/127/34 51/135/34 52/125/34
f 62/136/35 61/137/36 60/138/36
f 72/139/37 64/140/37 62/119/37
f 67/141/38 83/142/39 82/143/38
f 65/144/40 61/137/36 66/145/41
f 78/146/42 71/147/43 76/148/44
f 79/149/45 70/150/45 69/151/46
f 52/152/47 51/153/48 53/154/47
f 81/155/49 56/156/49 84/157/49
f 74/158/50 78/132/50 75/159/50
f 72/139/51 75/160/52 73/161/53
f 63/123/54 54/128/54 61/137/54
f 70/162/55 66/145/55 69/163/55
f 55/164/56 59/165/56 71/147/56
f 82/143/57 85/166/57 84/167/57
f 85/168/58 70/169/59 86/170/60
f 54/128/61 66/145/61 61/137/61
f 86/171/62 79/149/62 81/172/62
f 81/155/63 85/173/63 86/174/63
f 82/143/64 84/167/65 56/175/66
f 57/121/27 74/176/27 72/139/27
f 82/143/64 56/175/66 65/177/27
f 56/175/66 57/121/27 60/120/27
f 60/120/27 65/177/27 56/175/66
f 72/139/27 62/119/27 57/121/27
f 59/122/28 58/178/28 63/123/28
f 52/125/29 77/179/29 74/126/29
f 54/128/30 58/178/31 55/129/31
f 68/131/32 69/163/46 54/128/30
f 59/134/33 64/180/33 78/132/33
f 64/180/33 73/181/33 75/159/33
f 78/132/33 64/180/33 75/159/33
f 57/127/34 56/182/34 51/135/34
f 62/136/35 63/123/35 61/137/36
f 73/161/37 64/140/37 72/139/37
f 64/140/37 63/183/37 62/119/37
f 82/143/38 65/177/40 66/184/41
f 66/184/41 67/141/38 82/143/38
f 65/144/40 60/138/36 61/137/36
f 78/146/42 77/185/67 71/147/43
f 69/151/46 68/186/32 79/149/45
f 79/149/45 80/187/68 70/150/45
f 51/153/48 81/172/69 79/149/70
f 79/149/70 68/186/47 51/153/48
f 68/186/47 53/154/47 51/153/48
f 53/154/47 55/164/47 52/152/47
f 55/164/47 71/147/47 52/152/47
f 71/147/47 77/185/47 52/152/47
f 81/155/49 51/188/49 56/156/49
f 74/158/50 77/189/50 78/132/50
f 72/139/51 74/176/71 75/160/52
f 63/123/54 58/178/54 54/128/54
f 70/162/55 67/190/55 66/145/55
f 58/191/56 59/165/56 55/164/56
f 59/165/56 76/148/56 71/147/56
f 82/143/57 83/142/57 85/166/57
f 85/168/58 83/192/72 67/193/73
f 67/193/73 70/169/59 85/168/58
f 70/169/59 80/194/74 86/170/60
f 54/128/61 69/163/61 66/145/61
f 86/171/62 80/187/62 79/149/62
f 81/155/63 84/157/63 85/173/63
o Cube.003
v -0.099673 0.410676 -0.581744
v -0.099673 0.414651 -0.242808
v -0.058401 0.508814 -0.646273
v -0.053740 0.514042 -0.215334
v 0.099673 0.410676 -0.581744
v 0.099673 0.414651 -0.242808
v 0.058401 0.508814 -0.646273
v 0.053740 0.514042 -0.215334
v 0.099673 0.462518 -0.615832
v 0.099673 0.462518 -0.229577
v -0.099673 0.462518 -0.615832
v -0.099673 0.462518 -0.229577
vt 0.677166 0.510139
vt 0.769616 0.352941
vt 0.769616 0.510139
vt 0.381820 0.884084
vt 0.433827 0.684214
vt 0.435989 0.884084
vt 0.890979 0.151429
vt 0.913039 0.315032
vt 0.890916 0.308627
vt 0.750476 0.323550
vt 0.769616 0.337415
vt 0.949232 0.744514
vt 0.927172 0.908117
vt 0.927109 0.750919
vt 0.915212 0.135912
vt 0.936852 0.321926
vt 0.973045 0.737620
vt 0.951405 0.923634
vt 0.200812 0.943919
vt 0.176021 0.965222
vt 0.152989 0.965222
vt 0.677166 0.352941
vt 0.383982 0.684214
vt 0.677166 0.337415
vt 0.696307 0.323550
vt 0.936852 0.122056
vt 0.973045 0.937490
vt 0.152989 0.872771
vt 0.176021 0.872771
vt 0.200812 0.894074
vn 0.0000 -0.9999 0.0117
vn 0.0000 0.9999 -0.0121
vn 1.0000 0.0000 0.0000
vn 0.0000 -0.5494 -0.8356
vn -1.0000 -0.0000 0.0000
vn 0.7464 0.6655 0.0000
vn -0.7464 0.6655 0.0000
vn -0.0000 -0.2664 0.9639
usemtl Material
s 1
f 88/195/75 91/196/75 92/197/75
f 89/198/76 94/199/76 93/200/76
f 91/201/77 96/202/77 92/203/77
f 93/204/78 95/205/78 91/196/78
f 98/206/79 87/207/79 88/208/79
f 95/209/80 94/210/80 96/202/80
f 90/211/81 97/212/81 98/206/81
f 90/213/82 98/214/82 88/215/82
f 88/195/75 87/216/75 91/196/75
f 89/198/76 90/217/76 94/199/76
f 91/201/77 95/209/77 96/202/77
f 91/196/78 87/216/78 93/204/78
f 87/216/78 97/218/78 89/219/78
f 93/204/78 87/216/78 89/219/78
f 98/206/79 97/212/79 87/207/79
f 95/209/80 93/220/80 94/210/80
f 90/211/81 89/221/81 97/212/81
f 88/215/82 92/222/82 90/213/82
f 92/222/82 96/223/82 94/224/82
f 90/213/82 92/222/82 94/224/82
o Cube.004
v -0.093009 0.046751 -0.284696
v -0.093009 0.046751 -0.040236
v -0.050428 -0.048166 0.013325
v -0.050428 -0.048166 -0.354635
v 0.093009 0.046751 -0.284696
v 0.093009 0.046751 -0.040236
v 0.050428 -0.048166 0.013325
v 0.050428 -0.048166 -0.354635
v 0.093009 -0.013250 -0.006378
v 0.093009 -0.013250 -0.328908
v -0.093009 -0.013250 -0.006378
v -0.093009 -0.013250 -0.328908
vt 0.885434 0.306083
vt 0.857608 0.177008
vt 0.885434 0.156504
vt 0.360448 0.684214
vt 0.380196 0.842930
vt 0.360448 0.854861
vt 0.942263 0.707590
vt 0.970090 0.578515
vt 0.970090 0.728094
vt 0.000812 0.821631
vt 0.087081 0.821631
vt 0.020559 0.854067
vt 0.313675 0.684214
vt 0.293927 0.842930
vt 0.293927 0.693351
vt 0.087081 0.708259
vt 0.000812 0.708259
vt 0.020559 0.683419
vt 0.857608 0.290381
vt 0.380196 0.693351
vt 0.942263 0.594217
vt 0.087081 0.842135
vt 0.067333 0.854067
vt 0.000812 0.842135
vt 0.313675 0.854861
vt 0.000812 0.692556
vt 0.067333 0.683419
vt 0.087081 0.692556
vn -1.0000 0.0000 0.0000
vn -0.6341 -0.7733 -0.0000
vn 1.0000 -0.0000 0.0000
vn 0.0000 0.5932 -0.8051
vn 0.6341 -0.7733 -0.0000
vn 0.0000 0.4914 0.8709
vn 0.0000 1.0000 0.0000
vn 0.0000 -1.0000 -0.0000
usemtl Material
s 1
f 109/225/83 99/226/83 110/227/83
f 101/228/84 110/229/84 102/230/84
f 103/231/85 107/232/85 108/233/85
f 99/234/86 103/235/86 102/236/86
f 105/237/87 108/238/87 107/239/87
f 104/240/88 100/241/88 101/242/88
f 99/234/89 104/240/89 103/235/89
f 102/230/90 105/237/90 101/228/90
f 109/225/83 100/243/83 99/226/83
f 101/228/84 109/244/84 110/229/84
f 103/231/85 104/245/85 107/232/85
f 108/246/86 106/247/86 103/235/86
f 106/247/86 102/236/86 103/235/86
f 102/236/86 110/248/86 99/234/86
f 105/237/87 106/249/87 108/238/87
f 100/241/88 109/250/88 101/242/88
f 101/242/88 105/251/88 104/240/88
f 105/251/88 107/252/88 104/240/88
f 99/234/89 100/241/89 104/240/89
f 102/230/90 106/249/90 105/237/90
o Cube.005
v -0.097031 0.162451 -0.359998
v -0.097031 0.068442 -0.654815
v -0.097031 0.069823 -0.400806
v -0.057318 -0.048166 -0.906265
v -0.057318 -0.048166 -0.740871
v -0.097031 -0.008453 -0.711563
v 0.097031 0.162451 -0.359998
v 0.097031 0.068442 -0.654815
v 0.097031 0.069823 -0.400806
v 0.057318 -0.048166 -0.906265
v 0.057318 -0.048166 -0.740871
v 0.097031 -0.008453 -0.711563
v 0.097031 0.162451 -0.746289
v 0.055936 0.162451 -0.792953
v 0.097031 -0.008453 -0.838235
v -0.097031 0.162451 -0.746289
v -0.055936 0.162451 -0.792953
v -0.097031 -0.008453 -0.838235
vt 0.944948 0.077516
vt 0.998112 0.000812
vt 0.998112 0.077516
vt 0.019230 0.460005
vt 0.000812 0.505159
vt 0.000812 0.428455
vt 0.939212 0.442977
vt 0.985868 0.532976
vt 0.939212 0.532976
vt 0.098489 0.681795
vt 0.055531 0.662869
vt 0.054891 0.545069
vt 0.936852 0.441353
vt 0.846853 0.323550
vt 0.936852 0.323550
vt 0.604601 0.376101
vt 0.656484 0.376101
vt 0.675542 0.397742
vt 0.648013 0.880902
vt 0.648013 0.934067
vt 0.625262 0.952484
vt 0.098489 0.481005
vt 0.098489 0.502646
vt 0.616753 0.137538
vt 0.660351 0.000812
vt 0.660351 0.179961
vt 0.562674 0.177448
vt 0.581091 0.222602
vt 0.562674 0.254152
vt 0.660351 0.201602
vt 0.657124 0.323551
vt 0.603960 0.323551
vt 0.944948 0.000812
vt 0.019230 0.518751
vt 0.985868 0.442977
vt 0.846853 0.441353
vt 0.675542 0.576891
vt 0.585543 0.576891
vt 0.585543 0.397742
vt 0.581211 0.952484
vt 0.581211 0.862485
vt 0.625262 0.862485
vt 0.581091 0.163856
vt 0.617393 0.019738
vn 0.0000 -1.0000 0.0000
vn 0.7071 -0.7071 0.0000
vn 0.0000 -0.4032 0.9151
vn 1.0000 0.0000 0.0000
vn 0.0000 -1.0000 0.0054
vn 0.0000 1.0000 0.0000
vn 0.0000 -0.5938 0.8046
vn 0.7146 0.3346 -0.6144
vn 0.7085 0.3349 -0.6211
vn 0.7071 0.3350 -0.6227
vn -1.0000 0.0000 0.0000
vn -0.7071 -0.7071 0.0000
vn -0.7085 0.3349 -0.6211
vn -0.7146 0.3346 -0.6144
vn -0.7071 0.3350 -0.6227
vn 0.0000 0.4738 -0.8806
vn 0.7157 0.3345 -0.6131
vn -0.7157 0.3345 -0.6131
usemtl Material
s 1
f 115/253/91 120/254/91 121/255/91
f 125/256/92 121/257/92 120/258/92
f 111/259/93 119/260/93 117/261/93
f 117/262/94 119/263/94 118/264/94
f 119/265/95 112/266/95 118/267/95
f 124/268/96 127/269/96 126/270/96
f 115/271/97 121/272/97 122/273/97
f 125/256/98 124/274/99 123/275/100
f 112/276/101 111/277/101 126/278/101
f 115/279/102 128/280/102 114/281/102
f 127/282/103 128/280/104 126/278/105
f 114/283/106 124/268/106 120/284/106
f 115/253/91 114/285/91 120/254/91
f 125/256/92 122/286/92 121/257/92
f 111/259/93 113/287/93 119/260/93
f 118/264/94 122/286/94 123/275/94
f 122/286/94 125/256/94 123/275/94
f 123/275/94 117/262/94 118/264/94
f 119/265/95 113/288/95 112/266/95
f 126/270/96 111/289/96 117/290/96
f 117/290/96 123/291/96 126/270/96
f 123/291/96 124/268/96 126/270/96
f 122/273/97 118/292/97 112/293/97
f 112/293/97 116/294/97 122/273/97
f 116/294/97 115/271/97 122/273/97
f 125/256/98 120/258/107 124/274/99
f 128/280/101 116/295/101 126/278/101
f 116/295/101 112/276/101 126/278/101
f 112/276/101 113/296/101 111/277/101
f 115/279/102 116/295/102 128/280/102
f 127/282/103 114/281/108 128/280/104
f 114/283/106 127/269/106 124/268/106
o Cube.006
v -0.121737 0.338462 -0.172124
v -0.121737 0.410676 -0.581744
v -0.121737 0.414651 -0.242808
v 0.121737 0.338462 -0.172124
v 0.121737 0.410676 -0.581744
v 0.121737 0.414651 -0.242808
v -0.121737 0.299089 -0.058815
v -0.068580 0.338462 -0.726006
v -0.121737 0.338462 -0.663160
v -0.068580 0.506166 -0.864529
v -0.062705 0.514042 -0.215334
v -0.060380 0.515976 -0.055989
v -0.068993 0.508814 -0.646273
v -0.121737 0.464957 -0.617436
v -0.121737 0.464957 -0.228902
v -0.121737 0.464957 -0.056654
v 0.121737 0.299089 -0.058815
v 0.068580 0.338462 -0.726006
v 0.121737 0.338462 -0.663160
v 0.068580 0.506166 -0.864529
v 0.062705 0.514042 -0.215334
v 0.060380 0.515976 -0.055989
v 0.068993 0.508814 -0.646273
v 0.121737 0.464957 -0.617436
v 0.121737 0.464957 -0.228902
v 0.121737 0.464957 -0.056654
v 0.121737 0.464957 -0.767645
v -0.121737 0.464957 -0.767645
v -0.121737 0.162380 -0.259433
v 0.121737 0.162380 0.037735
v 0.121737 0.162380 -0.259433
v -0.121737 0.162380 0.037735
vt 0.983596 0.320114
vt 0.983596 0.384108
vt 0.938476 0.408569
vt 0.585543 0.578515
vt 0.698458 0.641327
vt 0.585543 0.641327
vt 0.528012 0.838422
vt 0.454699 0.865799
vt 0.448134 0.838422
vt 0.528604 0.922882
vt 0.454699 0.923960
vt 0.561050 0.321926
vt 0.448134 0.321926
vt 0.448134 0.094200
vt 0.774891 0.000812
vt 0.661975 0.158010
vt 0.661975 0.000812
vt 0.213029 0.801490
vt 0.188568 0.858019
vt 0.188376 0.756792
vt 0.530228 0.838422
vt 0.554323 0.838422
vt 0.577834 0.865799
vt 0.124574 0.858019
vt 0.124766 0.756792
vt 0.217901 0.068933
vt 0.275506 0.046659
vt 0.219386 0.098041
vt 0.292303 0.375965
vt 0.215428 0.378882
vt 0.230987 0.325471
vt 0.100113 0.801490
vt 0.528012 0.951337
vt 0.448134 0.951337
vt 0.128948 0.380984
vt 0.071344 0.358710
vt 0.072829 0.329602
vt 0.846853 0.442977
vt 0.937588 0.555892
vt 0.846853 0.555892
vt 0.698458 0.718258
vt 0.670003 0.741920
vt 0.108199 0.293599
vt 0.084430 0.102171
vt 0.661975 0.297451
vt 0.774891 0.159634
vt 0.774891 0.297451
vt 0.536397 0.065054
vt 0.472787 0.000812
vt 0.536397 0.000812
vt 0.963433 0.408569
vt 0.938476 0.295653
vt 0.963433 0.295653
vt 0.698458 0.578515
vt 0.528604 0.866877
vt 0.472787 0.065054
vt 0.561050 0.094200
vt 0.774891 0.158010
vt 0.213029 0.871147
vt 0.577834 0.923960
vt 0.530228 0.951337
vt 0.554323 0.951337
vt 0.292303 0.000812
vt 0.154390 0.426831
vt 0.147370 0.289193
vt 0.279054 0.116230
vt 0.254756 0.134044
vt 0.264605 0.290933
vt 0.288234 0.296185
vt 0.100113 0.871147
vt 0.145746 0.426831
vt 0.937588 0.442977
vt 0.613998 0.741920
vt 0.585543 0.718258
vt 0.132497 0.311412
vt 0.000812 0.138450
vt 0.068870 0.048760
vt 0.007833 0.000812
vt 0.145745 0.051678
vt 0.141676 0.131457
vt 0.118048 0.136710
vt 0.661975 0.159634
vn 0.0000 0.5494 0.8356
vn 0.0000 0.5769 0.8168
vn -0.6394 0.7689 0.0000
vn 0.0000 0.9999 -0.0121
vn 0.0000 -1.0000 0.0000
vn 0.0000 0.9999 -0.0117
vn -0.6277 0.7784 -0.0085
vn -0.6356 0.7720 -0.0028
vn -0.6247 0.7808 -0.0107
vn -0.0000 0.2664 -0.9639
vn 0.6736 -0.4707 -0.5698
vn 1.0000 0.0000 0.0000
vn 0.6356 0.7720 -0.0028
vn 0.6277 0.7784 -0.0085
vn 0.6247 0.7808 -0.0107
vn 0.6394 0.7689 0.0000
vn -0.6736 -0.4707 -0.5698
vn 0.0000 0.4442 -0.8959
vn -0.0000 -0.0130 0.9999
vn -1.0000 0.0000 0.0000
vn 0.0000 -0.6368 -0.7710
usemtl Material
s 1
f 151/297/109 141/298/109 130/299/109
f 160/300/110 145/301/110 135/302/110
f 144/303/111 139/304/111 143/305/111
f 139/304/112 150/306/112 149/307/112
f 132/308/113 129/309/113 137/310/113
f 130/311/114 134/312/114 133/313/114
f 156/314/115 141/315/116 138/316/117
f 131/317/118 143/318/118 139/319/118
f 138/316/112 151/320/112 148/321/112
f 146/322/119 155/323/119 147/324/119
f 154/325/120 145/326/120 132/327/120
f 151/320/121 155/328/122 148/321/123
f 149/307/124 154/329/124 153/330/124
f 156/331/125 136/332/125 137/333/125
f 132/334/126 157/335/126 129/336/126
f 145/301/127 154/337/127 150/338/127
f 130/339/128 137/333/128 129/340/128
f 160/341/113 159/342/113 158/343/113
f 146/344/129 138/345/129 148/346/129
f 142/347/109 130/299/109 141/298/109
f 130/299/109 133/348/109 151/297/109
f 133/348/109 152/349/109 151/297/109
f 160/300/110 158/350/110 145/301/110
f 144/303/111 140/351/111 139/304/111
f 139/304/112 140/351/112 150/306/112
f 137/310/113 136/352/113 146/344/113
f 146/344/113 147/353/113 137/310/113
f 147/353/113 132/308/113 137/310/113
f 130/311/114 131/354/114 134/312/114
f 156/314/115 142/355/111 141/315/116
f 139/319/118 149/356/118 134/357/118
f 149/356/118 153/358/118 134/357/118
f 134/357/118 131/317/118 139/319/118
f 138/316/112 141/315/112 151/320/112
f 146/322/119 148/359/119 155/323/119
f 158/360/120 159/361/120 145/326/120
f 159/361/120 132/327/120 145/326/120
f 147/324/120 155/323/120 152/362/120
f 147/324/120 152/362/120 133/363/120
f 132/327/120 147/324/120 133/363/120
f 134/364/120 153/365/120 132/327/120
f 153/365/120 154/325/120 132/327/120
f 132/327/120 133/363/120 134/364/120
f 151/320/121 152/366/124 155/328/122
f 149/307/124 150/306/124 154/329/124
f 156/331/125 138/367/125 136/332/125
f 132/334/126 159/368/126 157/335/126
f 150/338/127 140/369/127 135/302/127
f 140/369/127 144/370/127 135/302/127
f 135/302/127 145/301/127 150/338/127
f 130/339/128 142/371/128 137/333/128
f 142/371/128 156/331/128 137/333/128
f 129/340/128 157/372/128 135/373/128
f 157/372/128 160/374/128 135/373/128
f 135/373/128 144/375/128 129/340/128
f 144/375/128 143/376/128 129/340/128
f 143/376/128 131/377/128 129/340/128
f 131/377/128 130/339/128 129/340/128
f 160/341/113 157/378/113 159/342/113
f 146/344/129 136/352/129 138/345/129
o Cube.007
v -0.146393 0.229795 0.238435
v 0.000000 0.410916 0.071225
v -0.129915 0.361174 0.111254
v 0.015053 0.408935 0.071225
v 0.146393 0.229795 0.238435
v 0.029080 0.403124 0.071225
v -0.116643 0.344441 0.107793
v 0.041126 0.393882 0.071225
v 0.050368 0.381836 0.071225
v 0.129915 0.361174 0.111254
v 0.056179 0.367809 0.071225
v -0.116643 0.344441 -0.003400
v 0.116643 0.344441 0.107793
v 0.058161 0.352756 0.071225
v 0.056179 0.337703 0.071225
v -0.129915 0.361174 -0.006860
v -0.146393 0.148478 0.204692
v 0.050368 0.323676 0.071225
v 0.041126 0.311630 0.071225
v 0.116643 0.344441 -0.003400
v 0.029080 0.302387 0.071225
v 0.129915 0.361174 -0.006860
v 0.146393 0.148478 0.204692
v 0.015053 0.296577 0.071225
v 0.070507 0.516777 0.010030
v 0.000000 0.294595 0.071225
v -0.015053 0.296577 0.071225
v 0.116643 0.336103 0.107793
v -0.029080 0.302387 0.071225
v 0.129915 0.319369 0.111254
v -0.041126 0.311630 0.071225
v 0.146393 0.398517 0.104152
v -0.050368 0.323676 0.071225
v 0.129915 0.319369 -0.006860
v -0.056179 0.337703 0.071225
v 0.071021 0.515976 -0.055989
v -0.058160 0.352756 0.071225
v 0.116643 0.336103 -0.003400
v -0.056179 0.367809 0.071225
v 0.146393 0.398517 -0.057519
v -0.050368 0.381836 0.071225
v 0.116643 0.347902 -0.006860
v -0.041126 0.393882 0.071225
v 0.116643 0.347902 0.111254
v 0.116643 0.332642 0.111254
v -0.029080 0.403124 0.071225
v -0.015053 0.408935 0.071225
v 0.116643 0.332642 -0.006860
v 0.108679 0.344441 -0.003400
v 0.108679 0.344441 0.107793
v 0.108679 0.336103 0.107793
v 0.079069 0.113220 0.072386
v 0.108679 0.336103 -0.003400
v 0.146393 0.126324 0.121556
v 0.146393 0.366194 -0.057940
v 0.088071 0.299089 -0.058815
v -0.070507 0.516777 0.010030
v -0.116643 0.336103 0.107793
v -0.129915 0.319369 0.111254
v 0.129915 0.302648 0.158499
v -0.146393 0.398517 0.104152
v 0.116643 0.285914 0.155039
v 0.116643 0.285914 0.043846
v 0.129915 0.302648 0.040385
v 0.116643 0.277576 0.155039
v 0.129915 0.260843 0.158499
v 0.129915 0.260843 0.040385
v 0.116643 0.277576 0.043846
v 0.116643 0.289375 0.040385
v 0.116643 0.289375 0.158499
v 0.116643 0.274115 0.158499
v 0.116643 0.274115 0.040385
v 0.108679 0.285914 0.043846
v 0.108679 0.285914 0.155039
v 0.108679 0.277576 0.155039
v 0.108679 0.277576 0.043846
v 0.129915 0.244121 0.205745
v 0.116643 0.227387 0.202284
v 0.106384 0.352756 0.132768
v 0.116643 0.227387 0.091092
v 0.102759 0.325222 0.132768
v 0.129915 0.244121 0.087631
v 0.116643 0.219049 0.202284
v 0.092131 0.299564 0.132768
v 0.129915 0.202316 0.205745
v 0.075225 0.277531 0.132768
v 0.129915 0.202316 0.087631
v 0.053192 0.260625 0.132768
v 0.116643 0.219049 0.091092
v 0.027534 0.249997 0.132768
v 0.000000 0.246372 0.132768
v 0.116643 0.230848 0.087631
v 0.116643 0.230848 0.205745
v -0.027534 0.249997 0.132768
v -0.053192 0.260625 0.132768
v 0.116643 0.215588 0.205745
v -0.075225 0.277531 0.132768
v 0.116643 0.215588 0.087631
v 0.108679 0.227387 0.091092
v -0.092131 0.299564 0.132768
v 0.108679 0.227387 0.202284
v -0.102759 0.325222 0.132768
v 0.108679 0.219049 0.202284
v -0.106384 0.352756 0.132768
v 0.108679 0.219049 0.091092
v 0.146393 0.319369 -0.006860
v 0.146393 0.302648 0.040385
v 0.146393 0.202316 0.087631
v 0.146393 0.202316 0.205745
v 0.146393 0.319369 0.111254
v 0.146393 0.302648 0.158499
v 0.146393 0.244121 0.087631
v 0.146393 0.361174 0.111254
v 0.146393 0.302648 0.110644
v 0.146393 0.260843 0.158499
v 0.146393 0.244121 0.149560
v 0.146393 0.244121 0.205745
v 0.146393 0.222202 0.205745
v 0.146393 0.260843 0.040385
v 0.146393 0.361174 -0.006860
v -0.129915 0.319369 -0.006860
v -0.071021 0.515976 -0.055989
v -0.116643 0.336103 -0.003400
v -0.146393 0.398517 -0.057519
v -0.116643 0.347902 -0.006860
v -0.116643 0.347902 0.111254
v -0.116643 0.332642 0.111254
v -0.116643 0.332642 -0.006860
v -0.108679 0.344441 -0.003400
v -0.108679 0.344441 0.107793
v -0.108679 0.336103 0.107793
v -0.079069 0.113220 0.072386
v -0.108679 0.336103 -0.003400
v -0.146393 0.126324 0.121556
v -0.146393 0.366194 -0.057940
v -0.088071 0.299089 -0.058815
v -0.129915 0.302648 0.158499
v -0.116643 0.285914 0.155039
v -0.116643 0.285914 0.043846
v -0.129915 0.302648 0.040385
v -0.116643 0.277576 0.155039
v -0.129915 0.260843 0.158499
v -0.129915 0.260843 0.040385
v -0.116643 0.277576 0.043846
v -0.116643 0.289375 0.040385
v -0.116643 0.289375 0.158499
v -0.116643 0.274115 0.158499
v -0.116643 0.274115 0.040385
v -0.108679 0.285914 0.043846
v -0.108679 0.285914 0.155039
v -0.108679 0.277576 0.155039
v -0.108679 0.277576 0.043846
v -0.129915 0.244121 0.205745
v -0.116643 0.227387 0.202284
v -0.116643 0.227387 0.091092
v -0.129915 0.244121 0.087631
v -0.116643 0.219049 0.202284
v -0.129915 0.202316 0.205745
v -0.129915 0.202316 0.087631
v -0.116643 0.219049 0.091092
v -0.116643 0.230848 0.087631
v -0.116643 0.230848 0.205745
v -0.116643 0.215588 0.205745
v -0.116643 0.215588 0.087631
v -0.108679 0.227387 0.091092
v -0.108679 0.227387 0.202284
v -0.108679 0.219049 0.202284
v -0.108679 0.219049 0.091092
v -0.146393 0.319369 -0.006860
v -0.146393 0.302648 0.040385
v -0.146393 0.202316 0.087631
v -0.146393 0.202316 0.205745
v -0.146393 0.319369 0.111254
v -0.146393 0.302648 0.158499
v -0.146393 0.244121 0.087631
v -0.146393 0.361174 0.111254
v -0.146393 0.302648 0.110644
v -0.146393 0.260843 0.158499
v -0.146393 0.244121 0.149560
v -0.146393 0.244121 0.205745
v -0.146393 0.222202 0.205745
v -0.146393 0.260843 0.040385
v -0.146393 0.361174 -0.006860
v -0.093563 0.377826 0.120619
v 0.018171 0.420571 0.086599
v -0.074268 0.395635 0.106445
v 0.036524 0.416017 0.090224
v -0.055205 0.407960 0.096635
v 0.106384 0.352756 0.140572
v 0.055205 0.407960 0.096635
v -0.036524 0.416017 0.090224
v 0.102759 0.325222 0.162486
v 0.074269 0.395635 0.106445
v -0.018171 0.420571 0.086599
v 0.093563 0.377826 0.120619
v 0.092131 0.299564 0.182907
v 0.105093 0.362561 0.132768
v 0.000000 0.422044 0.085426
v 0.075225 0.277531 0.200442
v -0.105093 0.362561 0.132768
v -0.106384 0.352756 0.140572
v -0.053192 0.260625 0.213898
v -0.027534 0.249997 0.222357
v 0.053192 0.260625 0.213898
v -0.092131 0.299564 0.182907
v 0.000000 0.246372 0.225242
v 0.027534 0.249997 0.222357
v -0.102759 0.325222 0.162486
v -0.075225 0.277531 0.200442
vt 0.100113 0.466583
vt 0.235897 0.428455
vt 0.235897 0.466583
vt 0.556871 0.409689
vt 0.479357 0.323550
vt 0.552696 0.323550
vt 0.708237 0.753337
vt 0.700082 0.767738
vt 0.709517 0.718498
vt 0.223115 0.790280
vt 0.281974 0.763957
vt 0.247849 0.808330
vt 0.228420 0.668346
vt 0.218985 0.619106
vt 0.227139 0.633508
vt 0.291108 0.613234
vt 0.283873 0.685684
vt 0.282593 0.650845
vt 0.448134 0.455801
vt 0.448134 0.440810
vt 0.475182 0.409689
vt 0.773830 0.852165
vt 0.812582 0.852165
vt 0.835501 0.883388
vt 0.583918 0.329650
vt 0.704602 0.558874
vt 0.704602 0.551797
vt 0.710758 0.545642
vt 0.764971 0.701161
vt 0.766252 0.666322
vt 0.772206 0.634757
vt 0.448134 0.329650
vt 0.708239 0.318462
vt 0.708239 0.299075
vt 0.715880 0.299075
vt 0.437613 0.740615
vt 0.445255 0.795393
vt 0.437613 0.795393
vt 0.768299 0.299075
vt 0.768299 0.318455
vt 0.760657 0.318455
vt 0.567139 0.625048
vt 0.574781 0.679814
vt 0.567139 0.679814
vt 0.560984 0.679692
vt 0.574477 0.737951
vt 0.568054 0.792729
vt 0.568054 0.737951
vt 0.267801 0.585580
vt 0.264108 0.589445
vt 0.264108 0.585580
vt 0.562587 0.739556
vt 0.560984 0.792729
vt 0.560984 0.737951
vt 0.566450 0.739556
vt 0.566450 0.791124
vt 0.562587 0.791124
vt 0.559360 0.805772
vt 0.555496 0.754205
vt 0.559360 0.754205
vt 0.354668 0.856486
vt 0.350975 0.908043
vt 0.350975 0.856486
vt 0.248156 0.589447
vt 0.251849 0.585580
vt 0.251849 0.589447
vt 0.841278 0.564110
vt 0.844972 0.512543
vt 0.844972 0.564110
vt 0.692817 0.318462
vt 0.692817 0.299075
vt 0.700459 0.299075
vt 0.096346 0.794598
vt 0.088705 0.739821
vt 0.096346 0.739821
vt 0.799141 0.299075
vt 0.799141 0.318455
vt 0.791500 0.318455
vt 0.778882 0.567309
vt 0.771241 0.567309
vt 0.771241 0.534732
vt 0.785038 0.512665
vt 0.778882 0.512543
vt 0.815272 0.512543
vt 0.808849 0.567320
vt 0.808849 0.512543
vt 0.262484 0.585580
vt 0.258791 0.589445
vt 0.258791 0.585580
vt 0.803382 0.514148
vt 0.801779 0.567320
vt 0.801779 0.512543
vt 0.807245 0.514148
vt 0.807245 0.565715
vt 0.803382 0.565715
vt 0.580268 0.616658
vt 0.576405 0.565091
vt 0.580268 0.565091
vt 0.441306 0.850209
vt 0.437613 0.901766
vt 0.437613 0.850209
vt 0.242839 0.589447
vt 0.246532 0.585580
vt 0.246532 0.589447
vt 0.092653 0.900981
vt 0.096346 0.849414
vt 0.096346 0.900981
vt 0.683552 0.299075
vt 0.691193 0.299075
vt 0.691193 0.309240
vt 0.445255 0.738991
vt 0.437613 0.684214
vt 0.445255 0.684214
vt 0.737457 0.299075
vt 0.737457 0.318455
vt 0.729815 0.318455
vt 0.567139 0.681560
vt 0.574781 0.681560
vt 0.574781 0.710276
vt 0.560984 0.736205
vt 0.560984 0.681438
vt 0.830389 0.512543
vt 0.823966 0.567320
vt 0.823966 0.512543
vt 0.273118 0.585580
vt 0.269425 0.589445
vt 0.269425 0.585580
vt 0.818499 0.514148
vt 0.816896 0.567320
vt 0.816896 0.512543
vt 0.822362 0.565715
vt 0.818499 0.565715
vt 0.822362 0.514148
vt 0.580268 0.723041
vt 0.576405 0.671474
vt 0.580268 0.671474
vt 0.213029 0.872771
vt 0.209336 0.924329
vt 0.209336 0.872771
vt 0.588085 0.316508
vt 0.584392 0.320375
vt 0.584392 0.316508
vt 0.437613 0.848584
vt 0.441306 0.797017
vt 0.441306 0.848584
vt 0.235897 0.543087
vt 0.217343 0.522338
vt 0.215661 0.509853
vt 0.119267 0.526784
vt 0.124614 0.533705
vt 0.100113 0.543087
vt 0.763071 0.622888
vt 0.704213 0.596565
vt 0.728947 0.578515
vt 0.839654 0.512543
vt 0.832013 0.567320
vt 0.832013 0.512543
vt 0.783720 0.305228
vt 0.783720 0.312302
vt 0.777565 0.318455
vt 0.744908 0.566652
vt 0.752550 0.511885
vt 0.752550 0.566652
vt 0.758705 0.566530
vt 0.843548 0.906943
vt 0.837125 0.852165
vt 0.843548 0.852165
vt 0.289070 0.589445
vt 0.285377 0.585580
vt 0.289070 0.585580
vt 0.850618 0.906943
vt 0.849015 0.853770
vt 0.850618 0.852165
vt 0.845151 0.853770
vt 0.845151 0.905338
vt 0.849015 0.905338
vt 0.555496 0.752581
vt 0.559360 0.701013
vt 0.559360 0.752581
vt 0.087081 0.907248
vt 0.083387 0.855691
vt 0.087081 0.855691
vt 0.253473 0.585580
vt 0.257167 0.589447
vt 0.253473 0.589447
vt 0.092653 0.796222
vt 0.096346 0.847789
vt 0.092653 0.847789
vt 0.720024 0.558874
vt 0.720024 0.551797
vt 0.726179 0.545642
vt 0.760329 0.566541
vt 0.767971 0.511763
vt 0.767971 0.566541
vt 0.752878 0.305228
vt 0.752878 0.312302
vt 0.746723 0.318455
vt 0.568625 0.566788
vt 0.560984 0.566788
vt 0.560984 0.544599
vt 0.568625 0.512022
vt 0.574781 0.566666
vt 0.859312 0.852165
vt 0.865735 0.906943
vt 0.859312 0.906943
vt 0.283753 0.589445
vt 0.280060 0.585580
vt 0.283753 0.585580
vt 0.852242 0.852165
vt 0.853846 0.905338
vt 0.852242 0.906943
vt 0.857709 0.905338
vt 0.857709 0.853770
vt 0.853846 0.853770
vt 0.576405 0.563467
vt 0.580268 0.511899
vt 0.580268 0.563467
vt 0.080118 0.907248
vt 0.076424 0.855691
vt 0.080118 0.855691
vt 0.237522 0.585580
vt 0.241215 0.589447
vt 0.237522 0.589447
vt 0.765207 0.843326
vt 0.768900 0.894893
vt 0.765207 0.894893
vt 0.668130 0.299075
vt 0.675772 0.299075
vt 0.675772 0.308297
vt 0.096346 0.683419
vt 0.088705 0.738196
vt 0.088705 0.683419
vt 0.574781 0.800506
vt 0.574781 0.807580
vt 0.568625 0.813733
vt 0.568625 0.623301
vt 0.560984 0.623301
vt 0.560984 0.597250
vt 0.574781 0.623179
vt 0.568625 0.568534
vt 0.574781 0.568412
vt 0.793732 0.512543
vt 0.800155 0.567320
vt 0.793732 0.567320
vt 0.278436 0.589445
vt 0.274743 0.585580
vt 0.278436 0.585580
vt 0.786662 0.512543
vt 0.788265 0.565715
vt 0.786662 0.567320
vt 0.792129 0.565715
vt 0.792129 0.514148
vt 0.788265 0.514148
vt 0.576405 0.669850
vt 0.580268 0.618282
vt 0.580268 0.669850
vt 0.359985 0.908043
vt 0.356292 0.856486
vt 0.359985 0.856486
vt 0.588085 0.314884
vt 0.584392 0.311016
vt 0.588085 0.311016
vt 0.765207 0.790134
vt 0.768900 0.841702
vt 0.765207 0.841702
vt 0.614997 0.255776
vt 0.645615 0.321413
vt 0.614997 0.321651
vt 0.187078 0.540518
vt 0.161024 0.547497
vt 0.141952 0.528431
vt 0.647378 0.274397
vt 0.654083 0.281379
vt 0.647396 0.281379
vt 0.647324 0.267892
vt 0.654613 0.272952
vt 0.647239 0.262306
vt 0.656252 0.264440
vt 0.193607 0.547369
vt 0.191365 0.534934
vt 0.202449 0.541780
vt 0.253164 0.994444
vt 0.232123 0.994187
vt 0.253440 0.984207
vt 0.250810 0.971810
vt 0.227819 0.988752
vt 0.242843 0.961751
vt 0.219354 0.978065
vt 0.235326 0.952261
vt 0.215770 0.973541
vt 0.228772 0.943986
vt 0.414589 0.957117
vt 0.435989 0.928584
vt 0.420175 0.957114
vt 0.408083 0.957119
vt 0.425771 0.928589
vt 0.401102 0.957120
vt 0.413872 0.928593
vt 0.401102 0.928594
vt 0.394121 0.957119
vt 0.388333 0.928593
vt 0.387616 0.957117
vt 0.376434 0.928589
vt 0.366216 0.928584
vt 0.382029 0.957114
vt 0.884911 0.977296
vt 0.875493 0.943218
vt 0.891465 0.969021
vt 0.898982 0.959531
vt 0.879602 0.938029
vt 0.883958 0.932530
vt 0.906949 0.949472
vt 0.888263 0.927095
vt 0.909580 0.937076
vt 0.909303 0.926838
vt 0.144646 0.534934
vt 0.142403 0.547369
vt 0.133562 0.541780
vt 0.647239 0.300451
vt 0.656252 0.298317
vt 0.659151 0.306981
vt 0.647324 0.294865
vt 0.654613 0.289806
vt 0.647378 0.288360
vt 0.253647 0.969563
vt 0.253614 0.975350
vt 0.909753 0.945932
vt 0.909786 0.951719
vt 0.909786 0.968088
vt 0.909693 0.983458
vt 0.909514 0.996783
vt 0.366216 0.897199
vt 0.376434 0.890964
vt 0.253647 0.953194
vt 0.253554 0.937824
vt 0.253375 0.924500
vt 0.435989 0.897199
vt 0.425771 0.890964
vt 0.413872 0.887045
vt 0.401102 0.885708
vt 0.388333 0.887045
vt 0.100113 0.428455
vt 0.714325 0.761465
vt 0.703062 0.667838
vt 0.710798 0.683660
vt 0.722410 0.699162
vt 0.727280 0.705193
vt 0.721129 0.734000
vt 0.729092 0.737716
vt 0.221964 0.719007
vt 0.246183 0.681651
vt 0.241312 0.687683
vt 0.229700 0.703185
vt 0.247994 0.649129
vt 0.240032 0.652844
vt 0.233228 0.625380
vt 0.238751 0.618006
vt 0.254096 0.598335
vt 0.291108 0.752088
vt 0.273542 0.736024
vt 0.285154 0.720523
vt 0.272262 0.701186
vt 0.270981 0.666347
vt 0.548964 0.510275
vt 0.583918 0.440810
vt 0.583918 0.455801
vt 0.483089 0.510275
vt 0.835501 0.956727
vt 0.773830 0.987950
vt 0.812582 0.987950
vt 0.718399 0.545642
vt 0.718399 0.565029
vt 0.710758 0.565029
vt 0.753359 0.685659
vt 0.752079 0.720497
vt 0.754640 0.650820
vt 0.772206 0.773611
vt 0.735194 0.788510
vt 0.719849 0.768839
vt 0.763691 0.735999
vt 0.722036 0.305230
vt 0.722036 0.312307
vt 0.715880 0.318462
vt 0.445255 0.740615
vt 0.754502 0.312302
vt 0.754502 0.305228
vt 0.760657 0.299075
vt 0.574781 0.625048
vt 0.560984 0.624925
vt 0.574477 0.792729
vt 0.267801 0.589445
vt 0.555496 0.805772
vt 0.354668 0.908043
vt 0.248156 0.585580
vt 0.841278 0.512543
vt 0.706614 0.305230
vt 0.706614 0.312307
vt 0.700459 0.318462
vt 0.088705 0.794598
vt 0.785344 0.312302
vt 0.785344 0.305228
vt 0.791500 0.299075
vt 0.771241 0.512543
vt 0.785038 0.567432
vt 0.815272 0.567320
vt 0.262484 0.589445
vt 0.576405 0.616658
vt 0.441306 0.901766
vt 0.242839 0.585580
vt 0.092653 0.849414
vt 0.691193 0.318462
vt 0.683552 0.318462
vt 0.677396 0.312307
vt 0.677396 0.305230
vt 0.437613 0.738991
vt 0.723660 0.312302
vt 0.723660 0.305228
vt 0.729815 0.299075
vt 0.574781 0.736327
vt 0.567139 0.736327
vt 0.830389 0.567320
vt 0.273118 0.589445
vt 0.576405 0.723041
vt 0.213029 0.924329
vt 0.588085 0.320375
vt 0.437613 0.797017
vt 0.210733 0.498219
vt 0.202892 0.488228
vt 0.211397 0.533705
vt 0.216744 0.526784
vt 0.200704 0.596710
vt 0.135307 0.596710
vt 0.168005 0.553755
vt 0.120349 0.509853
vt 0.118668 0.522338
vt 0.192674 0.480562
vt 0.180775 0.475743
vt 0.184944 0.551022
vt 0.176432 0.553087
vt 0.168005 0.474100
vt 0.155236 0.475743
vt 0.143337 0.480562
vt 0.159578 0.553087
vt 0.133119 0.488228
vt 0.125278 0.498219
vt 0.151067 0.551022
vt 0.839654 0.567320
vt 0.769923 0.318455
vt 0.769923 0.299075
vt 0.777565 0.299075
vt 0.744908 0.511885
vt 0.758705 0.511763
vt 0.837125 0.906943
vt 0.285377 0.589445
vt 0.555496 0.701013
vt 0.083387 0.907248
vt 0.257167 0.585580
vt 0.096346 0.796222
vt 0.733820 0.545642
vt 0.733820 0.565029
vt 0.726179 0.565029
vt 0.760329 0.511763
vt 0.739081 0.318455
vt 0.739081 0.299075
vt 0.746723 0.299075
vt 0.560984 0.512022
vt 0.574781 0.511899
vt 0.865735 0.852165
vt 0.280060 0.589445
vt 0.576405 0.511899
vt 0.076424 0.907248
vt 0.241215 0.585580
vt 0.768900 0.843326
vt 0.675772 0.318462
vt 0.668130 0.318462
vt 0.661975 0.312307
vt 0.661975 0.305230
vt 0.096346 0.738196
vt 0.560984 0.813733
vt 0.560984 0.794353
vt 0.568625 0.794353
vt 0.560984 0.568534
vt 0.800155 0.512543
vt 0.274743 0.589445
vt 0.576405 0.618282
vt 0.356292 0.908043
vt 0.584392 0.314884
vt 0.768900 0.790134
vt 0.645615 0.256015
vt 0.141032 0.521453
vt 0.141952 0.514474
vt 0.144646 0.507971
vt 0.148933 0.502387
vt 0.154519 0.498102
vt 0.161024 0.495409
vt 0.168005 0.494490
vt 0.174986 0.495409
vt 0.181492 0.498102
vt 0.187078 0.502387
vt 0.191365 0.507971
vt 0.194059 0.514474
vt 0.194978 0.521453
vt 0.194059 0.528431
vt 0.181492 0.544803
vt 0.174986 0.547497
vt 0.168005 0.548415
vt 0.154519 0.544803
vt 0.148933 0.540518
vt 0.659151 0.255776
vt 0.236084 0.999188
vt 0.223463 0.983253
vt 0.871910 0.947742
vt 0.892223 0.922094
vn 0.0000 -0.3833 0.9236
vn 0.0000 -0.5767 -0.8170
vn -1.0000 0.0000 0.0000
vn 0.8416 0.5401 0.0000
vn 1.0000 -0.0000 0.0000
vn 0.0000 0.0130 -0.9999
vn -0.0000 -0.9663 0.2575
vn -0.5742 -0.4905 -0.6555
vn 0.0000 0.0000 -1.0000
vn 0.5742 -0.4905 -0.6555
vn 0.0000 1.0000 0.0000
vn 0.0000 0.0000 1.0000
vn 0.0000 -1.0000 0.0000
vn 0.7071 -0.7071 0.0000
vn 0.7071 0.7071 0.0000
vn -0.0000 0.6227 0.7824
vn -0.8416 0.5401 0.0000
vn -0.7071 -0.7071 0.0000
vn -0.7071 0.7071 0.0000
vn 0.0000 0.9999 -0.0121
vn -0.2037 -0.7603 0.6168
vn 0.0000 -0.7871 0.6168
vn -0.3936 -0.6817 0.6168
vn -0.2140 -0.7575 0.6167
vn -0.5566 -0.5566 0.6168
vn -0.4116 -0.6711 0.6166
vn -0.5779 -0.5348 0.6165
vn -0.6817 -0.3936 0.6168
vn -0.7007 -0.3594 0.6163
vn -0.7603 -0.2037 0.6168
vn -0.7716 -0.1583 0.6161
vn -0.7871 -0.0000 0.6168
vn -0.7603 0.2037 0.6168
vn -0.6817 0.3936 0.6168
vn -0.5566 0.5566 0.6168
vn -0.3936 0.6817 0.6168
vn -0.2037 0.7603 0.6168
vn -0.0000 0.7871 0.6168
vn 0.2037 0.7603 0.6168
vn 0.3936 0.6817 0.6168
vn 0.5566 0.5566 0.6168
vn 0.6817 0.3936 0.6168
vn 0.7603 0.2037 0.6168
vn 0.7871 -0.0000 0.6168
vn 0.7603 -0.2037 0.6168
vn 0.7716 -0.1583 0.6161
vn 0.7007 -0.3594 0.6163
vn 0.6817 -0.3936 0.6168
vn 0.5779 -0.5348 0.6165
vn 0.5566 -0.5566 0.6168
vn 0.4116 -0.6711 0.6166
vn 0.3936 -0.6817 0.6168
vn 0.2140 -0.7575 0.6167
vn 0.2037 -0.7603 0.6168
vn -0.9984 0.0559 0.0000
vn -0.9914 -0.1305 0.0000
vn 0.9914 -0.1305 0.0000
vn 0.9984 0.0559 0.0000
vn 0.9659 0.2588 0.0000
vn 0.9502 0.3116 0.0000
vn 0.8660 0.5000 0.0000
vn 0.8393 0.5437 0.0000
vn 0.6753 0.7376 0.0000
vn 0.5000 0.8660 0.0000
vn 0.4712 0.8820 0.0000
vn -0.9659 0.2588 0.0000
vn -0.9502 0.3116 0.0000
vn -0.8660 0.5000 0.0000
vn -0.8393 0.5437 0.0000
vn -0.6753 0.7376 0.0000
vn -0.5000 0.8660 0.0000
vn -0.4712 0.8820 0.0000
vn -0.2588 0.9659 0.0000
vn -0.2416 0.9704 0.0000
vn 0.2416 0.9704 0.0000
vn 0.2588 0.9659 0.0000
vn -0.7829 -0.1031 0.6135
vn 0.7829 -0.1031 0.6135
usemtl Material
s 1
f 161/379/130 183/380/130 165/381/130
f 296/382/131 212/383/131 292/384/131
f 340/385/132 161/386/132 334/387/132
f 185/388/133 200/389/133 196/390/133
f 271/391/134 165/392/134 277/393/134
f 214/394/134 279/395/134 268/396/134
f 200/397/135 215/398/135 216/399/135
f 177/400/136 294/401/136 292/402/136
f 294/403/137 296/382/137 292/384/137
f 286/404/138 287/405/138 219/406/138
f 342/407/132 329/408/132 295/409/132
f 214/410/139 216/399/139 215/398/139
f 273/411/138 270/412/138 190/413/138
f 190/414/140 266/415/140 194/416/140
f 266/417/141 280/418/141 182/419/141
f 182/420/142 273/421/142 170/422/142
f 204/423/143 182/420/143 170/422/143
f 190/424/144 208/425/144 205/426/144
f 198/427/141 209/428/141 213/429/141
f 173/430/134 202/431/134 204/432/134
f 188/433/134 208/425/134 198/434/134
f 198/434/134 202/431/134 180/435/134
f 188/433/134 204/432/134 205/426/134
f 213/436/134 210/437/134 211/438/134
f 180/439/142 210/440/142 209/441/142
f 173/442/138 211/443/138 210/444/138
f 188/445/140 213/446/140 211/447/140
f 271/448/138 275/449/138 226/450/138
f 226/451/140 279/452/140 227/453/140
f 279/454/141 267/455/141 224/456/141
f 224/457/142 267/458/142 274/459/142
f 230/460/143 224/457/143 220/461/143
f 226/462/144 232/463/144 231/464/144
f 228/465/141 233/466/141 236/467/141
f 222/468/134 229/469/134 230/470/134
f 225/471/134 232/463/134 228/472/134
f 228/472/134 229/469/134 223/473/134
f 225/471/134 230/470/134 231/464/134
f 236/474/134 234/475/134 235/476/134
f 223/477/142 234/478/142 233/479/142
f 222/480/138 235/481/138 234/482/138
f 225/483/140 236/484/140 235/485/140
f 237/486/138 277/487/138 278/488/138
f 245/489/140 268/490/140 247/491/140
f 268/492/141 272/493/141 242/494/141
f 242/495/142 272/496/142 276/497/142
f 242/495/143 253/498/143 252/499/143
f 245/500/144 258/501/144 256/502/144
f 249/503/141 259/504/141 265/505/141
f 238/506/134 252/507/134 253/508/134
f 249/509/134 256/502/134 258/501/134
f 249/509/134 252/507/134 240/510/134
f 243/511/134 253/508/134 256/502/134
f 265/512/134 261/513/134 263/514/134
f 240/515/142 261/516/142 259/517/142
f 263/518/138 238/519/138 243/520/138
f 243/521/140 265/522/140 263/523/140
f 192/524/145 349/525/145 352/526/145
f 360/527/145 344/528/145 221/529/145
f 284/530/146 217/531/146 282/532/146
f 329/533/140 219/534/140 281/535/140
f 288/536/141 285/537/141 176/538/141
f 336/539/142 176/540/142 163/541/142
f 176/540/147 286/542/147 163/541/147
f 288/543/148 219/544/148 287/545/148
f 289/546/141 283/547/141 293/548/141
f 285/549/132 167/550/132 286/551/132
f 288/543/132 218/552/132 283/553/132
f 285/549/132 283/553/132 172/554/132
f 286/551/132 218/552/132 287/545/132
f 290/555/132 293/556/132 291/557/132
f 290/558/142 172/559/142 289/560/142
f 291/561/138 167/562/138 290/563/138
f 293/564/140 218/565/140 291/566/140
f 306/567/138 307/568/138 302/569/138
f 342/570/140 302/571/140 303/572/140
f 308/573/141 305/574/141 300/575/141
f 297/576/142 334/577/142 337/578/142
f 300/579/147 306/580/147 297/576/147
f 308/581/148 302/582/148 307/583/148
f 309/584/141 304/585/141 312/586/141
f 305/587/132 298/588/132 306/589/132
f 308/581/132 301/590/132 304/591/132
f 305/587/132 304/591/132 299/592/132
f 306/589/132 301/590/132 307/583/132
f 310/593/132 312/594/132 311/595/132
f 310/596/142 299/597/142 309/598/142
f 311/599/138 298/600/138 310/601/138
f 312/602/140 301/603/140 311/604/140
f 318/605/138 332/606/138 341/607/138
f 331/608/140 318/609/140 319/610/140
f 324/611/141 321/612/141 316/613/141
f 313/614/142 340/615/142 339/616/142
f 322/617/147 316/618/147 321/619/147
f 324/620/148 318/621/148 323/622/148
f 325/623/141 320/624/141 328/625/141
f 321/626/132 314/627/132 322/628/132
f 324/620/132 317/629/132 320/630/132
f 321/626/132 320/630/132 315/631/132
f 322/628/132 317/629/132 323/622/132
f 326/632/132 328/633/132 327/634/132
f 326/635/142 315/636/142 325/637/142
f 314/638/138 327/639/138 317/640/138
f 328/641/140 317/642/140 327/643/140
f 282/644/149 185/645/149 196/646/149
f 168/647/141 207/648/141 199/649/141
f 164/650/150 358/651/151 162/652/151
f 166/653/152 345/654/153 164/650/150
f 168/655/154 347/656/155 166/653/152
f 350/657/156 169/658/157 353/659/158
f 353/660/158 171/661/159 355/662/160
f 239/663/161 355/662/160 174/664/161
f 174/664/161 241/665/162 239/663/161
f 241/665/162 178/666/163 244/667/163
f 244/667/163 179/668/164 246/669/164
f 181/670/165 246/671/164 179/672/164
f 184/673/166 248/674/165 181/670/165
f 186/675/167 250/676/166 184/673/166
f 251/677/167 187/678/168 254/679/168
f 254/679/168 189/680/169 255/681/169
f 257/682/170 189/680/169 191/683/170
f 257/684/170 193/685/171 260/686/171
f 262/687/172 193/685/171 195/688/172
f 262/687/172 197/689/173 264/690/173
f 197/689/173 199/691/174 344/692/175
f 199/691/174 346/693/176 344/692/175
f 201/694/177 348/695/178 346/696/176
f 203/697/179 351/698/180 348/699/178
f 206/700/181 354/701/182 351/698/180
f 207/702/183 358/651/151 354/701/182
f 239/663/132 349/703/184 357/704/185
f 264/690/134 360/705/186 361/706/187
f 262/687/188 361/706/187 368/707/189
f 260/686/190 368/707/189 365/708/191
f 257/684/144 365/708/191 369/709/192
f 255/681/193 369/710/192 362/711/194
f 349/703/184 241/665/195 352/712/196
f 352/712/196 244/667/197 356/713/198
f 356/713/198 246/669/148 359/714/199
f 359/715/199 248/674/200 364/716/201
f 364/716/201 250/676/202 367/717/203
f 367/717/203 251/677/140 366/718/140
f 251/677/140 363/719/204 366/718/140
f 254/679/205 362/711/194 363/719/204
f 161/379/130 177/720/130 183/380/130
f 296/382/131 216/399/131 212/383/131
f 340/385/132 341/721/132 161/386/132
f 161/386/132 221/722/132 334/387/132
f 221/722/132 336/723/132 334/387/132
f 333/724/132 337/725/132 334/387/132
f 338/726/132 339/727/132 340/385/132
f 336/723/132 333/724/132 334/387/132
f 334/387/132 338/726/132 340/385/132
f 185/388/133 192/728/133 200/389/133
f 271/391/134 274/729/134 270/730/134
f 273/731/134 192/728/134 271/391/134
f 192/728/134 165/392/134 271/391/134
f 271/391/134 270/730/134 273/731/134
f 277/393/134 276/732/134 275/733/134
f 277/393/134 275/733/134 271/391/134
f 165/392/134 278/734/134 277/393/134
f 269/735/134 278/734/134 165/392/134
f 165/392/134 183/736/134 269/735/134
f 183/736/134 214/394/134 269/735/134
f 215/737/134 200/389/134 280/738/134
f 200/389/134 192/728/134 280/738/134
f 192/728/134 273/731/134 280/738/134
f 266/739/134 270/730/134 267/740/134
f 270/730/134 274/729/134 267/740/134
f 215/737/134 280/738/134 266/739/134
f 268/396/134 269/735/134 214/394/134
f 214/394/134 215/737/134 279/395/134
f 215/737/134 266/739/134 279/395/134
f 266/739/134 267/740/134 279/395/134
f 279/395/134 275/733/134 272/741/134
f 275/733/134 276/732/134 272/741/134
f 279/395/134 272/741/134 268/396/134
f 216/399/135 296/382/135 282/742/135
f 296/382/135 295/743/135 284/744/135
f 282/742/135 296/382/135 284/744/135
f 282/742/135 196/745/135 216/399/135
f 196/745/135 200/397/135 216/399/135
f 292/402/136 212/746/136 183/747/136
f 212/746/136 214/748/136 183/747/136
f 183/747/136 177/400/136 292/402/136
f 294/403/137 295/743/137 296/382/137
f 219/406/138 333/749/138 336/750/138
f 336/750/138 163/751/138 219/406/138
f 163/751/138 286/404/138 219/406/138
f 330/752/132 337/725/132 333/724/132
f 330/752/132 333/724/132 329/408/132
f 339/727/132 338/726/132 335/753/132
f 338/726/132 342/407/132 335/753/132
f 342/407/132 330/752/132 329/408/132
f 343/754/132 336/723/132 221/722/132
f 343/754/132 221/722/132 284/530/132
f 294/755/132 177/756/132 332/757/132
f 177/756/132 161/386/132 332/757/132
f 161/386/132 341/721/132 332/757/132
f 343/754/132 284/530/132 295/409/132
f 329/408/132 343/754/132 295/409/132
f 294/755/132 332/757/132 331/758/132
f 295/409/132 294/755/132 342/407/132
f 294/755/132 331/758/132 342/407/132
f 331/758/132 335/753/132 342/407/132
f 214/410/139 212/383/139 216/399/139
f 190/413/138 205/759/138 204/760/138
f 204/760/138 170/761/138 190/413/138
f 170/761/138 273/411/138 190/413/138
f 190/414/140 270/762/140 266/415/140
f 182/419/141 202/763/141 208/764/141
f 208/764/141 194/765/141 182/419/141
f 194/765/141 266/417/141 182/419/141
f 182/420/142 280/766/142 273/421/142
f 204/423/143 202/767/143 182/420/143
f 190/424/144 194/768/144 208/425/144
f 198/427/141 180/769/141 209/428/141
f 173/430/134 180/435/134 202/431/134
f 188/433/134 205/426/134 208/425/134
f 198/434/134 208/425/134 202/431/134
f 188/433/134 173/430/134 204/432/134
f 213/436/134 209/770/134 210/437/134
f 180/439/142 173/771/142 210/440/142
f 173/442/138 188/772/138 211/443/138
f 188/445/140 198/773/140 213/446/140
f 226/450/138 231/774/138 230/775/138
f 230/775/138 220/776/138 226/450/138
f 220/776/138 271/448/138 226/450/138
f 226/451/140 275/777/140 279/452/140
f 224/456/141 229/778/141 232/779/141
f 232/779/141 227/780/141 224/456/141
f 227/780/141 279/454/141 224/456/141
f 274/459/142 271/781/142 220/461/142
f 220/461/142 224/457/142 274/459/142
f 230/460/143 229/782/143 224/457/143
f 226/462/144 227/783/144 232/463/144
f 228/465/141 223/784/141 233/466/141
f 222/468/134 223/473/134 229/469/134
f 225/471/134 231/464/134 232/463/134
f 228/472/134 232/463/134 229/469/134
f 225/471/134 222/468/134 230/470/134
f 236/474/134 233/785/134 234/475/134
f 223/477/142 222/786/142 234/478/142
f 222/480/138 225/787/138 235/481/138
f 225/483/140 228/788/140 236/484/140
f 278/488/138 269/789/138 245/790/138
f 245/790/138 256/791/138 278/488/138
f 256/791/138 253/792/138 278/488/138
f 253/792/138 237/486/138 278/488/138
f 245/489/140 269/793/140 268/490/140
f 242/494/141 252/794/141 258/795/141
f 258/795/141 247/796/141 242/494/141
f 247/796/141 268/492/141 242/494/141
f 276/497/142 277/797/142 237/798/142
f 237/798/142 242/495/142 276/497/142
f 242/495/143 237/798/143 253/498/143
f 245/500/144 247/799/144 258/501/144
f 249/503/141 240/800/141 259/504/141
f 238/506/134 240/510/134 252/507/134
f 249/509/134 243/511/134 256/502/134
f 249/509/134 258/501/134 252/507/134
f 243/511/134 238/506/134 253/508/134
f 265/512/134 259/801/134 261/513/134
f 240/515/142 238/802/142 261/516/142
f 263/518/138 261/803/138 238/519/138
f 243/521/140 249/804/140 265/522/140
f 356/805/145 359/806/145 165/381/145
f 192/524/145 355/807/145 357/808/145
f 192/524/145 357/808/145 349/525/145
f 356/805/145 165/381/145 352/526/145
f 165/381/145 192/524/145 352/526/145
f 353/659/145 355/807/145 192/524/145
f 192/524/145 185/809/145 350/657/145
f 185/809/145 217/810/145 358/811/145
f 192/524/145 350/657/145 353/659/145
f 217/810/145 221/529/145 348/695/145
f 221/529/145 161/379/145 368/812/145
f 360/527/145 221/529/145 361/813/145
f 165/381/145 359/806/145 364/814/145
f 165/381/145 364/814/145 367/815/145
f 350/657/145 185/809/145 347/816/145
f 347/816/145 185/809/145 345/817/145
f 165/381/145 367/815/145 366/818/145
f 161/379/145 165/381/145 366/818/145
f 345/817/145 185/809/145 358/811/145
f 161/379/145 366/818/145 363/819/145
f 161/379/145 363/819/145 362/820/145
f 354/821/145 358/811/145 217/810/145
f 161/379/145 362/820/145 369/822/145
f 161/379/145 369/822/145 365/823/145
f 351/824/145 354/821/145 217/810/145
f 348/695/145 351/824/145 217/810/145
f 161/379/145 365/823/145 368/812/145
f 368/812/145 361/813/145 221/529/145
f 346/696/145 348/695/145 221/529/145
f 344/528/145 346/696/145 221/529/145
f 284/530/146 221/722/146 217/531/146
f 329/533/140 333/825/140 219/534/140
f 176/538/141 343/826/141 329/827/141
f 329/827/141 281/828/141 176/538/141
f 281/828/141 288/536/141 176/538/141
f 336/539/142 343/829/142 176/540/142
f 176/540/147 285/830/147 286/542/147
f 288/543/148 281/831/148 219/544/148
f 289/546/141 172/832/141 283/547/141
f 285/549/132 172/554/132 167/550/132
f 288/543/132 287/545/132 218/552/132
f 285/549/132 288/543/132 283/553/132
f 286/551/132 167/550/132 218/552/132
f 290/555/132 289/833/132 293/556/132
f 290/558/142 167/834/142 172/559/142
f 291/561/138 218/835/138 167/562/138
f 293/564/140 283/836/140 218/565/140
f 302/569/138 338/837/138 334/838/138
f 334/838/138 297/839/138 302/569/138
f 297/839/138 306/567/138 302/569/138
f 342/570/140 338/840/140 302/571/140
f 300/575/141 330/841/141 342/842/141
f 342/842/141 303/843/141 300/575/141
f 303/843/141 308/573/141 300/575/141
f 330/844/142 300/579/142 337/578/142
f 300/579/142 297/576/142 337/578/142
f 300/579/147 305/845/147 306/580/147
f 308/581/148 303/846/148 302/582/148
f 309/584/141 299/847/141 304/585/141
f 305/587/132 299/592/132 298/588/132
f 308/581/132 307/583/132 301/590/132
f 305/587/132 308/581/132 304/591/132
f 306/589/132 298/588/132 301/590/132
f 310/593/132 309/848/132 312/594/132
f 310/596/142 298/849/142 299/597/142
f 311/599/138 301/850/138 298/600/138
f 312/602/140 304/851/140 301/603/140
f 341/607/138 340/852/138 313/853/138
f 313/853/138 322/854/138 341/607/138
f 322/854/138 323/855/138 341/607/138
f 323/855/138 318/605/138 341/607/138
f 331/608/140 332/856/140 318/609/140
f 316/613/141 335/857/141 331/858/141
f 331/858/141 319/859/141 316/613/141
f 319/859/141 324/611/141 316/613/141
f 335/860/142 316/618/142 339/616/142
f 316/618/142 313/614/142 339/616/142
f 322/617/147 313/614/147 316/618/147
f 324/620/148 319/861/148 318/621/148
f 325/623/141 315/862/141 320/624/141
f 321/626/132 315/631/132 314/627/132
f 324/620/132 323/622/132 317/629/132
f 321/626/132 324/620/132 320/630/132
f 322/628/132 314/627/132 317/629/132
f 326/632/132 325/863/132 328/633/132
f 326/635/142 314/864/142 315/636/142
f 314/638/138 326/865/138 327/639/138
f 328/641/140 320/866/140 317/642/140
f 282/644/149 217/867/149 185/645/149
f 199/649/141 197/868/141 195/869/141
f 195/869/141 193/870/141 191/871/141
f 191/871/141 189/872/141 187/873/141
f 187/873/141 186/874/141 191/871/141
f 186/874/141 184/875/141 191/871/141
f 184/875/141 181/876/141 179/877/141
f 179/877/141 178/878/141 175/879/141
f 175/879/141 174/880/141 171/881/141
f 171/881/141 169/658/141 175/879/141
f 169/658/141 168/647/141 175/879/141
f 168/647/141 166/882/141 207/648/141
f 166/882/141 164/883/141 207/648/141
f 164/883/141 162/884/141 207/648/141
f 207/648/141 206/885/141 199/649/141
f 206/885/141 203/886/141 199/649/141
f 203/886/141 201/694/141 199/649/141
f 199/649/141 195/869/141 191/871/141
f 184/875/141 179/877/141 175/879/141
f 199/649/141 191/871/141 184/875/141
f 184/875/141 175/879/141 199/649/141
f 175/879/141 168/647/141 199/649/141
f 164/650/150 345/654/153 358/651/151
f 166/653/152 347/656/155 345/654/153
f 168/655/154 350/887/156 347/656/155
f 350/657/156 168/647/154 169/658/157
f 353/660/158 169/888/157 171/661/159
f 357/704/206 355/662/160 239/663/161
f 355/662/160 171/661/159 174/664/161
f 174/664/161 175/889/162 241/665/162
f 241/665/162 175/889/162 178/666/163
f 244/667/163 178/666/163 179/668/164
f 181/670/165 248/674/165 246/671/164
f 184/673/166 250/676/166 248/674/165
f 186/675/167 251/677/167 250/676/166
f 251/677/167 186/675/167 187/678/168
f 254/679/168 187/678/168 189/680/169
f 257/682/170 255/681/169 189/680/169
f 257/684/170 191/890/170 193/685/171
f 262/687/172 260/686/171 193/685/171
f 262/687/172 195/688/172 197/689/173
f 344/692/175 360/705/207 264/690/173
f 264/690/173 197/689/173 344/692/175
f 199/691/174 201/891/177 346/693/176
f 201/694/177 203/886/179 348/695/178
f 203/697/179 206/700/181 351/698/180
f 206/700/181 207/702/183 354/701/182
f 207/702/183 162/652/151 358/651/151
f 262/687/188 264/690/134 361/706/187
f 260/686/190 262/687/188 368/707/189
f 257/684/144 260/686/190 365/708/191
f 255/681/193 257/682/144 369/710/192
f 349/703/184 239/663/132 241/665/195
f 352/712/196 241/665/195 244/667/197
f 356/713/198 244/667/197 246/669/148
f 359/715/199 246/671/148 248/674/200
f 364/716/201 248/674/200 250/676/202
f 367/717/203 250/676/202 251/677/140
f 251/677/140 254/679/205 363/719/204
f 254/679/205 255/681/193 362/711/194
o Cube.008
v 0.116153 0.162924 0.597867
v -0.116153 0.162924 0.597867
v -0.121744 0.249553 0.313995
v 0.121744 0.249553 0.313995
v 0.116213 0.154400 0.594504
v -0.116213 0.154400 0.594504
v 0.116221 0.147037 0.589050
v -0.116221 0.147037 0.589050
v -0.116177 0.141336 0.581877
v 0.116177 0.141336 0.581877
v -0.121744 0.128599 0.484985
v 0.121744 0.128599 0.484985
v 0.116084 0.137686 0.573473
v 0.121744 0.098781 0.390560
v 0.121744 0.023241 0.570464
v 0.115948 0.136335 0.564411
v -0.116084 0.137686 0.573473
v -0.121744 0.098781 0.390560
v 0.115778 0.137376 0.555309
v 0.121744 0.248071 0.581490
v -0.121744 0.023241 0.570464
v 0.059399 0.229350 0.323392
v 0.115586 0.140737 0.546787
v -0.115948 0.136335 0.564411
v 0.115385 0.146189 0.539426
v 0.059399 0.280647 0.651905
v 0.059399 0.227868 0.590886
v 0.115189 0.153362 0.533727
v -0.115778 0.137376 0.555309
v 0.121744 0.046823 0.690529
v 0.115010 0.161765 0.530079
v 0.025306 0.047568 0.777089
v 0.126408 0.090921 0.727471
v 0.066300 0.092632 0.752885
v 0.115827 0.166887 0.581998
v 0.126408 0.266197 0.620173
v 0.115859 0.162336 0.580203
v 0.115863 0.158405 0.577291
v -0.121744 0.248071 0.581490
v 0.115840 0.155361 0.573461
v -0.059399 0.229350 0.323392
v 0.115898 0.181004 0.597562
v 0.115719 0.189408 0.593914
v 0.115523 0.196580 0.588215
v 0.115322 0.202033 0.580854
v 0.115130 0.205394 0.572332
v 0.114960 0.206434 0.563230
v 0.114824 0.205083 0.554168
v 0.114731 0.201433 0.545764
v 0.114687 0.195732 0.538591
v 0.114695 0.188369 0.533137
v 0.114755 0.179846 0.529774
v 0.115790 0.153412 0.568974
v 0.115717 0.152691 0.564135
v 0.115627 0.153246 0.559276
v 0.115524 0.155041 0.554726
v 0.115417 0.157952 0.550795
v 0.115312 0.161782 0.547753
v 0.115217 0.166268 0.545805
v 0.101628 0.162140 0.580446
v 0.101632 0.158208 0.577534
v 0.101609 0.155165 0.573704
v 0.101559 0.153216 0.569217
v 0.101486 0.152494 0.564379
v 0.101396 0.153050 0.559519
v 0.115691 0.176501 0.581836
v 0.115596 0.180988 0.579888
v 0.115491 0.184818 0.576846
v 0.115384 0.187729 0.572915
v 0.115281 0.189523 0.568365
v 0.115191 0.190079 0.563505
v 0.115118 0.189358 0.558667
v 0.115068 0.187409 0.554180
v 0.115045 0.184365 0.550350
v 0.115049 0.180434 0.547438
v 0.115081 0.175883 0.545643
v 0.101293 0.154844 0.554969
v 0.101186 0.157756 0.551039
v 0.101081 0.161585 0.547996
v 0.101016 0.164645 0.546668
v 0.107694 0.164737 0.546553
v 0.101606 0.165243 0.581670
v 0.108283 0.165335 0.581556
v 0.107663 0.166164 0.545934
v 0.108273 0.166783 0.582127
v 0.101365 0.180792 0.580132
v 0.101260 0.184621 0.577089
v 0.101153 0.187532 0.573159
v 0.101050 0.189327 0.568608
v 0.100959 0.189882 0.563749
v 0.100887 0.189161 0.558910
v 0.100837 0.187212 0.554423
v 0.100814 0.184168 0.550593
v 0.100818 0.180237 0.547681
v 0.100840 0.177134 0.546457
v 0.107518 0.177226 0.546343
v 0.101430 0.177732 0.581460
v 0.108108 0.177824 0.581346
v 0.107528 0.175779 0.545772
v 0.108138 0.176397 0.581965
v 0.116045 0.171984 0.598905
v 0.114863 0.170785 0.528736
v 0.115770 0.171705 0.582550
v 0.115138 0.171065 0.545091
v 0.107585 0.170961 0.545220
v 0.108216 0.171601 0.582679
v 0.122365 0.202130 0.580734
v 0.121744 0.195830 0.538470
v 0.121744 0.188467 0.533016
v 0.122173 0.205491 0.572212
v 0.122566 0.196678 0.588095
v 0.122763 0.189505 0.593794
v 0.122941 0.181102 0.597442
v 0.123088 0.172082 0.598785
v 0.123196 0.163021 0.597747
v 0.123256 0.154498 0.594384
v 0.123127 0.137783 0.573353
v 0.123220 0.141434 0.581757
v 0.121906 0.170883 0.528616
v 0.123264 0.147135 0.588930
v 0.122629 0.140834 0.546667
v 0.121774 0.201530 0.545644
v 0.122821 0.137473 0.555189
v 0.121867 0.205181 0.554048
v 0.122053 0.161862 0.529958
v 0.122232 0.153459 0.533606
v 0.121799 0.179943 0.529654
v 0.122428 0.146287 0.539305
v 0.122991 0.136432 0.564291
v 0.122003 0.206532 0.563110
v -0.115586 0.140737 0.546787
v -0.115385 0.146189 0.539426
v -0.059399 0.280647 0.651905
v -0.059399 0.227868 0.590886
v -0.115189 0.153362 0.533727
v -0.121744 0.046823 0.690529
v -0.115010 0.161765 0.530079
v -0.025306 0.047568 0.777089
v -0.126408 0.090921 0.727471
v -0.066300 0.092632 0.752885
v -0.115827 0.166887 0.581998
v -0.126408 0.266197 0.620173
v -0.115859 0.162336 0.580203
v -0.115863 0.158405 0.577291
v -0.115840 0.155361 0.573461
v -0.115898 0.181004 0.597562
v -0.115719 0.189408 0.593914
v -0.115523 0.196580 0.588215
v -0.115322 0.202033 0.580854
v -0.115130 0.205394 0.572332
v -0.114960 0.206434 0.563230
v -0.114824 0.205083 0.554168
v -0.114731 0.201433 0.545764
v -0.114687 0.195732 0.538591
v -0.114695 0.188369 0.533137
v -0.114755 0.179846 0.529774
v -0.115790 0.153412 0.568974
v -0.115717 0.152691 0.564135
v -0.115627 0.153246 0.559276
v -0.115524 0.155041 0.554726
v -0.115417 0.157952 0.550795
v -0.115312 0.161782 0.547753
v -0.115217 0.166268 0.545805
v -0.101628 0.162140 0.580446
v -0.101632 0.158208 0.577534
v -0.101609 0.155165 0.573704
v -0.101559 0.153216 0.569217
v -0.101486 0.152494 0.564379
v -0.101396 0.153050 0.559519
v -0.115691 0.176501 0.581836
v -0.115596 0.180988 0.579888
v -0.115491 0.184818 0.576846
v -0.115384 0.187729 0.572915
v -0.115281 0.189523 0.568365
v -0.115191 0.190079 0.563505
v -0.115118 0.189358 0.558667
v -0.115068 0.187409 0.554180
v -0.115045 0.184365 0.550350
v -0.115049 0.180434 0.547438
v -0.115081 0.175883 0.545643
v -0.101293 0.154844 0.554969
v -0.101186 0.157756 0.551039
v -0.101081 0.161585 0.547996
v -0.101016 0.164645 0.546668
v -0.107694 0.164737 0.546553
v -0.101606 0.165243 0.581670
v -0.108283 0.165335 0.581556
v -0.107663 0.166164 0.545934
v -0.108273 0.166783 0.582127
v -0.101365 0.180792 0.580132
v -0.101260 0.184621 0.577089
v -0.101153 0.187532 0.573159
v -0.101050 0.189327 0.568608
v -0.100959 0.189882 0.563749
v -0.100887 0.189161 0.558910
v -0.100837 0.187212 0.554423
v -0.100814 0.184168 0.550593
v -0.100818 0.180237 0.547681
v -0.100840 0.177134 0.546457
v -0.107518 0.177226 0.546343
v -0.101430 0.177732 0.581460
v -0.108108 0.177824 0.581346
v -0.107528 0.175779 0.545772
v -0.108138 0.176397 0.581965
v -0.116045 0.171984 0.598905
v -0.114863 0.170785 0.528736
v -0.115770 0.171705 0.582550
v -0.115138 0.171065 0.545091
v -0.107585 0.170961 0.545220
v -0.108216 0.171601 0.582679
v -0.122365 0.202130 0.580734
v -0.121744 0.195830 0.538470
v -0.121744 0.188467 0.533016
v -0.122173 0.205491 0.572212
v -0.122566 0.196678 0.588095
v -0.122763 0.189505 0.593794
v -0.122941 0.181102 0.597442
v -0.123088 0.172082 0.598785
v -0.123196 0.163021 0.597747
v -0.123256 0.154498 0.594384
v -0.123127 0.137783 0.573353
v -0.123220 0.141434 0.581757
v -0.121906 0.170883 0.528616
v -0.123264 0.147135 0.588930
v -0.122629 0.140834 0.546667
v -0.121774 0.201530 0.545644
v -0.122821 0.137473 0.555189
v -0.121867 0.205181 0.554048
v -0.122053 0.161862 0.529958
v -0.122232 0.153459 0.533606
v -0.121799 0.179943 0.529654
v -0.122428 0.146287 0.539305
v -0.122991 0.136432 0.564291
v -0.122003 0.206532 0.563110
vt 0.186284 0.752504
vt 0.215198 0.633119
vt 0.215198 0.755167
vt 0.456043 0.681139
vt 0.505031 0.636633
vt 0.508303 0.639344
vt 0.559360 0.511899
vt 0.528854 0.614484
vt 0.525581 0.611773
vt 0.349351 0.969407
vt 0.293927 0.856486
vt 0.349351 0.856486
vt 0.217360 0.613991
vt 0.186284 0.630456
vt 0.186284 0.598335
vt 0.609087 0.766227
vt 0.583374 0.751007
vt 0.628098 0.743545
vt 0.670582 0.766227
vt 0.696295 0.751007
vt 0.698458 0.767739
vt 0.667382 0.860861
vt 0.371374 0.582716
vt 0.374646 0.580005
vt 0.405153 0.682590
vt 0.131190 0.630456
vt 0.581211 0.767739
vt 0.612287 0.860861
vt 0.581211 0.857147
vt 0.281088 0.838868
vt 0.281088 0.893962
vt 0.215770 0.922876
vt 0.131190 0.598335
vt 0.350824 0.557856
vt 0.301836 0.513350
vt 0.354096 0.555145
vt 0.100113 0.613991
vt 0.102276 0.633119
vt 0.131190 0.752504
vt 0.649637 0.862485
vt 0.694950 0.975406
vt 0.649637 0.975406
vt 0.815390 0.295106
vt 0.815390 0.312483
vt 0.812493 0.311914
vt 0.579587 0.826900
vt 0.576490 0.810784
vt 0.579587 0.810790
vt 0.558771 0.814319
vt 0.555528 0.810545
vt 0.558795 0.810542
vt 0.443010 0.797017
vt 0.446233 0.800645
vt 0.442967 0.800639
vt 0.442939 0.804713
vt 0.446197 0.808967
vt 0.442930 0.808961
vt 0.446206 0.813099
vt 0.442967 0.816829
vt 0.442940 0.813093
vt 0.832337 0.295120
vt 0.835567 0.298715
vt 0.832300 0.298710
vt 0.429903 0.674610
vt 0.426404 0.676861
vt 0.426399 0.674614
vt 0.733406 0.512863
vt 0.732450 0.520997
vt 0.730502 0.519873
vt 0.443350 0.670008
vt 0.443344 0.670618
vt 0.439841 0.670614
vt 0.711037 0.530027
vt 0.718559 0.526768
vt 0.718559 0.529037
vt 0.712137 0.534132
vt 0.719147 0.531228
vt 0.733375 0.542918
vt 0.732436 0.534774
vt 0.737055 0.540793
vt 0.743284 0.525754
vt 0.735175 0.524553
vt 0.742184 0.521649
vt 0.725021 0.544017
vt 0.728280 0.536495
vt 0.729270 0.544017
vt 0.735175 0.531204
vt 0.743284 0.530003
vt 0.742184 0.534108
vt 0.717253 0.540803
vt 0.723819 0.535908
vt 0.720916 0.542918
vt 0.740060 0.537788
vt 0.734040 0.522588
vt 0.740060 0.517969
vt 0.712137 0.521673
vt 0.711037 0.525778
vt 0.730471 0.535908
vt 0.735762 0.529013
vt 0.734040 0.533169
vt 0.853473 0.559112
vt 0.846894 0.557531
vt 0.853495 0.557516
vt 0.439828 0.677222
vt 0.446441 0.679240
vt 0.439841 0.679231
vt 0.720947 0.512863
vt 0.726042 0.519285
vt 0.723850 0.519873
vt 0.423338 0.680915
vt 0.423325 0.679614
vt 0.426422 0.679610
vt 0.429919 0.670376
vt 0.423306 0.672401
vt 0.423318 0.670384
vt 0.446461 0.680908
vt 0.439860 0.680900
vt 0.720281 0.533193
vt 0.714262 0.537812
vt 0.406819 0.680921
vt 0.413397 0.679286
vt 0.413420 0.680933
vt 0.406777 0.675074
vt 0.413382 0.672817
vt 0.413377 0.675085
vt 0.853495 0.569694
vt 0.846872 0.567738
vt 0.853473 0.567723
vt 0.714262 0.517993
vt 0.721885 0.521007
vt 0.720281 0.522611
vt 0.717267 0.514988
vt 0.846858 0.565543
vt 0.853458 0.565529
vt 0.406782 0.672806
vt 0.413397 0.670642
vt 0.721871 0.534784
vt 0.853454 0.563260
vt 0.406796 0.679275
vt 0.413382 0.677292
vt 0.719147 0.524576
vt 0.846858 0.561086
vt 0.853458 0.561071
vt 0.443332 0.672765
vt 0.439824 0.675008
vt 0.439828 0.672761
vt 0.728311 0.519285
vt 0.729301 0.511763
vt 0.443329 0.675717
vt 0.446426 0.675721
vt 0.446429 0.677230
vt 0.406796 0.670631
vt 0.413420 0.668708
vt 0.817620 0.295400
vt 0.818287 0.295676
vt 0.820207 0.305475
vt 0.819911 0.303225
vt 0.825686 0.311344
vt 0.849442 0.723651
vt 0.852539 0.707606
vt 0.852539 0.723643
vt 0.429939 0.668697
vt 0.423338 0.668704
vt 0.555562 0.830303
vt 0.558793 0.826725
vt 0.558832 0.830300
vt 0.442965 0.824539
vt 0.446276 0.821543
vt 0.446238 0.824532
vt 0.446206 0.828201
vt 0.442930 0.832307
vt 0.446197 0.832300
vt 0.446207 0.836549
vt 0.446233 0.840660
vt 0.442940 0.836557
vt 0.446276 0.844351
vt 0.442967 0.840667
vt 0.835567 0.314888
vt 0.832337 0.318009
vt 0.832301 0.314884
vt 0.835544 0.311125
vt 0.832277 0.311120
vt 0.835536 0.306979
vt 0.832269 0.306974
vt 0.835544 0.302752
vt 0.832277 0.302748
vt 0.555504 0.822700
vt 0.558763 0.818472
vt 0.558771 0.822697
vt 0.446276 0.819919
vt 0.443010 0.819913
vt 0.446206 0.804719
vt 0.555565 0.807400
vt 0.558832 0.807396
vt 0.555505 0.814323
vt 0.563529 0.817330
vt 0.565329 0.815949
vt 0.566759 0.815357
vt 0.406782 0.677280
vt 0.426416 0.679003
vt 0.429907 0.676857
vt 0.429919 0.678999
vt 0.426401 0.673909
vt 0.737069 0.514978
vt 0.555526 0.826729
vt 0.725051 0.511763
vt 0.738341 0.565029
vt 0.736111 0.564736
vt 0.735445 0.564459
vt 0.576490 0.809160
vt 0.579587 0.793043
vt 0.579587 0.809153
vt 0.830609 0.314868
vt 0.827318 0.311087
vt 0.830585 0.311090
vt 0.576320 0.791419
vt 0.579544 0.787791
vt 0.579587 0.791414
vt 0.576250 0.783723
vt 0.579507 0.779470
vt 0.579517 0.783718
vt 0.576277 0.771607
vt 0.579517 0.775337
vt 0.576250 0.775343
vt 0.837259 0.314422
vt 0.840563 0.318009
vt 0.837296 0.318013
vt 0.418140 0.674998
vt 0.421647 0.672755
vt 0.421643 0.675002
vt 0.699534 0.542918
vt 0.698579 0.534784
vt 0.703198 0.540803
vt 0.435089 0.679596
vt 0.438186 0.679592
vt 0.438200 0.680900
vt 0.677166 0.525754
vt 0.684688 0.529013
vt 0.677166 0.530003
vt 0.685275 0.524553
vt 0.678266 0.521649
vt 0.703184 0.514988
vt 0.696600 0.519873
vt 0.699504 0.512863
vt 0.709413 0.530027
vt 0.701304 0.531228
vt 0.701891 0.529037
vt 0.695399 0.511763
vt 0.692140 0.519285
vt 0.691149 0.511763
vt 0.709413 0.525778
vt 0.701304 0.524576
vt 0.708313 0.521673
vt 0.683382 0.514978
vt 0.689948 0.519873
vt 0.688000 0.520997
vt 0.706188 0.517993
vt 0.698565 0.521007
vt 0.708313 0.534132
vt 0.700169 0.533193
vt 0.678266 0.534108
vt 0.694409 0.519285
vt 0.701891 0.526768
vt 0.687045 0.512863
vt 0.700169 0.522611
vt 0.853799 0.307312
vt 0.847176 0.305701
vt 0.853776 0.305716
vt 0.431567 0.672383
vt 0.438180 0.670365
vt 0.438168 0.672374
vt 0.689979 0.535908
vt 0.691180 0.544018
vt 0.687076 0.542918
vt 0.418162 0.670002
vt 0.415078 0.668697
vt 0.421679 0.668705
vt 0.421660 0.679236
vt 0.415047 0.677211
vt 0.421647 0.677219
vt 0.431579 0.670373
vt 0.438200 0.668697
vt 0.686410 0.522588
vt 0.680391 0.517969
vt 0.653882 0.309415
vt 0.647258 0.311073
vt 0.647281 0.309426
vt 0.647239 0.315274
vt 0.653844 0.317530
vt 0.647244 0.317542
vt 0.853799 0.295134
vt 0.847176 0.297091
vt 0.847198 0.295120
vt 0.680391 0.537788
vt 0.688014 0.534774
vt 0.683395 0.540793
vt 0.853776 0.297105
vt 0.847162 0.299285
vt 0.653859 0.319706
vt 0.647258 0.319717
vt 0.853758 0.301568
vt 0.853762 0.299300
vt 0.653859 0.311062
vt 0.647244 0.313067
vt 0.686410 0.533169
vt 0.847162 0.303742
vt 0.847157 0.301554
vt 0.431563 0.674597
vt 0.435071 0.676839
vt 0.431567 0.676844
vt 0.694439 0.536495
vt 0.695430 0.544018
vt 0.853762 0.303757
vt 0.435068 0.673888
vt 0.435066 0.674592
vt 0.647281 0.321651
vt 0.738341 0.547652
vt 0.741238 0.548222
vt 0.578951 0.738930
vt 0.577569 0.737130
vt 0.582180 0.740903
vt 0.431579 0.678991
vt 0.852539 0.705982
vt 0.849442 0.689937
vt 0.852539 0.689945
vt 0.421679 0.680915
vt 0.415059 0.679228
vt 0.827376 0.295106
vt 0.830607 0.298684
vt 0.827340 0.298681
vt 0.842222 0.314939
vt 0.845533 0.317935
vt 0.842263 0.317928
vt 0.845463 0.311277
vt 0.842196 0.311269
vt 0.842187 0.307171
vt 0.845454 0.307178
vt 0.845463 0.302929
vt 0.842197 0.302921
vt 0.845490 0.298818
vt 0.842224 0.298811
vt 0.845533 0.295127
vt 0.842266 0.295120
vt 0.837296 0.295124
vt 0.840526 0.298244
vt 0.837259 0.298249
vt 0.840503 0.302008
vt 0.837236 0.302012
vt 0.840495 0.306154
vt 0.837228 0.306158
vt 0.840503 0.310380
vt 0.837236 0.310385
vt 0.830577 0.306938
vt 0.827317 0.302709
vt 0.830584 0.302713
vt 0.840526 0.314418
vt 0.579587 0.768518
vt 0.579544 0.771602
vt 0.576241 0.779475
vt 0.576277 0.787797
vt 0.830645 0.318013
vt 0.827342 0.314864
vt 0.827310 0.306934
vt 0.570170 0.819130
vt 0.571551 0.817330
vt 0.574781 0.815357
vt 0.653844 0.313056
vt 0.418156 0.670609
vt 0.421660 0.670613
vt 0.418141 0.675703
vt 0.706188 0.537812
vt 0.813614 0.737620
vt 0.870286 0.737620
vt 0.813614 0.850541
vt 0.530707 0.634216
vt 0.532478 0.630353
vt 0.551965 0.635718
vt 0.559360 0.654121
vt 0.527997 0.637489
vt 0.475507 0.699389
vt 0.520548 0.641427
vt 0.524531 0.639948
vt 0.448134 0.624953
vt 0.502571 0.633168
vt 0.500695 0.624953
vt 0.501406 0.620764
vt 0.499064 0.588026
vt 0.509353 0.611169
vt 0.505888 0.613628
vt 0.503177 0.616901
vt 0.501092 0.629184
vt 0.516336 0.641823
vt 0.512166 0.641115
vt 0.513337 0.609690
vt 0.487625 0.543555
vt 0.533190 0.626164
vt 0.532792 0.621933
vt 0.517548 0.609294
vt 0.521718 0.610002
vt 0.531313 0.617949
vt 0.293927 0.969407
vt 0.651571 0.743545
vt 0.698458 0.857147
vt 0.344857 0.606463
vt 0.355146 0.583321
vt 0.359130 0.584799
vt 0.363341 0.585195
vt 0.333418 0.650935
vt 0.378271 0.564136
vt 0.397758 0.558771
vt 0.378982 0.568326
vt 0.378585 0.572556
vt 0.377106 0.576540
vt 0.367511 0.584487
vt 0.291108 0.922876
vt 0.215770 0.809954
vt 0.291108 0.809954
vt 0.376500 0.560273
vt 0.373790 0.557000
vt 0.321300 0.495100
vt 0.405153 0.540369
vt 0.366340 0.553062
vt 0.293927 0.569537
vt 0.348364 0.561321
vt 0.346488 0.569536
vt 0.347199 0.573725
vt 0.351681 0.580861
vt 0.348970 0.577588
vt 0.370324 0.554541
vt 0.362129 0.552666
vt 0.346885 0.565305
vt 0.357959 0.553374
vt 0.102276 0.755167
vt 0.694950 0.862485
vt 0.813160 0.312190
vt 0.812493 0.295676
vt 0.813160 0.295400
vt 0.576490 0.826893
vt 0.446276 0.797023
vt 0.446233 0.816835
vt 0.835604 0.295124
vt 0.439860 0.668697
vt 0.446461 0.668705
vt 0.446448 0.670013
vt 0.735762 0.526744
vt 0.726011 0.536495
vt 0.846872 0.559127
vt 0.429939 0.680907
vt 0.429907 0.672393
vt 0.846894 0.569708
vt 0.846853 0.563274
vt 0.443328 0.675013
vt 0.406819 0.668697
vt 0.818287 0.311914
vt 0.817620 0.312190
vt 0.820207 0.300976
vt 0.825686 0.295106
vt 0.821075 0.298880
vt 0.822456 0.297080
vt 0.824256 0.295698
vt 0.824256 0.310752
vt 0.822456 0.309371
vt 0.821075 0.307571
vt 0.849442 0.707614
vt 0.443006 0.821550
vt 0.442939 0.828209
vt 0.443009 0.844358
vt 0.835604 0.318013
vt 0.555496 0.818475
vt 0.566759 0.831595
vt 0.565329 0.831003
vt 0.563529 0.829622
vt 0.562148 0.827822
vt 0.561280 0.825725
vt 0.560984 0.823476
vt 0.561280 0.821227
vt 0.562148 0.819130
vt 0.423303 0.673913
vt 0.735445 0.548222
vt 0.736111 0.547945
vt 0.576490 0.793050
vt 0.418144 0.672751
vt 0.696631 0.535908
vt 0.431599 0.680908
vt 0.435083 0.678986
vt 0.684688 0.526744
vt 0.685275 0.531205
vt 0.847198 0.307297
vt 0.692171 0.536495
vt 0.415065 0.669998
vt 0.431599 0.668705
vt 0.653840 0.315262
vt 0.438165 0.673884
vt 0.653882 0.321639
vt 0.740571 0.547945
vt 0.741238 0.564459
vt 0.740571 0.564736
vt 0.576701 0.735034
vt 0.576405 0.732784
vt 0.576701 0.730535
vt 0.582180 0.724665
vt 0.577569 0.728439
vt 0.578951 0.726639
vt 0.580751 0.725258
vt 0.580751 0.740311
vt 0.849442 0.705974
vt 0.415078 0.680907
vt 0.830645 0.295110
vt 0.845495 0.314946
vt 0.840563 0.295120
vt 0.576320 0.768523
vt 0.827379 0.318009
vt 0.573351 0.815949
vt 0.574781 0.831595
vt 0.569006 0.823476
vt 0.573351 0.831003
vt 0.571551 0.829622
vt 0.570170 0.827822
vt 0.569302 0.825725
vt 0.569302 0.821227
vt 0.415044 0.675699
vt 0.870286 0.850541
vt 0.773830 0.805817
vt 0.773830 0.782344
vn -0.1625 0.9867 0.0055
vn -0.3075 0.9515 0.0053
vn 0.9987 -0.0406 -0.0294
vn 0.9999 -0.0088 0.0063
vn 0.9999 -0.0028 -0.0107
vn 1.0000 0.0000 -0.0001
vn 1.0000 0.0006 -0.0007
vn 1.0000 0.0025 0.0007
vn 0.0000 -0.6300 -0.7766
vn -0.2377 0.8170 -0.5254
vn -0.1064 0.7851 -0.6101
vn -0.0603 0.7549 -0.6530
vn -0.5771 -0.3227 0.7502
vn -0.4537 -0.4762 0.7533
vn -0.6533 -0.2024 0.7296
vn 0.0000 0.4732 0.8810
vn 0.5771 -0.3227 0.7502
vn 0.4537 -0.4762 0.7533
vn 0.2862 -0.6329 0.7194
vn 0.3793 0.4549 0.8058
vn 0.4398 0.4621 0.7701
vn 0.3583 0.4519 0.8169
vn -1.0000 0.0025 0.0007
vn -1.0000 0.0006 -0.0007
vn -1.0000 0.0000 -0.0001
vn 0.1482 0.9889 0.0055
vn -0.1482 0.9889 0.0055
vn -0.3793 0.4549 0.8058
vn -0.4398 0.4621 0.7701
vn -0.4589 0.4639 0.7578
vn -0.0054 -0.4554 -0.8903
vn 0.0054 -0.4554 -0.8903
vn 0.0032 -0.4563 -0.8898
vn 0.0603 0.7549 -0.6530
vn -0.9999 -0.0088 0.0063
vn -0.9987 -0.0406 -0.0294
vn -0.9999 -0.0028 -0.0107
vn 0.2377 0.8170 -0.5254
vn 0.1064 0.7851 -0.6101
vn 0.3363 0.8677 -0.3660
vn 0.1625 0.9867 0.0055
vn 0.3075 0.9515 0.0053
vn 0.0000 -0.9536 0.3011
vn 0.9998 0.0138 -0.0171
vn 0.0141 -0.9998 0.0168
vn 0.0075 0.5147 0.8574
vn 0.0019 0.7190 0.6950
vn -0.0038 0.8744 0.4853
vn -0.0092 0.9701 0.2425
vn -0.0141 0.9998 -0.0168
vn -0.0180 0.9613 -0.2750
vn -0.0206 0.8573 -0.5144
vn -0.0219 0.6949 -0.7188
vn -0.0216 0.4851 -0.8742
vn -0.0199 0.2423 -0.9700
vn 0.0126 0.2753 0.9613
vn 0.0168 0.0171 0.9997
vn 0.0126 0.2752 0.9613
vn -0.0210 0.3668 -0.9301
vn 0.0219 -0.6949 0.7188
vn 0.0216 -0.4851 0.8742
vn -0.0075 -0.5147 -0.8574
vn -0.0020 -0.7190 -0.6950
vn 0.0210 -0.3668 0.9301
vn 0.0020 0.7190 0.6950
vn 0.0076 0.5147 0.8574
vn 0.0038 -0.8744 -0.4853
vn -0.0141 0.9998 -0.0169
vn 0.0092 -0.9701 -0.2425
vn 0.0180 -0.9613 0.2750
vn 0.0206 -0.8573 0.5144
vn -0.0169 -0.0171 -0.9997
vn -0.0126 -0.2753 -0.9613
vn -0.0102 -0.3984 -0.9172
vn 0.0199 -0.2423 0.9700
vn 0.0219 -0.6948 0.7188
vn 0.0206 -0.8572 0.5145
vn -0.0168 -0.0171 -0.9997
vn 0.0169 0.0171 0.9997
vn 0.0199 -0.2422 0.9700
vn 0.0102 0.3984 0.9172
vn -0.9998 0.0138 -0.0171
vn -0.0141 -0.9998 0.0168
vn -0.0020 0.7190 0.6950
vn -0.0075 0.5147 0.8574
vn 0.0038 0.8744 0.4853
vn 0.0092 0.9701 0.2425
vn 0.0141 0.9998 -0.0168
vn 0.0180 0.9613 -0.2750
vn 0.0219 0.6949 -0.7188
vn 0.0206 0.8573 -0.5144
vn 0.0199 0.2423 -0.9700
vn 0.0216 0.4851 -0.8742
vn -0.0126 0.2752 0.9613
vn -0.0168 0.0171 0.9997
vn -0.0126 0.2753 0.9613
vn 0.0210 0.3668 -0.9301
vn 0.0209 0.3668 -0.9301
vn -0.0216 -0.4851 0.8742
vn -0.0219 -0.6949 0.7188
vn 0.0075 -0.5147 -0.8574
vn 0.0020 -0.7190 -0.6950
vn -0.0210 -0.3668 0.9301
vn -0.0038 -0.8744 -0.4853
vn 0.0141 0.9998 -0.0169
vn -0.0092 -0.9701 -0.2425
vn -0.0180 -0.9613 0.2750
vn -0.0206 -0.8573 0.5144
vn 0.0126 -0.2753 -0.9613
vn 0.0169 -0.0171 -0.9997
vn 0.0168 -0.0171 -0.9997
vn 0.0102 -0.3984 -0.9172
vn -0.0199 -0.2423 0.9700
vn -0.0206 -0.8572 0.5145
vn -0.0199 -0.2422 0.9700
vn -0.0102 0.3984 0.9172
vn 0.0000 -0.9909 0.1347
vn 0.0000 -0.9813 0.1927
vn 0.9978 0.0034 -0.0668
vn 0.9967 -0.0157 -0.0799
vn 0.9979 -0.0115 -0.0632
vn 0.9977 -0.0476 -0.0484
vn 0.9987 -0.0160 -0.0475
vn 0.9965 -0.0194 -0.0814
vn 0.9999 -0.0123 -0.0036
vn 0.9999 -0.0121 0.0002
vn 0.9998 -0.0119 -0.0167
vn 0.9998 -0.0079 -0.0168
vn 1.0000 -0.0006 -0.0063
vn 0.9999 -0.0118 -0.0089
vn 1.0000 0.0000 0.0000
vn 1.0000 0.0050 -0.0024
vn 0.9999 0.0105 -0.0128
vn -0.3363 0.8677 -0.3660
vn -0.2862 -0.6329 0.7194
vn 0.6533 -0.2024 0.7296
vn 0.4589 0.4639 0.7578
vn -1.0000 -0.0006 -0.0063
vn -1.0000 0.0000 0.0000
vn -0.9978 0.0034 -0.0668
vn -0.9999 0.0105 -0.0128
vn -1.0000 0.0050 -0.0024
vn -0.3583 0.4519 0.8169
vn 0.0123 -0.4527 -0.8916
vn -0.0032 -0.4563 -0.8898
vn -0.0123 -0.4527 -0.8916
vn -0.9979 -0.0115 -0.0632
vn -0.9977 -0.0476 -0.0484
vn -0.9967 -0.0157 -0.0799
vn -0.9987 -0.0160 -0.0475
vn -0.9999 -0.0123 -0.0036
vn -0.9999 -0.0121 0.0002
vn -0.9998 -0.0119 -0.0167
vn -0.9998 -0.0079 -0.0168
vn -0.9965 -0.0194 -0.0814
vn -0.9999 -0.0118 -0.0089
vn -0.0209 0.3668 -0.9301
vn -0.0219 -0.6948 0.7188
vn 0.0000 -1.0000 0.0086
usemtl Material
s 1
f 391/892/208 389/893/209 373/894/209
f 399/895/210 489/896/211 485/897/212
f 373/898/213 477/899/214 478/900/215
f 381/901/216 390/902/216 380/903/216
f 405/904/217 396/905/218 395/906/219
f 509/907/220 505/908/221 507/909/222
f 509/907/223 507/909/223 403/910/223
f 403/910/224 399/911/225 402/912/226
f 402/912/227 395/913/228 403/910/229
f 582/914/230 581/915/231 372/916/232
f 391/892/208 503/917/233 396/905/234
f 508/918/235 502/919/236 511/920/237
f 410/921/238 391/922/239 383/923/240
f 396/905/218 502/924/241 395/906/219
f 593/925/242 505/926/243 589/927/244
f 511/928/245 503/917/246 408/929/247
f 410/930/248 408/929/249 503/917/233
f 380/931/250 383/932/250 381/933/250
f 474/934/251 475/935/251 452/936/251
f 452/937/252 449/938/252 450/939/252
f 495/940/253 394/941/254 497/942/254
f 490/943/255 388/944/256 492/945/256
f 498/946/257 382/947/258 486/948/258
f 379/949/259 489/950/260 487/951/259
f 485/952/261 370/953/262 484/954/262
f 428/955/263 474/956/264 453/957/265
f 400/958/251 473/959/251 428/960/251
f 452/961/266 454/962/262 404/963/262
f 376/964/251 409/965/251 407/966/251
f 374/967/251 407/966/251 406/968/251
f 414/969/251 439/970/251 415/971/251
f 419/972/251 444/973/251 420/974/251
f 412/975/251 437/976/251 413/977/251
f 441/978/251 418/979/251 417/980/251
f 470/981/251 435/982/251 411/983/251
f 439/970/251 416/984/251 415/971/251
f 420/974/251 445/985/251 421/986/251
f 382/987/251 409/965/251 379/988/251
f 413/977/251 438/989/251 414/969/251
f 442/990/251 419/972/251 418/979/251
f 435/982/251 412/975/251 411/983/251
f 440/991/251 417/980/251 416/984/251
f 443/992/267 463/993/268 444/994/268
f 436/995/269 456/996/270 437/997/270
f 392/998/251 426/999/251 425/1000/251
f 463/1001/268 464/1002/271 465/1003/271
f 426/1004/272 448/1005/273 447/1006/272
f 437/997/270 457/1007/274 438/1008/274
f 374/967/251 404/1009/251 370/1010/251
f 406/1011/261 430/1012/260 429/1013/261
f 422/1014/258 433/1015/275 432/1016/258
f 438/1017/274 458/1018/276 439/1019/276
f 385/1020/251 424/1021/251 423/1022/251
f 388/1023/251 425/1000/251 424/1021/251
f 439/1019/276 459/1024/252 440/1025/252
f 423/1026/257 434/1027/256 433/1015/275
f 470/981/251 404/1009/251 472/1028/251
f 459/1024/252 441/1029/277 440/1025/252
f 407/1030/260 431/1031/259 430/1012/260
f 382/987/251 423/1022/251 422/1032/251
f 441/1029/277 461/1033/278 442/1034/278
f 475/1035/279 435/1036/280 472/1037/279
f 400/958/251 427/1038/251 397/1039/251
f 461/1033/278 443/992/267 442/1034/278
f 467/1040/281 466/1041/281 455/1042/269
f 424/1043/256 446/1044/255 434/1027/256
f 474/934/251 468/1045/251 465/1046/251
f 460/1047/251 459/1048/251 464/1049/251
f 404/963/262 475/1035/279 472/1037/279
f 464/1050/257 467/1051/257 465/1052/257
f 425/1053/255 447/1006/272 446/1054/255
f 420/1055/268 496/1056/282 478/1057/268
f 419/1058/267 478/1059/268 477/1060/283
f 491/1061/284 419/1058/267 477/1060/283
f 417/1062/277 491/1061/284 493/1063/277
f 499/1064/252 417/1062/277 493/1063/277
f 479/1065/276 416/1066/252 499/1064/252
f 476/1067/274 415/1068/276 479/1065/276
f 413/1069/270 476/1070/274 480/1071/270
f 412/1072/269 480/1071/270 481/1073/269
f 411/1074/280 481/1073/269 482/1075/280
f 470/1076/285 482/1075/280 483/1077/285
f 471/1078/286 494/1079/263 488/1080/286
f 370/953/262 483/1077/285 484/954/262
f 489/950/260 374/1081/261 485/1082/261
f 486/948/258 379/949/259 487/951/259
f 492/945/256 385/1083/257 498/946/257
f 497/942/254 392/1084/255 490/1085/255
f 494/1079/263 397/1086/273 495/940/253
f 447/1087/251 448/1088/251 449/1089/251
f 409/1090/259 432/1016/258 431/1031/259
f 468/1091/287 473/1092/286 445/1093/282
f 428/955/263 453/957/265 450/1094/288
f 445/985/251 471/1095/251 421/986/251
f 421/1096/282 488/1080/286 496/1056/282
f 394/1097/251 427/1038/251 426/999/251
f 578/1098/289 557/1099/289 554/1100/289
f 553/1101/290 556/1102/290 554/1103/290
f 601/1104/291 504/1105/292 599/1106/292
f 594/1107/293 398/1108/294 500/1109/293
f 602/1110/295 386/1111/296 393/1112/295
f 593/1113/297 378/1114/298 591/1115/298
f 588/1116/299 375/1117/300 589/1118/300
f 557/1119/301 577/1120/302 532/1121/303
f 506/1122/289 577/1123/289 575/1124/289
f 556/1125/304 555/1126/305 533/1127/300
f 377/1128/289 514/1129/289 378/1130/289
f 512/1131/289 377/1128/289 375/1132/289
f 519/1133/289 542/1134/289 518/1135/289
f 523/1136/289 548/1137/289 547/1138/289
f 517/1139/289 540/1140/289 516/1141/289
f 522/1142/289 545/1143/289 521/1144/289
f 574/1145/289 539/1146/289 576/1147/289
f 520/1148/289 543/1149/289 519/1133/289
f 524/1150/289 549/1151/289 548/1137/289
f 514/1129/289 386/1152/289 378/1130/289
f 517/1139/289 542/1134/289 541/1153/289
f 523/1136/289 546/1154/289 522/1142/289
f 516/1141/289 539/1146/289 515/1155/289
f 521/1144/289 544/1156/289 520/1148/289
f 548/1157/306 566/1158/307 547/1159/307
f 540/1160/308 560/1161/309 559/1162/308
f 529/1163/289 501/1164/289 500/1165/289
f 569/1166/310 567/1167/306 548/1168/306
f 530/1169/291 552/1170/292 531/1171/292
f 541/1172/309 561/1173/311 560/1161/309
f 510/1174/289 375/1132/289 371/1175/289
f 533/1176/300 513/1177/297 512/1178/300
f 526/1179/296 537/1180/312 527/1181/295
f 542/1182/311 562/1183/313 561/1184/311
f 393/1185/289 528/1186/289 398/1187/289
f 398/1187/289 529/1163/289 500/1165/289
f 543/1188/313 563/1189/290 562/1183/313
f 527/1181/295 538/1190/294 528/1191/294
f 574/1145/289 510/1174/289 371/1175/289
f 545/1192/314 563/1189/290 544/1193/290
f 534/1194/297 514/1195/298 513/1177/297
f 386/1152/289 527/1196/289 393/1185/289
f 545/1192/314 565/1197/315 564/1198/314
f 539/1199/316 579/1200/317 576/1201/318
f 531/1202/289 506/1122/289 504/1203/289
f 547/1159/307 565/1197/315 546/1204/315
f 571/1205/319 573/1206/316 539/1199/316
f 538/1190/294 529/1207/293 528/1191/294
f 578/1098/289 579/1208/289 571/1209/289
f 560/1210/289 561/1211/289 570/1212/289
f 579/1200/317 510/1213/299 576/1201/318
f 571/1214/295 568/1215/295 569/1216/295
f 529/1217/293 551/1218/291 530/1169/291
f 524/1219/306 600/1220/320 525/1221/320
f 523/1222/307 582/1223/306 524/1224/306
f 595/1225/321 523/1222/307 522/1226/315
f 595/1225/321 521/1227/314 597/1228/314
f 603/1229/290 521/1227/314 520/1230/290
f 583/1231/313 520/1230/290 519/1232/313
f 580/1233/311 519/1232/313 518/1234/311
f 580/1235/311 517/1236/309 584/1237/309
f 584/1237/309 516/1238/308 585/1239/308
f 585/1239/308 515/1240/316 586/1241/316
f 586/1241/316 574/1242/318 587/1243/318
f 598/1244/303 575/1245/302 592/1246/302
f 587/1243/318 371/1247/299 588/1116/299
f 593/1113/297 375/1248/300 377/1249/297
f 590/1250/296 378/1114/298 386/1111/296
f 596/1251/294 393/1112/295 398/1108/294
f 594/1252/293 501/1253/291 601/1104/291
f 598/1244/303 504/1105/292 506/1254/303
f 535/1255/289 534/1256/289 555/1257/289
f 535/1258/298 526/1179/296 514/1195/298
f 577/1120/302 572/1259/322 549/1260/320
f 554/1261/323 532/1121/303 531/1171/292
f 525/1262/289 577/1123/289 549/1151/289
f 592/1246/302 525/1221/320 600/1220/320
f 501/1164/289 531/1202/289 504/1203/289
f 505/1263/324 390/1264/325 399/1265/324
f 391/892/208 396/905/234 389/893/209
f 476/1266/251 479/1267/251 389/1268/326
f 389/1268/326 405/1269/327 480/1270/328
f 405/1269/327 402/1271/329 482/1272/330
f 481/1273/331 405/1269/327 482/1272/330
f 402/1271/329 399/895/210 485/897/212
f 399/895/210 384/1274/332 487/1275/333
f 498/1276/334 384/1274/332 492/1277/335
f 384/1274/332 381/1278/336 492/1277/335
f 381/1278/336 495/1279/251 497/1280/251
f 381/1278/336 497/1280/251 490/1281/251
f 480/1270/328 476/1266/251 389/1268/326
f 481/1273/331 480/1270/328 405/1269/327
f 381/1278/336 490/1281/251 492/1277/335
f 384/1274/332 498/1276/334 486/1282/337
f 384/1274/332 486/1282/337 487/1275/333
f 483/1283/251 482/1272/330 402/1271/329
f 484/1284/251 483/1283/251 402/1271/329
f 399/895/210 487/1275/333 489/896/211
f 485/897/212 484/1284/251 402/1271/329
f 494/1285/251 495/1279/251 381/1278/336
f 381/1278/336 383/1286/338 373/898/213
f 373/898/213 389/1268/326 477/899/214
f 389/1268/326 479/1267/251 499/1287/251
f 389/1268/326 499/1287/251 493/1288/251
f 494/1285/251 381/1278/336 488/1289/251
f 381/1278/336 373/898/213 496/1290/339
f 488/1289/251 381/1278/336 496/1290/339
f 389/1268/326 493/1288/251 491/1291/340
f 389/1268/326 491/1291/340 477/899/214
f 478/900/215 496/1290/339 373/898/213
f 381/901/216 384/1292/216 390/902/216
f 405/904/217 389/893/341 396/905/218
f 509/907/220 508/918/342 505/908/221
f 507/909/223 401/1293/223 403/910/223
f 403/910/223 395/913/223 502/919/223
f 502/919/223 509/907/223 403/910/223
f 403/910/224 401/1293/343 399/911/225
f 402/912/227 405/1294/344 395/913/228
f 380/1295/345 599/1296/289 598/1297/289
f 380/1295/345 598/1297/289 592/1298/289
f 372/916/232 387/1299/346 380/1295/345
f 583/1300/289 408/1301/347 603/1302/289
f 408/1301/347 372/916/232 581/915/231
f 603/1302/289 408/1301/347 597/1303/289
f 597/1303/289 408/1301/347 595/1304/348
f 372/916/232 380/1295/345 600/1305/349
f 380/1295/345 592/1298/289 600/1305/349
f 595/1304/348 408/1301/347 581/915/231
f 372/916/232 600/1305/349 582/914/230
f 391/892/208 410/930/248 503/917/233
f 508/918/235 509/907/350 502/919/236
f 391/922/239 373/1306/351 383/923/240
f 383/923/240 387/1307/352 410/921/238
f 387/1307/352 372/1308/353 410/921/238
f 396/905/218 503/917/246 502/924/241
f 408/1301/347 583/1300/289 580/1309/289
f 408/1301/347 580/1309/289 584/1310/354
f 508/1311/355 511/1312/356 586/1313/357
f 511/1312/356 408/1301/347 584/1310/354
f 390/1314/358 505/926/243 591/1315/359
f 505/926/243 508/1311/355 589/927/244
f 390/1314/358 602/1316/360 596/1317/361
f 599/1296/289 380/1295/345 601/1318/289
f 380/1295/345 390/1314/358 596/1317/361
f 601/1318/289 380/1295/345 594/1319/289
f 594/1319/289 380/1295/345 596/1317/361
f 511/1312/356 584/1310/354 585/1320/362
f 511/1312/356 585/1320/362 586/1313/357
f 508/1311/355 586/1313/357 587/1321/289
f 602/1316/360 390/1314/358 590/1322/363
f 590/1322/363 390/1314/358 591/1315/359
f 508/1311/355 587/1321/289 588/1323/289
f 508/1311/355 588/1323/289 589/927/244
f 591/1315/359 505/926/243 593/925/242
f 511/928/245 502/924/241 503/917/246
f 410/930/248 372/1324/249 408/929/249
f 380/931/250 387/1325/250 383/932/250
f 454/1326/251 452/936/251 475/935/251
f 452/936/251 450/1327/251 474/934/251
f 450/1327/251 453/1328/251 474/934/251
f 452/937/252 451/1329/252 449/938/252
f 495/940/253 397/1086/273 394/941/254
f 490/943/255 392/1330/255 388/944/256
f 498/946/257 385/1083/257 382/947/258
f 379/949/259 376/1331/260 489/950/260
f 485/952/261 374/1332/261 370/953/262
f 428/955/263 473/1092/286 474/956/264
f 400/958/251 471/1095/251 473/959/251
f 404/963/262 406/1333/261 452/961/266
f 406/1333/261 429/1334/261 452/961/266
f 429/1334/261 451/1335/364 452/961/266
f 376/964/251 379/988/251 409/965/251
f 374/967/251 376/964/251 407/966/251
f 414/969/251 438/989/251 439/970/251
f 419/972/251 443/1336/251 444/973/251
f 412/975/251 436/1337/251 437/976/251
f 441/978/251 442/990/251 418/979/251
f 470/981/251 472/1028/251 435/982/251
f 439/970/251 440/991/251 416/984/251
f 420/974/251 444/973/251 445/985/251
f 382/987/251 422/1032/251 409/965/251
f 413/977/251 437/976/251 438/989/251
f 442/990/251 443/1336/251 419/972/251
f 435/982/251 436/1337/251 412/975/251
f 440/991/251 441/978/251 417/980/251
f 443/992/267 462/1338/267 463/993/268
f 436/995/269 455/1042/269 456/996/270
f 392/998/251 394/1097/251 426/999/251
f 468/1091/287 445/1093/282 465/1003/271
f 445/1093/282 444/1339/268 465/1003/271
f 444/1339/268 463/1001/268 465/1003/271
f 426/1004/272 427/1340/253 448/1005/273
f 437/997/270 456/996/270 457/1007/274
f 374/967/251 406/968/251 404/1009/251
f 406/1011/261 407/1030/260 430/1012/260
f 422/1014/258 423/1026/257 433/1015/275
f 438/1017/274 457/1341/274 458/1018/276
f 385/1020/251 388/1023/251 424/1021/251
f 388/1023/251 392/998/251 425/1000/251
f 439/1019/276 458/1018/276 459/1024/252
f 423/1026/257 424/1043/256 434/1027/256
f 470/981/251 370/1010/251 404/1009/251
f 459/1024/252 460/1342/277 441/1029/277
f 407/1030/260 409/1090/259 431/1031/259
f 382/987/251 385/1020/251 423/1022/251
f 441/1029/277 460/1342/277 461/1033/278
f 475/1035/279 469/1343/280 435/1036/280
f 400/958/251 428/960/251 427/1038/251
f 461/1033/278 462/1338/267 443/992/267
f 455/1042/269 436/995/269 467/1040/281
f 436/995/269 435/1036/280 467/1040/281
f 435/1036/280 469/1343/280 467/1040/281
f 424/1043/256 425/1344/255 446/1044/255
f 465/1046/251 467/1345/251 474/934/251
f 467/1345/251 469/1346/251 475/935/251
f 474/934/251 467/1345/251 475/935/251
f 459/1048/251 458/1347/251 466/1348/251
f 458/1347/251 457/1349/251 466/1348/251
f 457/1349/251 456/1350/251 466/1348/251
f 456/1350/251 455/1351/251 466/1348/251
f 466/1348/251 464/1049/251 459/1048/251
f 464/1049/251 463/1352/251 462/1353/251
f 462/1353/251 461/1354/251 464/1049/251
f 461/1354/251 460/1047/251 464/1049/251
f 404/963/262 454/962/262 475/1035/279
f 464/1050/257 466/1355/257 467/1051/257
f 425/1053/255 426/1004/272 447/1006/272
f 420/1055/268 421/1096/282 496/1056/282
f 419/1058/267 420/1356/268 478/1059/268
f 491/1061/284 418/1357/278 419/1058/267
f 417/1062/277 418/1357/278 491/1061/284
f 499/1064/252 416/1066/252 417/1062/277
f 479/1065/276 415/1068/276 416/1066/252
f 476/1067/274 414/1358/274 415/1068/276
f 413/1069/270 414/1359/274 476/1070/274
f 412/1072/269 413/1069/270 480/1071/270
f 411/1074/280 412/1072/269 481/1073/269
f 470/1076/285 411/1074/280 482/1075/280
f 471/1078/286 400/1360/263 494/1079/263
f 370/953/262 470/1076/285 483/1077/285
f 489/950/260 376/1331/260 374/1081/261
f 486/948/258 382/947/258 379/949/259
f 492/945/256 388/944/256 385/1083/257
f 497/942/254 394/941/254 392/1084/255
f 494/1079/263 400/1360/263 397/1086/273
f 451/1361/251 429/1362/251 430/1363/251
f 430/1363/251 431/1364/251 451/1361/251
f 431/1364/251 432/1365/251 451/1361/251
f 432/1365/251 433/1366/251 451/1361/251
f 433/1366/251 434/1367/251 449/1089/251
f 451/1361/251 433/1366/251 449/1089/251
f 434/1367/251 446/1368/251 449/1089/251
f 446/1368/251 447/1087/251 449/1089/251
f 409/1090/259 422/1014/258 432/1016/258
f 468/1091/287 474/956/264 473/1092/286
f 449/1369/288 448/1005/273 450/1094/288
f 448/1005/273 427/1340/253 450/1094/288
f 427/1340/253 428/955/263 450/1094/288
f 445/985/251 473/959/251 471/1095/251
f 421/1096/282 471/1078/286 488/1080/286
f 394/1097/251 397/1039/251 427/1038/251
f 554/1100/289 556/1370/289 578/1098/289
f 556/1370/289 558/1371/289 579/1208/289
f 578/1098/289 556/1370/289 579/1208/289
f 553/1101/290 555/1372/290 556/1102/290
f 601/1104/291 501/1253/291 504/1105/292
f 594/1107/293 596/1251/294 398/1108/294
f 602/1110/295 590/1250/296 386/1111/296
f 593/1113/297 377/1249/297 378/1114/298
f 588/1116/299 371/1247/299 375/1117/300
f 557/1119/301 578/1373/302 577/1120/302
f 506/1122/289 532/1374/289 577/1123/289
f 533/1127/300 512/1375/300 556/1125/304
f 512/1375/300 510/1213/299 556/1125/304
f 510/1213/299 558/1376/299 556/1125/304
f 377/1128/289 513/1377/289 514/1129/289
f 512/1131/289 513/1377/289 377/1128/289
f 519/1133/289 543/1149/289 542/1134/289
f 523/1136/289 524/1150/289 548/1137/289
f 517/1139/289 541/1153/289 540/1140/289
f 522/1142/289 546/1154/289 545/1143/289
f 574/1145/289 515/1155/289 539/1146/289
f 520/1148/289 544/1156/289 543/1149/289
f 524/1150/289 525/1262/289 549/1151/289
f 514/1129/289 526/1378/289 386/1152/289
f 517/1139/289 518/1135/289 542/1134/289
f 523/1136/289 547/1138/289 546/1154/289
f 516/1141/289 540/1140/289 539/1146/289
f 521/1144/289 545/1143/289 544/1156/289
f 548/1157/306 567/1379/306 566/1158/307
f 540/1160/308 541/1172/309 560/1161/309
f 529/1163/289 530/1380/289 501/1164/289
f 548/1168/306 549/1260/320 569/1166/310
f 549/1260/320 572/1259/322 569/1166/310
f 569/1166/310 568/1381/310 567/1167/306
f 530/1169/291 551/1218/291 552/1170/292
f 541/1172/309 542/1382/311 561/1173/311
f 510/1174/289 512/1131/289 375/1132/289
f 533/1176/300 534/1194/297 513/1177/297
f 526/1179/296 536/1383/296 537/1180/312
f 542/1182/311 543/1188/313 562/1183/313
f 393/1185/289 527/1196/289 528/1186/289
f 398/1187/289 528/1186/289 529/1163/289
f 543/1188/313 544/1193/290 563/1189/290
f 527/1181/295 537/1180/312 538/1190/294
f 574/1145/289 576/1147/289 510/1174/289
f 545/1192/314 564/1198/314 563/1189/290
f 534/1194/297 535/1258/298 514/1195/298
f 386/1152/289 526/1378/289 527/1196/289
f 545/1192/314 546/1204/315 565/1197/315
f 539/1199/316 573/1206/316 579/1200/317
f 531/1202/289 532/1374/289 506/1122/289
f 547/1159/307 566/1158/307 565/1197/315
f 539/1199/316 540/1160/308 571/1205/319
f 540/1160/308 559/1162/308 571/1205/319
f 559/1162/308 570/1384/319 571/1205/319
f 538/1190/294 550/1385/293 529/1207/293
f 573/1386/289 571/1209/289 579/1208/289
f 571/1209/289 569/1387/289 578/1098/289
f 569/1387/289 572/1388/289 578/1098/289
f 561/1211/289 562/1389/289 570/1212/289
f 562/1389/289 563/1390/289 570/1212/289
f 563/1390/289 564/1391/289 568/1392/289
f 564/1391/289 565/1393/289 568/1392/289
f 565/1393/289 566/1394/289 568/1392/289
f 566/1394/289 567/1395/289 568/1392/289
f 568/1392/289 570/1212/289 563/1390/289
f 570/1212/289 559/1396/289 560/1210/289
f 579/1200/317 558/1376/299 510/1213/299
f 571/1214/295 570/1397/295 568/1215/295
f 529/1217/293 550/1398/293 551/1218/291
f 524/1219/306 582/1399/306 600/1220/320
f 523/1222/307 581/1400/365 582/1223/306
f 595/1225/321 581/1400/365 523/1222/307
f 595/1225/321 522/1226/315 521/1227/314
f 603/1229/290 597/1228/314 521/1227/314
f 583/1231/313 603/1229/290 520/1230/290
f 580/1233/311 583/1231/313 519/1232/313
f 580/1235/311 518/1401/311 517/1236/309
f 584/1237/309 517/1236/309 516/1238/308
f 585/1239/308 516/1238/308 515/1240/316
f 586/1241/316 515/1240/316 574/1242/318
f 598/1244/303 506/1254/303 575/1245/302
f 587/1243/318 574/1242/318 371/1247/299
f 593/1113/297 589/1402/300 375/1248/300
f 590/1250/296 591/1115/298 378/1114/298
f 596/1251/294 602/1110/295 393/1112/295
f 594/1252/293 500/1403/293 501/1253/291
f 598/1244/303 599/1106/292 504/1105/292
f 534/1256/289 533/1404/289 555/1257/289
f 555/1257/289 553/1405/289 537/1406/289
f 553/1405/289 552/1407/289 551/1408/289
f 550/1409/289 553/1405/289 551/1408/289
f 550/1409/289 538/1410/289 553/1405/289
f 538/1410/289 537/1406/289 553/1405/289
f 537/1406/289 536/1411/289 555/1257/289
f 536/1411/289 535/1255/289 555/1257/289
f 535/1258/298 536/1383/296 526/1179/296
f 577/1120/302 578/1373/302 572/1259/322
f 531/1171/292 552/1170/292 554/1261/323
f 552/1170/292 553/1412/323 554/1261/323
f 554/1261/323 557/1119/301 532/1121/303
f 525/1262/289 575/1124/289 577/1123/289
f 592/1246/302 575/1245/302 525/1221/320
f 501/1164/289 530/1380/289 531/1202/289
f 390/1264/325 384/1413/325 399/1265/324
f 399/1265/324 401/1414/366 507/1415/366
f 507/1415/366 505/1263/324 399/1265/324
o Cube.009
v -0.057761 -0.313707 0.676816
v -0.025173 -0.092802 0.434638
v -0.057761 -0.082118 0.516791
v 0.057761 -0.313707 0.676816
v 0.057761 -0.082118 0.516791
v -0.057761 -0.392561 0.637658
v 0.025173 -0.092802 0.434638
v -0.034971 -0.413264 0.627377
v -0.034971 -0.088084 0.404180
v -0.057761 -0.086832 0.427813
v 0.034971 -0.413264 0.627377
v 0.057761 -0.392561 0.637658
v 0.057761 -0.086832 0.427813
v 0.034971 -0.088084 0.404180
v 0.025173 -0.088084 0.404180
v -0.025173 -0.088084 0.404180
v -0.025173 -0.086669 0.430888
v 0.025173 -0.086669 0.430888
v -0.025173 -0.104525 0.415465
v 0.025173 -0.104525 0.415465
vt 0.237522 0.433643
vt 0.248091 0.428455
vt 0.280527 0.428455
vt 0.938885 0.143606
vt 0.974144 0.294029
vt 0.938476 0.274155
vt 0.562674 0.255776
vt 0.601349 0.270889
vt 0.601349 0.294238
vt 0.442444 0.495100
vt 0.407185 0.645523
vt 0.406777 0.514974
vt 0.237522 0.453405
vt 0.291096 0.583955
vt 0.237522 0.583955
vt 0.925485 0.914996
vt 0.914916 0.737620
vt 0.925485 0.743083
vt 0.882479 0.737620
vt 0.871910 0.914996
vt 0.871910 0.743083
vt 0.910372 0.911225
vt 0.887023 0.911225
vt 0.568575 0.311016
vt 0.571909 0.321439
vt 0.562674 0.321926
vt 0.579434 0.321926
vt 0.582768 0.311504
vt 0.582768 0.321926
vt 0.579587 0.766894
vt 0.576254 0.743545
vt 0.579587 0.743545
vt 0.800766 0.318455
vt 0.810869 0.295106
vt 0.810869 0.318455
vt 0.291096 0.433643
vt 0.291096 0.453405
vt 0.974144 0.122056
vt 0.613373 0.294238
vt 0.613373 0.298782
vt 0.602733 0.309351
vt 0.562674 0.309351
vt 0.602733 0.255776
vt 0.613373 0.266346
vt 0.613373 0.270889
vt 0.442444 0.667073
vt 0.914916 0.920470
vt 0.882479 0.920470
vt 0.887023 0.920470
vt 0.910372 0.920470
vt 0.571909 0.311016
vt 0.573533 0.311016
vt 0.576254 0.766894
vt 0.800766 0.295106
vn 0.0000 -0.4448 0.8956
vn -1.0000 0.0000 0.0000
vn 0.0000 0.9986 -0.0529
vn 1.0000 0.0000 0.0000
vn 0.0000 0.5685 0.8227
vn -0.6632 -0.4236 -0.6171
vn 0.6632 -0.4236 -0.6171
vn -0.0000 -0.5659 -0.8245
vn 0.0000 -0.5216 -0.8532
vn 0.0000 0.8532 -0.5216
usemtl Material
s 1
f 609/1416/367 611/1417/367 614/1418/367
f 606/1419/368 609/1420/368 604/1421/368
f 608/1422/369 621/1423/369 620/1424/369
f 615/1425/370 608/1426/370 607/1427/370
f 604/1428/371 608/1429/371 606/1430/371
f 613/1431/372 611/1432/372 609/1433/372
f 614/1434/373 616/1435/373 615/1436/373
f 611/1432/374 622/1437/374 623/1438/374
f 620/1439/370 622/1440/370 619/1441/370
f 621/1442/368 623/1443/368 610/1444/368
f 605/1445/375 621/1446/375 610/1447/375
f 605/1448/376 623/1449/376 622/1450/376
f 614/1418/367 615/1451/367 609/1416/367
f 615/1451/367 607/1452/367 609/1416/367
f 607/1452/367 604/1428/367 609/1416/367
f 606/1419/368 613/1453/368 609/1420/368
f 619/1454/369 612/1455/369 620/1424/369
f 612/1455/369 613/1456/369 620/1424/369
f 613/1456/369 606/1457/369 620/1424/369
f 606/1457/369 608/1422/369 620/1424/369
f 608/1422/369 616/1458/369 621/1423/369
f 616/1458/369 617/1459/369 621/1423/369
f 617/1459/369 618/1460/369 621/1423/369
f 615/1425/370 616/1461/370 608/1426/370
f 604/1428/371 607/1452/371 608/1429/371
f 613/1431/372 612/1462/372 611/1432/372
f 614/1434/373 617/1463/373 616/1435/373
f 623/1438/374 618/1464/374 617/1463/374
f 617/1463/374 614/1434/374 623/1438/374
f 614/1434/374 611/1432/374 623/1438/374
f 611/1432/374 612/1462/374 622/1437/374
f 612/1462/374 619/1465/374 622/1437/374
f 620/1439/370 605/1466/370 622/1440/370
f 621/1442/368 618/1467/368 623/1443/368
f 605/1445/375 620/1468/375 621/1446/375
f 605/1448/376 610/1469/376 623/1449/376
o Cube.010
v -0.023322 -0.090953 0.430812
v -0.023322 -0.014157 0.383858
v -0.023322 -0.121177 0.381379
v -0.023322 -0.044381 0.334425
v 0.023322 -0.090953 0.430812
v 0.023322 -0.014157 0.383858
v 0.023322 -0.121177 0.381379
v 0.023322 -0.044381 0.334425
vt 0.686991 0.187824
vt 0.658135 0.142995
vt 0.686991 0.142995
vt 0.076531 0.969691
vt 0.053301 0.924862
vt 0.076531 0.924862
vt 0.921934 0.410585
vt 0.950790 0.455414
vt 0.921934 0.455414
vt 0.931082 0.974664
vt 0.907853 0.929835
vt 0.931082 0.929835
vt 0.768572 0.415622
vt 0.745343 0.444478
vt 0.745343 0.415622
vt 0.743468 0.415622
vt 0.720239 0.444478
vt 0.720239 0.415622
vt 0.658135 0.187824
vt 0.053301 0.969691
vt 0.950790 0.410585
vt 0.907853 0.974664
vt 0.768572 0.444478
vt 0.743468 0.444478
vn -1.0000 0.0000 0.0000
vn 0.0000 -0.5216 -0.8532
vn 1.0000 0.0000 0.0000
vn 0.0000 0.5216 0.8532
vn 0.0000 -0.8532 0.5216
vn 0.0000 0.8532 -0.5216
usemtl Metal
s 1
f 625/1470/377 626/1471/377 624/1472/377
f 627/1473/378 630/1474/378 626/1475/378
f 631/1476/379 628/1477/379 630/1478/379
f 629/1479/380 624/1480/380 628/1481/380
f 630/1482/381 624/1483/381 626/1484/381
f 627/1485/382 629/1486/382 631/1487/382
f 625/1470/377 627/1488/377 626/1471/377
f 627/1473/378 631/1489/378 630/1474/378
f 631/1476/379 629/1490/379 628/1477/379
f 629/1479/380 625/1491/380 624/1480/380
f 630/1482/381 628/1492/381 624/1483/381
f 627/1485/382 625/1493/382 629/1486/382
o Cube.011
v -0.146393 0.148478 0.204692
v -0.055256 -0.048166 0.077551
v 0.146393 0.148478 0.204692
v 0.055256 -0.048166 0.077551
v 0.055256 -0.048166 0.313413
v 0.146393 0.047326 0.260617
v 0.000000 -0.048166 0.077551
v 0.000000 -0.048166 0.313413
v 0.000000 0.148478 0.204692
v 0.000000 0.113220 0.072386
v -0.055256 -0.048166 0.313413
v -0.146393 0.047326 0.260617
v 0.146393 0.124264 0.113827
v 0.146393 0.047326 0.115584
v 0.079870 0.113220 0.072386
v 0.081821 -0.020331 0.076660
v -0.146393 0.124264 0.113827
v -0.146393 0.047326 0.115584
v -0.079870 0.113220 0.072386
v -0.081821 -0.020331 0.076660
vt 0.849442 0.628936
vt 0.896353 0.670261
vt 0.860672 0.671076
vt 0.855984 0.224396
vt 0.855984 0.250022
vt 0.843068 0.262342
vt 0.843068 0.186450
vt 0.855984 0.198771
vt 0.100113 0.872771
vt 0.125739 0.982157
vt 0.100113 0.982157
vt 0.743693 0.925918
vt 0.700082 0.925918
vt 0.700082 0.858026
vt 0.940639 0.578515
vt 0.940639 0.687900
vt 0.927730 0.688313
vt 0.501738 0.836798
vt 0.448134 0.836798
vt 0.448134 0.768905
vt 0.151365 0.872771
vt 0.151365 0.982157
vt 0.852127 0.060189
vt 0.899038 0.018864
vt 0.899038 0.086125
vt 0.448134 0.701013
vt 0.501738 0.701013
vt 0.743693 0.790134
vt 0.763582 0.820985
vt 0.812205 0.156504
vt 0.781100 0.187355
vt 0.776515 0.156504
vt 0.930415 0.000812
vt 0.943324 0.110610
vt 0.812205 0.292288
vt 0.781100 0.261437
vt 0.896353 0.603000
vt 0.781100 0.224396
vt 0.125739 0.872771
vt 0.763582 0.858026
vt 0.763582 0.895067
vt 0.552342 0.768905
vt 0.552342 0.794531
vt 0.863357 0.018049
vt 0.552342 0.743280
vt 0.700082 0.790134
vt 0.943324 0.001225
vt 0.776515 0.292288
vn 1.0000 -0.0000 0.0000
vn 0.0000 -0.0320 -0.9995
vn 0.0000 -1.0000 -0.0000
vn 0.0000 0.9663 -0.2575
vn 0.7234 -0.6904 -0.0000
vn -0.0000 0.4839 0.8751
vn -1.0000 -0.0000 0.0000
vn 0.5310 -0.0194 -0.8472
vn -0.7234 -0.6904 -0.0000
vn -0.5310 -0.0194 -0.8472
usemtl Material
s 1
f 634/1494/383 645/1495/383 644/1496/383
f 638/1497/384 633/1498/384 651/1499/384
f 647/1500/384 635/1501/384 638/1497/384
f 633/1502/385 639/1503/385 642/1504/385
f 648/1505/386 632/1506/386 640/1507/386
f 636/1508/387 635/1509/387 647/1510/387
f 637/1511/388 634/1512/388 640/1513/388
f 639/1503/385 635/1514/385 636/1515/385
f 632/1516/389 649/1517/389 643/1518/389
f 640/1513/388 632/1519/388 643/1520/388
f 640/1507/386 644/1521/386 646/1522/386
f 645/1523/390 646/1524/390 644/1525/390
f 651/1526/391 642/1527/391 643/1518/391
f 649/1528/392 650/1529/392 651/1499/392
f 634/1494/383 637/1530/383 645/1495/383
f 650/1529/384 641/1531/384 651/1499/384
f 641/1531/384 638/1497/384 651/1499/384
f 638/1497/384 641/1531/384 647/1500/384
f 641/1531/384 646/1524/384 647/1500/384
f 633/1502/385 638/1532/385 639/1503/385
f 640/1507/386 641/1533/386 650/1534/386
f 650/1534/386 648/1505/386 640/1507/386
f 647/1510/387 645/1495/387 637/1530/387
f 637/1530/387 636/1508/387 647/1510/387
f 639/1535/388 636/1536/388 640/1513/388
f 636/1536/388 637/1511/388 640/1513/388
f 639/1503/385 638/1532/385 635/1514/385
f 632/1516/389 648/1537/389 649/1517/389
f 643/1520/388 642/1538/388 640/1513/388
f 642/1538/388 639/1535/388 640/1513/388
f 646/1522/386 641/1533/386 640/1507/386
f 640/1507/386 634/1539/386 644/1521/386
f 645/1523/390 647/1500/390 646/1524/390
f 643/1518/391 649/1517/391 651/1526/391
f 651/1526/391 633/1540/391 642/1527/391
f 649/1528/392 648/1541/392 650/1529/392
o Cube.012
v -0.097901 0.229795 0.238435
v -0.025173 -0.009909 0.383957
v -0.097901 0.148478 0.204692
v 0.097901 0.229795 0.238435
v -0.025173 -0.042532 0.330599
v -0.097901 0.229350 0.323392
v -0.097901 0.128599 0.484985
v 0.025173 -0.009909 0.383957
v 0.097901 0.148478 0.204692
v -0.097901 0.098781 0.390560
v 0.097901 0.229350 0.323392
v 0.025173 -0.042532 0.330599
v -0.078094 -0.048166 0.376782
v -0.087672 -0.048166 0.313413
v -0.097901 -0.032181 0.304575
v 0.097901 0.128599 0.484985
v 0.097901 0.098781 0.390560
v 0.078094 -0.048166 0.376782
v 0.087672 -0.048166 0.313413
v 0.097901 -0.032181 0.304575
v 0.097901 0.054339 0.545233
v 0.088545 0.023241 0.570464
v 0.000000 0.229795 0.238435
v 0.000000 0.148478 0.204692
v 0.000000 0.229350 0.323392
v 0.000000 0.128599 0.484985
v 0.000000 0.098781 0.390560
v 0.000000 -0.048166 0.313413
v 0.000000 0.023241 0.570464
v -0.097901 0.054339 0.545233
v -0.088545 0.023241 0.570464
v -0.025173 -0.048166 0.376782
v 0.000000 -0.048166 0.334044
v -0.025173 -0.048166 0.334044
v -0.025173 -0.038970 0.401725
v 0.000000 -0.038970 0.401725
v 0.025173 -0.048166 0.334044
v 0.025173 -0.048166 0.376782
v 0.025173 -0.038970 0.401725
vt 0.698614 0.588658
vt 0.698614 0.598610
vt 0.686078 0.598610
vt 0.868813 0.100153
vt 0.796032 0.148910
vt 0.796032 0.100153
vt 0.589618 0.010033
vt 0.594712 0.000937
vt 0.638375 0.000937
vt 0.638375 0.139639
vt 0.687133 0.112831
vt 0.687133 0.139639
vt 0.907853 0.830446
vt 0.949653 0.879203
vt 0.907853 0.879203
vt 0.274624 0.277283
vt 0.343715 0.343362
vt 0.272527 0.349798
vt 0.659722 0.619227
vt 0.686078 0.619227
vt 0.686078 0.632398
vt 0.542117 0.868316
vt 0.542117 0.819559
vt 0.589458 0.819559
vt 0.925331 0.249650
vt 0.876611 0.298407
vt 0.876611 0.249650
vt 0.876611 0.200892
vt 0.316218 0.215891
vt 0.343715 0.231699
vt 0.343587 0.241361
vt 0.737507 0.619227
vt 0.711151 0.619227
vt 0.711151 0.598610
vt 0.698614 0.721498
vt 0.698614 0.632398
vt 0.711151 0.632398
vt 0.589458 0.917074
vt 0.609283 0.868316
vt 0.455987 0.129958
vt 0.456115 0.139621
vt 0.428618 0.155428
vt 0.868813 0.197668
vt 0.796032 0.197668
vt 0.907853 0.927960
vt 0.456115 0.027957
vt 0.387024 0.094036
vt 0.589618 0.112831
vt 0.589618 0.139639
vt 0.687133 0.010033
vt 0.638375 0.112831
vt 0.787280 0.446752
vt 0.770447 0.446821
vt 0.772999 0.433830
vt 0.378905 0.173942
vt 0.382193 0.173942
vt 0.382193 0.186479
vt 0.619505 0.179475
vt 0.616242 0.179462
vt 0.605225 0.161267
vt 0.326872 0.172301
vt 0.343828 0.172301
vt 0.343828 0.184838
vt 0.693291 0.415622
vt 0.718364 0.445400
vt 0.693291 0.445400
vt 0.654951 0.588658
vt 0.868813 0.148910
vt 0.949653 0.830446
vt 0.226290 0.267497
vt 0.217870 0.220963
vt 0.309460 0.370382
vt 0.654517 0.721498
vt 0.609283 0.824219
vt 0.925331 0.298407
vt 0.925331 0.200892
vt 0.214471 0.200892
vt 0.742277 0.588658
vt 0.742712 0.721498
vt 0.609283 0.912414
vt 0.542117 0.917074
vt 0.326872 0.170427
vt 0.330270 0.150357
vt 0.949653 0.927960
vt 0.338690 0.103823
vt 0.384927 0.021522
vt 0.421860 0.000937
vt 0.682038 0.000937
vt 0.784016 0.415636
vt 0.787280 0.415622
vt 0.382193 0.199016
vt 0.378905 0.199016
vt 0.602672 0.148276
vt 0.619505 0.148345
vt 0.343828 0.197375
vt 0.326872 0.197375
vt 0.718364 0.415622
vn 0.0000 -1.0000 0.0000
vn 0.0000 0.4574 0.8892
vn 0.0000 -0.4839 -0.8751
vn 0.0000 0.3833 -0.9236
vn 0.0000 1.0000 0.0052
vn 1.0000 0.0000 0.0000
vn -0.0000 -0.9854 0.1705
vn 0.0000 -0.9844 0.1757
vn -0.0000 -0.9383 0.3459
vn 0.0000 0.6300 0.7766
vn 0.0000 0.9536 -0.3011
vn 0.8982 -0.4160 0.1422
vn 0.8663 -0.4820 0.1310
vn 0.8786 -0.4565 0.1400
vn -0.8786 -0.4565 0.1400
vn -0.8663 -0.4820 0.1310
vn -0.8982 -0.4160 0.1422
vn -1.0000 -0.0000 0.0000
vn 0.0000 0.5216 0.8532
vn 0.0000 -0.5216 -0.8532
vn 0.0000 -0.8532 0.5216
vn 0.9594 -0.2764 0.0554
vn 0.9657 -0.2562 0.0423
vn -0.9657 -0.2562 0.0423
vn -0.9594 -0.2764 0.0554
usemtl Metal
s 1
f 679/1542/393 684/1543/393 685/1544/393
f 661/1545/394 676/1546/394 657/1547/394
f 671/1548/395 670/1549/395 679/1550/395
f 674/1551/396 654/1552/396 652/1553/396
f 662/1554/397 674/1555/397 676/1556/397
f 668/1557/398 660/1558/398 662/1559/398
f 664/1560/399 683/1561/400 686/1562/401
f 677/1563/402 658/1564/402 681/1565/402
f 678/1566/403 658/1567/403 677/1568/403
f 667/1569/403 678/1566/403 677/1568/403
f 669/1570/404 670/1571/405 671/1572/406
f 669/1573/399 689/1574/400 688/1575/393
f 680/1576/401 687/1577/401 690/1578/401
f 672/1579/402 677/1563/402 680/1580/402
f 666/1581/407 665/1582/408 664/1583/409
f 676/1546/394 668/1584/394 662/1585/394
f 674/1555/397 657/1586/397 676/1556/397
f 654/1587/410 666/1581/410 661/1588/410
f 660/1589/396 674/1551/396 655/1590/396
f 666/1591/395 675/1592/395 679/1550/395
f 653/1593/398 686/1594/398 683/1595/398
f 656/1596/411 685/1597/411 684/1598/411
f 663/1599/410 688/1600/410 689/1601/410
f 659/1602/412 690/1603/412 687/1604/412
f 656/1605/413 659/1606/413 653/1607/413
f 683/1561/400 664/1560/399 685/1544/393
f 664/1560/399 665/1608/393 685/1544/393
f 665/1608/393 679/1542/393 685/1544/393
f 661/1545/394 678/1609/394 676/1546/394
f 679/1550/395 675/1592/395 671/1548/395
f 675/1592/395 660/1589/395 671/1548/395
f 674/1551/396 675/1592/396 654/1552/396
f 662/1554/397 655/1610/397 674/1555/397
f 667/1611/398 672/1612/398 668/1557/398
f 672/1612/398 671/1572/398 668/1557/398
f 671/1572/398 660/1558/398 668/1557/398
f 660/1558/398 655/1613/398 662/1559/398
f 687/1577/401 680/1576/401 686/1562/401
f 680/1576/401 682/1614/401 686/1562/401
f 682/1614/401 664/1560/399 686/1562/401
f 681/1565/402 682/1615/402 680/1580/402
f 680/1580/402 677/1563/402 681/1565/402
f 678/1566/403 661/1616/403 658/1567/403
f 667/1569/403 668/1617/403 678/1566/403
f 671/1572/406 672/1612/414 669/1570/404
f 672/1612/414 673/1618/415 669/1570/404
f 684/1543/393 679/1542/393 688/1575/393
f 679/1542/393 670/1619/393 688/1575/393
f 670/1619/393 669/1573/399 688/1575/393
f 690/1578/401 689/1574/400 669/1573/399
f 669/1573/399 673/1620/401 690/1578/401
f 673/1620/401 680/1576/401 690/1578/401
f 680/1580/402 673/1621/402 672/1579/402
f 672/1579/402 667/1622/402 677/1563/402
f 682/1623/416 681/1624/417 664/1583/409
f 681/1624/417 666/1581/407 664/1583/409
f 676/1546/394 678/1609/394 668/1584/394
f 674/1555/397 652/1625/397 657/1586/397
f 666/1581/410 681/1624/410 661/1588/410
f 681/1624/410 658/1626/410 661/1588/410
f 661/1588/410 657/1627/410 654/1587/410
f 657/1627/410 652/1628/410 654/1587/410
f 660/1589/396 675/1592/396 674/1551/396
f 679/1550/395 665/1629/395 666/1591/395
f 666/1591/395 654/1552/395 675/1592/395
f 683/1595/398 685/1630/398 656/1631/398
f 656/1631/398 653/1593/398 683/1595/398
f 684/1598/411 688/1632/411 663/1633/411
f 663/1633/411 656/1596/411 684/1598/411
f 689/1601/410 690/1634/410 659/1635/410
f 659/1635/410 663/1599/410 689/1601/410
f 686/1636/412 653/1637/412 687/1604/412
f 653/1637/412 659/1602/412 687/1604/412
f 656/1605/413 663/1638/413 659/1606/413
o Cylinder
v 0.000000 0.358140 -0.864721
v 0.000000 0.358140 -0.167209
v 0.027557 0.354513 -0.864721
v 0.027557 0.354513 -0.167209
v 0.053235 0.343876 -0.864721
v 0.053235 0.343876 -0.167209
v 0.075286 0.326956 -0.864721
v 0.075286 0.326956 -0.167209
v 0.092206 0.304905 -0.864721
v 0.092206 0.304905 -0.167209
v 0.102843 0.279227 -0.864721
v 0.102843 0.279227 -0.167209
v 0.106471 0.251670 -0.864721
v 0.106471 0.251670 -0.167209
v 0.102843 0.224113 -0.864721
v 0.102843 0.224113 -0.167209
v 0.092206 0.198435 -0.864721
v 0.092206 0.198435 -0.167209
v 0.075286 0.176384 -0.864721
v 0.075286 0.176384 -0.167209
v 0.053235 0.159464 -0.864721
v 0.053235 0.159464 -0.167209
v 0.027557 0.148827 -0.864721
v 0.027557 0.148827 -0.167209
v -0.000000 0.145199 -0.864721
v -0.000000 0.145199 -0.167209
v -0.027557 0.148827 -0.864721
v -0.027557 0.148827 -0.167209
v -0.053235 0.159464 -0.864721
v -0.053235 0.159464 -0.167209
v -0.075286 0.176384 -0.864721
v -0.075286 0.176384 -0.167209
v -0.092206 0.198435 -0.864721
v -0.092206 0.198435 -0.167209
v -0.102843 0.224113 -0.864721
v -0.102843 0.224113 -0.167209
v -0.106470 0.251670 -0.864721
v -0.106470 0.251670 -0.167209
v -0.102843 0.279227 -0.864721
v -0.102843 0.279227 -0.167209
v -0.092206 0.304905 -0.864721
v -0.092206 0.304905 -0.167209
v -0.075286 0.326956 -0.864721
v -0.075286 0.326956 -0.167209
v -0.053235 0.343876 -0.864721
v -0.053235 0.343876 -0.167209
v -0.027557 0.354513 -0.864721
v -0.027557 0.354513 -0.167209
v 0.000000 0.358140 -0.775675
v 0.027557 0.354513 -0.775674
v 0.053235 0.343876 -0.775674
v 0.075286 0.326956 -0.775674
v 0.092206 0.304905 -0.775674
v 0.102843 0.279227 -0.775674
v 0.106471 0.251670 -0.775674
v 0.102843 0.224113 -0.775674
v 0.092206 0.198435 -0.775674
v 0.075286 0.176384 -0.775674
v 0.053235 0.159464 -0.775674
v 0.027557 0.148827 -0.775674
v -0.000000 0.145199 -0.775674
v -0.027557 0.148827 -0.775674
v -0.053235 0.159464 -0.775674
v -0.075286 0.176384 -0.775674
v -0.092206 0.198435 -0.775674
v -0.102843 0.224113 -0.775674
v -0.106470 0.251670 -0.775674
v -0.102843 0.279227 -0.775674
v -0.092206 0.304905 -0.775674
v -0.075286 0.326956 -0.775674
v -0.053235 0.343876 -0.775674
v -0.027557 0.354513 -0.775674
v -0.023897 0.164814 -0.282777
v -0.023897 0.165127 -0.314881
v -0.023897 0.165124 -0.412055
v -0.023897 0.165124 -0.444194
v -0.023897 0.165124 -0.541368
v -0.023897 0.165124 -0.573507
v -0.023897 0.165120 -0.670682
v -0.023897 0.164643 -0.702864
v -0.046166 0.173791 -0.280348
v -0.046166 0.174078 -0.312555
v -0.046166 0.174075 -0.409624
v -0.046166 0.174075 -0.441868
v -0.046166 0.174075 -0.538937
v -0.046166 0.174075 -0.571182
v -0.046166 0.174071 -0.668250
v -0.046166 0.173653 -0.700542
v -0.065288 0.188075 -0.276492
v -0.065288 0.188317 -0.308845
v -0.065288 0.188314 -0.405767
v -0.065288 0.188314 -0.438159
v -0.065288 0.188314 -0.535080
v -0.065288 0.188314 -0.567472
v -0.065288 0.188310 -0.664393
v -0.065288 0.187981 -0.696831
v -0.079961 0.206695 -0.271482
v -0.079961 0.206874 -0.303990
v -0.079961 0.206870 -0.400761
v -0.079961 0.206870 -0.433304
v -0.079961 0.206870 -0.530074
v -0.079961 0.206870 -0.562617
v -0.079961 0.206867 -0.659387
v -0.079961 0.206645 -0.691966
v -0.089185 0.228386 -0.265671
v -0.089185 0.228483 -0.298305
v -0.089185 0.228480 -0.394962
v -0.089185 0.228480 -0.427618
v -0.089185 0.228480 -0.524276
v -0.089185 0.228480 -0.556932
v -0.089185 0.228477 -0.653589
v -0.089185 0.228368 -0.686263
v -0.092331 0.251673 -0.259470
v -0.092331 0.251673 -0.292164
v -0.092331 0.251670 -0.388780
v -0.092331 0.251670 -0.421478
v -0.092331 0.251670 -0.518093
v -0.092331 0.251670 -0.550791
v -0.092331 0.251667 -0.647406
v -0.092331 0.251667 -0.680101
v -0.089185 0.274972 -0.253307
v -0.089185 0.274863 -0.285982
v -0.089185 0.274860 -0.382639
v -0.089185 0.274860 -0.415295
v -0.089185 0.274860 -0.511952
v -0.089185 0.274860 -0.544608
v -0.089185 0.274857 -0.641266
v -0.089185 0.274954 -0.673899
v -0.079961 0.296695 -0.247604
v -0.079961 0.296473 -0.280183
v -0.079961 0.296470 -0.376954
v -0.079961 0.296470 -0.409497
v -0.079961 0.296470 -0.506267
v -0.079961 0.296470 -0.538810
v -0.079961 0.296466 -0.635580
v -0.079961 0.296645 -0.668089
v -0.065288 0.315359 -0.242739
v -0.065288 0.315030 -0.275177
v -0.065288 0.315026 -0.372099
v -0.065288 0.315026 -0.404491
v -0.065288 0.315026 -0.501412
v -0.065288 0.315026 -0.533804
v -0.065288 0.315023 -0.630725
v -0.065288 0.315265 -0.663079
v -0.046166 0.329687 -0.239029
v -0.046166 0.329269 -0.271320
v -0.046166 0.329265 -0.368389
v -0.046166 0.329265 -0.400634
v -0.046166 0.329265 -0.497702
v -0.046166 0.329265 -0.529947
v -0.046166 0.329262 -0.627016
v -0.046166 0.329549 -0.659222
v 0.000000 0.341273 -0.268059
v 0.000000 0.341770 -0.235916
v -0.023897 0.338697 -0.236706
v -0.023897 0.338220 -0.268889
v 0.000000 0.341269 -0.397372
v 0.000000 0.341269 -0.365271
v -0.023897 0.338216 -0.366063
v -0.023897 0.338216 -0.398203
v 0.000000 0.341269 -0.526685
v 0.000000 0.341269 -0.494585
v -0.023897 0.338216 -0.495377
v -0.023897 0.338216 -0.527516
v 0.000000 0.341588 -0.655965
v 0.000000 0.341266 -0.623898
v -0.023897 0.338213 -0.624690
v -0.023897 0.338526 -0.656794
v 0.000000 0.354990 -0.617794
v 0.000000 0.355361 -0.654771
v 0.000000 0.354990 -0.488481
v 0.000000 0.354990 -0.525498
v 0.000000 0.354990 -0.359168
v 0.000000 0.354990 -0.396184
v 0.000000 0.355564 -0.229806
v 0.000000 0.354990 -0.266871
v 0.027557 0.351470 -0.267829
v 0.027557 0.352020 -0.230717
v 0.027557 0.351469 -0.397142
v 0.027557 0.351469 -0.360081
v 0.027557 0.351469 -0.526455
v 0.027557 0.351469 -0.489394
v 0.027557 0.351831 -0.655728
v 0.027557 0.351469 -0.618708
v 0.053235 0.341148 -0.270632
v 0.053235 0.341630 -0.233395
v 0.053235 0.341148 -0.399945
v 0.053235 0.341148 -0.362763
v 0.053235 0.341148 -0.529259
v 0.053235 0.341148 -0.492076
v 0.053235 0.341478 -0.658528
v 0.053235 0.341148 -0.621389
v 0.075286 0.324728 -0.275080
v 0.075286 0.325108 -0.237674
v 0.075286 0.324728 -0.404393
v 0.075286 0.324728 -0.367040
v 0.075286 0.324728 -0.533706
v 0.075286 0.324728 -0.496354
v 0.075286 0.325007 -0.662975
v 0.075286 0.324728 -0.625667
v 0.092206 0.303330 -0.280852
v 0.092206 0.303586 -0.243284
v 0.092206 0.303330 -0.410166
v 0.092206 0.303330 -0.372639
v 0.092206 0.303330 -0.539479
v 0.092206 0.303330 -0.501952
v 0.092206 0.303536 -0.668752
v 0.092206 0.303330 -0.631266
v 0.102843 0.278411 -0.287538
v 0.102843 0.278537 -0.249861
v 0.102843 0.278411 -0.416852
v 0.102843 0.278411 -0.379195
v 0.102843 0.278411 -0.546165
v 0.102843 0.278411 -0.508508
v 0.102843 0.278524 -0.675452
v 0.102843 0.278411 -0.637822
v 0.106471 0.251670 -0.294668
v 0.106471 0.251670 -0.256967
v 0.106471 0.251670 -0.423981
v 0.106471 0.251670 -0.386276
v 0.106471 0.251670 -0.553294
v 0.106471 0.251670 -0.515589
v 0.106471 0.251670 -0.682604
v 0.106471 0.251670 -0.644903
v 0.102843 0.224929 -0.301749
v 0.102843 0.224816 -0.264118
v 0.102843 0.224929 -0.431062
v 0.102843 0.224929 -0.393406
v 0.102843 0.224929 -0.560376
v 0.102843 0.224929 -0.522719
v 0.102843 0.224803 -0.689710
v 0.102843 0.224929 -0.652032
v 0.092206 0.200010 -0.308305
v 0.092206 0.199804 -0.270818
v 0.092206 0.200010 -0.437618
v 0.092206 0.200010 -0.400092
v 0.092206 0.200010 -0.566932
v 0.092206 0.200010 -0.529405
v 0.092206 0.199754 -0.696286
v 0.092206 0.200010 -0.658718
v 0.075286 0.178612 -0.313904
v 0.075286 0.178333 -0.276596
v 0.075286 0.178612 -0.443217
v 0.075286 0.178612 -0.405864
v 0.075286 0.178612 -0.572530
v 0.075286 0.178612 -0.535178
v 0.075286 0.178232 -0.701896
v 0.075286 0.178612 -0.664491
v 0.053235 0.162192 -0.318181
v 0.053235 0.161862 -0.281042
v 0.053235 0.162192 -0.447495
v 0.053235 0.162192 -0.410312
v 0.053235 0.162192 -0.576808
v 0.053235 0.162192 -0.539625
v 0.053235 0.161710 -0.706175
v 0.053235 0.162192 -0.668939
v 0.027557 0.151870 -0.320863
v 0.027557 0.151509 -0.283843
v 0.027557 0.151870 -0.450176
v 0.027557 0.151870 -0.413115
v 0.027557 0.151870 -0.579490
v 0.027557 0.151870 -0.542429
v 0.027557 0.151320 -0.708853
v 0.027557 0.151870 -0.671742
v -0.000000 0.148350 -0.321776
v -0.000000 0.147979 -0.284799
v -0.000000 0.148350 -0.451090
v -0.000000 0.148350 -0.414073
v -0.000000 0.148350 -0.580403
v -0.000000 0.148350 -0.543386
v -0.000000 0.147776 -0.709764
v -0.000000 0.148350 -0.672700
v -0.027557 0.151870 -0.320863
v -0.027557 0.151509 -0.283843
v -0.027557 0.151870 -0.450176
v -0.027557 0.151870 -0.413115
v -0.027557 0.151870 -0.579490
v -0.027557 0.151870 -0.542429
v -0.027557 0.151320 -0.708853
v -0.027557 0.151870 -0.671742
v -0.053235 0.162192 -0.318181
v -0.053235 0.161862 -0.281042
v -0.053235 0.162192 -0.447495
v -0.053235 0.162192 -0.410312
v -0.053235 0.162192 -0.576808
v -0.053235 0.162192 -0.539625
v -0.053235 0.161710 -0.706175
v -0.053235 0.162192 -0.668939
v -0.075286 0.178612 -0.313904
v -0.075286 0.178333 -0.276596
v -0.075286 0.178612 -0.443217
v -0.075286 0.178612 -0.405864
v -0.075286 0.178612 -0.572530
v -0.075286 0.178612 -0.535178
v -0.075286 0.178232 -0.701896
v -0.075286 0.178612 -0.664491
v -0.092206 0.200010 -0.308305
v -0.092206 0.199804 -0.270818
v -0.092206 0.200010 -0.437618
v -0.092206 0.200010 -0.400092
v -0.092206 0.200010 -0.566932
v -0.092206 0.200010 -0.529405
v -0.092206 0.199754 -0.696286
v -0.092206 0.200010 -0.658718
v -0.102843 0.224929 -0.301749
v -0.102843 0.224816 -0.264118
v -0.102843 0.224929 -0.431062
v -0.102843 0.224929 -0.393406
v -0.102843 0.224929 -0.560376
v -0.102843 0.224929 -0.522719
v -0.102843 0.224803 -0.689710
v -0.102843 0.224929 -0.652032
v -0.106470 0.251670 -0.294668
v -0.106470 0.251670 -0.256967
v -0.106470 0.251670 -0.423981
v -0.106470 0.251670 -0.386276
v -0.106470 0.251670 -0.553294
v -0.106470 0.251670 -0.515589
v -0.106470 0.251670 -0.682604
v -0.106470 0.251670 -0.644903
v -0.102843 0.278411 -0.287538
v -0.102843 0.278537 -0.249861
v -0.102843 0.278411 -0.416852
v -0.102843 0.278411 -0.379195
v -0.102843 0.278411 -0.546165
v -0.102843 0.278411 -0.508508
v -0.102843 0.278524 -0.675452
v -0.102843 0.278411 -0.637822
v -0.092206 0.303330 -0.280852
v -0.092206 0.303586 -0.243284
v -0.092206 0.303330 -0.410166
v -0.092206 0.303330 -0.372639
v -0.092206 0.303330 -0.539479
v -0.092206 0.303330 -0.501952
v -0.092206 0.303536 -0.668752
v -0.092206 0.303330 -0.631266
v -0.075286 0.324728 -0.275080
v -0.075286 0.325108 -0.237674
v -0.075286 0.324728 -0.404393
v -0.075286 0.324728 -0.367040
v -0.075286 0.324728 -0.533706
v -0.075286 0.324728 -0.496354
v -0.075286 0.325007 -0.662975
v -0.075286 0.324728 -0.625667
v -0.053235 0.341148 -0.270632
v -0.053235 0.341630 -0.233395
v -0.053235 0.341148 -0.399945
v -0.053235 0.341148 -0.362763
v -0.053235 0.341148 -0.529259
v -0.053235 0.341148 -0.492076
v -0.053235 0.341478 -0.658528
v -0.053235 0.341148 -0.621389
v -0.027557 0.351470 -0.267829
v -0.027557 0.352020 -0.230717
v -0.027557 0.351469 -0.397142
v -0.027557 0.351469 -0.360081
v -0.027557 0.351469 -0.526455
v -0.027557 0.351469 -0.489394
v -0.027557 0.351831 -0.655728
v -0.027557 0.351469 -0.618708
v 0.000000 0.161570 -0.703655
v 0.000000 0.162067 -0.671512
v -0.000000 0.162071 -0.574299
v -0.000000 0.162071 -0.542198
v 0.000000 0.162071 -0.444986
v 0.000000 0.162071 -0.412885
v 0.000000 0.162074 -0.315673
v 0.000000 0.161752 -0.283606
v 0.023897 0.164643 -0.702864
v 0.023897 0.165120 -0.670682
v 0.023897 0.165124 -0.573507
v 0.023897 0.165124 -0.541368
v 0.023897 0.165124 -0.444194
v 0.023897 0.165124 -0.412055
v 0.023897 0.165127 -0.314881
v 0.023897 0.164814 -0.282777
v 0.046166 0.173653 -0.700542
v 0.046166 0.174071 -0.668250
v 0.046166 0.174075 -0.571182
v 0.046166 0.174075 -0.538937
v 0.046166 0.174075 -0.441868
v 0.046166 0.174075 -0.409624
v 0.046166 0.174078 -0.312555
v 0.046166 0.173791 -0.280348
v 0.065288 0.187981 -0.696831
v 0.065288 0.188310 -0.664393
v 0.065288 0.188314 -0.567472
v 0.065288 0.188314 -0.535080
v 0.065288 0.188314 -0.438159
v 0.065288 0.188314 -0.405767
v 0.065288 0.188317 -0.308845
v 0.065288 0.188075 -0.276492
v 0.079961 0.206645 -0.691966
v 0.079961 0.206867 -0.659387
v 0.079961 0.206870 -0.562617
v 0.079961 0.206870 -0.530074
v 0.079961 0.206870 -0.433304
v 0.079961 0.206870 -0.400761
v 0.079961 0.206874 -0.303990
v 0.079961 0.206695 -0.271482
v 0.089185 0.228368 -0.686263
v 0.089185 0.228477 -0.653589
v 0.089185 0.228480 -0.556932
v 0.089185 0.228480 -0.524276
v 0.089185 0.228480 -0.427618
v 0.089185 0.228480 -0.394962
v 0.089185 0.228483 -0.298305
v 0.089185 0.228386 -0.265671
v 0.092331 0.251667 -0.680101
v 0.092331 0.251667 -0.647406
v 0.092331 0.251670 -0.550791
v 0.092331 0.251670 -0.518093
v 0.092331 0.251670 -0.421478
v 0.092331 0.251670 -0.388780
v 0.092331 0.251673 -0.292164
v 0.092331 0.251673 -0.259470
v 0.089185 0.274954 -0.673899
v 0.089185 0.274857 -0.641266
v 0.089185 0.274860 -0.544608
v 0.089185 0.274860 -0.511952
v 0.089185 0.274860 -0.415295
v 0.089185 0.274860 -0.382639
v 0.089185 0.274863 -0.285982
v 0.089185 0.274972 -0.253307
v 0.079961 0.296645 -0.668089
v 0.079961 0.296466 -0.635580
v 0.079961 0.296470 -0.538810
v 0.079961 0.296470 -0.506267
v 0.079961 0.296470 -0.409497
v 0.079961 0.296470 -0.376954
v 0.079961 0.296473 -0.280183
v 0.079961 0.296695 -0.247604
v 0.065288 0.315265 -0.663079
v 0.065288 0.315023 -0.630725
v 0.065288 0.315026 -0.533804
v 0.065288 0.315026 -0.501412
v 0.065288 0.315026 -0.404491
v 0.065288 0.315026 -0.372099
v 0.065288 0.315030 -0.275177
v 0.065288 0.315359 -0.242739
v 0.046166 0.329549 -0.659222
v 0.046166 0.329262 -0.627016
v 0.046166 0.329265 -0.529947
v 0.046166 0.329265 -0.497702
v 0.046166 0.329265 -0.400634
v 0.046166 0.329265 -0.368389
v 0.046166 0.329269 -0.271320
v 0.046166 0.329687 -0.239029
v 0.023897 0.338526 -0.656794
v 0.023897 0.338213 -0.624690
v 0.023897 0.338216 -0.527516
v 0.023897 0.338216 -0.495377
v 0.023897 0.338216 -0.398203
v 0.023897 0.338216 -0.366063
v 0.023897 0.338220 -0.268889
v 0.023897 0.338697 -0.236706
v 0.000000 0.322559 -0.893565
v 0.018347 0.320143 -0.893565
v 0.035445 0.313062 -0.893565
v 0.050126 0.301796 -0.893565
v 0.061392 0.287114 -0.893565
v 0.068474 0.270017 -0.893565
v 0.070889 0.251670 -0.893565
v 0.068474 0.233323 -0.893565
v 0.061392 0.216225 -0.893565
v 0.050126 0.201544 -0.893565
v 0.035445 0.190278 -0.893565
v 0.018347 0.183196 -0.893565
v 0.000000 0.180781 -0.893565
v -0.018347 0.183196 -0.893565
v -0.035445 0.190278 -0.893565
v -0.050126 0.201544 -0.893565
v -0.061392 0.216225 -0.893565
v -0.068474 0.233323 -0.893565
v -0.070889 0.251670 -0.893565
v -0.068474 0.270017 -0.893565
v -0.061392 0.287114 -0.893565
v -0.050126 0.301796 -0.893565
v -0.035445 0.313062 -0.893565
v -0.018347 0.320143 -0.893565
v 0.000000 0.350206 -0.893565
v 0.025503 0.346849 -0.893565
v 0.049268 0.337005 -0.893565
v 0.069676 0.321346 -0.893565
v 0.085335 0.300938 -0.893565
v 0.095179 0.277173 -0.893565
v 0.098536 0.251670 -0.893565
v 0.095179 0.226167 -0.893565
v 0.085335 0.202402 -0.893565
v 0.069676 0.181994 -0.893565
v 0.049268 0.166335 -0.893565
v 0.025503 0.156491 -0.893565
v 0.000000 0.153134 -0.893565
v -0.025503 0.156491 -0.893565
v -0.049268 0.166335 -0.893565
v -0.069676 0.181994 -0.893565
v -0.085335 0.202402 -0.893565
v -0.095179 0.226167 -0.893565
v -0.098536 0.251670 -0.893565
v -0.095179 0.277173 -0.893565
v -0.085335 0.300938 -0.893565
v -0.069676 0.321346 -0.893565
v -0.049268 0.337005 -0.893565
v -0.025503 0.346849 -0.893565
v 0.000000 0.322559 -0.829659
v 0.018348 0.320143 -0.829659
v 0.035445 0.313062 -0.829659
v 0.050126 0.301796 -0.829659
v 0.061392 0.287114 -0.829659
v 0.068474 0.270017 -0.829659
v 0.070889 0.251670 -0.829659
v 0.068474 0.233323 -0.829659
v 0.061392 0.216225 -0.829659
v 0.050126 0.201544 -0.829659
v 0.035445 0.190278 -0.829659
v 0.018348 0.183196 -0.829659
v 0.000000 0.180781 -0.829659
v -0.018347 0.183196 -0.829659
v -0.035444 0.190278 -0.829659
v -0.050126 0.201544 -0.829659
v -0.061392 0.216225 -0.829659
v -0.068474 0.233323 -0.829659
v -0.070889 0.251670 -0.829659
v -0.068474 0.270017 -0.829659
v -0.061392 0.287114 -0.829659
v -0.050126 0.301796 -0.829659
v -0.035444 0.313062 -0.829659
v -0.018347 0.320143 -0.829659
vt 0.084975 0.873866
vt 0.053417 0.860595
vt 0.086394 0.860521
vt 0.977584 0.125527
vt 0.933126 0.112090
vt 0.979004 0.112187
vt 0.935475 0.100153
vt 0.981268 0.100249
vt 0.897603 0.980514
vt 0.853026 0.980143
vt 0.897235 0.968536
vt 0.852893 0.966734
vt 0.897039 0.955144
vt 0.852914 0.952834
vt 0.897037 0.941249
vt 0.853084 0.939389
vt 0.897230 0.927798
vt 0.853394 0.927315
vt 0.897603 0.915708
vt 0.005755 0.850105
vt 0.049214 0.858475
vt 0.003456 0.860006
vt 0.047659 0.870540
vt 0.001816 0.872074
vt 0.046858 0.883951
vt 0.000955 0.885486
vt 0.046862 0.897793
vt 0.000937 0.899329
vt 0.001765 0.912659
vt 0.047668 0.911124
vt 0.003381 0.924567
vt 0.049223 0.923034
vt 0.005669 0.934242
vt 0.922605 0.396773
vt 0.966364 0.398804
vt 0.966815 0.408711
vt 0.922237 0.386889
vt 0.966075 0.386711
vt 0.922010 0.374814
vt 0.965976 0.373259
vt 0.921934 0.361368
vt 0.966075 0.359365
vt 0.922010 0.347467
vt 0.966364 0.345975
vt 0.922237 0.334060
vt 0.966815 0.333999
vt 0.935475 0.174519
vt 0.979004 0.164772
vt 0.981268 0.174616
vt 0.805757 0.828571
vt 0.771713 0.744051
vt 0.859913 0.755293
vt 0.933126 0.164675
vt 0.977584 0.152747
vt 0.084493 0.887702
vt 0.053331 0.873959
vt 0.851518 0.603067
vt 0.865011 0.588753
vt 0.863492 0.603170
vt 0.822179 0.305491
vt 0.835501 0.261075
vt 0.835557 0.305417
vt 0.810123 0.261277
vt 0.810178 0.305618
vt 0.075352 0.680867
vt 0.085072 0.725372
vt 0.075265 0.725209
vt 0.063351 0.680741
vt 0.063264 0.725084
vt 0.049974 0.680663
vt 0.049886 0.725005
vt 0.036044 0.724979
vt 0.022768 0.680663
vt 0.022680 0.725005
vt 0.010793 0.680741
vt 0.010706 0.725084
vt 0.001024 0.680867
vt 0.000937 0.725209
vt 0.527126 0.712817
vt 0.536838 0.757407
vt 0.527126 0.757150
vt 0.515192 0.712634
vt 0.515192 0.756966
vt 0.501850 0.712538
vt 0.501850 0.756870
vt 0.488008 0.712535
vt 0.488008 0.756867
vt 0.474610 0.712626
vt 0.474610 0.756958
vt 0.462569 0.712804
vt 0.462569 0.757136
vt 0.452705 0.713058
vt 0.452705 0.757390
vt 0.863492 0.647512
vt 0.876856 0.647565
vt 0.876856 0.603223
vt 0.890698 0.647566
vt 0.890698 0.603223
vt 0.904076 0.647513
vt 0.904076 0.603171
vt 0.916077 0.647412
vt 0.916077 0.603069
vt 0.862707 0.261100
vt 0.874737 0.305540
vt 0.862763 0.305442
vt 0.849344 0.261058
vt 0.849399 0.305400
vt 0.700477 0.954884
vt 0.655022 0.940952
vt 0.700960 0.941049
vt 0.974091 0.762581
vt 0.928637 0.748650
vt 0.974575 0.748747
vt 0.977100 0.139362
vt 0.931646 0.125430
vt 0.053331 0.901179
vt 0.084975 0.901086
vt 0.214891 0.965892
vt 0.230437 0.954338
vt 0.230875 0.965945
vt 0.810204 0.202962
vt 0.822124 0.261150
vt 0.656503 0.980197
vt 0.700960 0.968269
vt 0.702380 0.980294
vt 0.930117 0.787894
vt 0.974575 0.775967
vt 0.975994 0.787991
vt 0.053417 0.913180
vt 0.086394 0.913106
vt 0.800371 0.205343
vt 0.800316 0.261448
vt 0.658852 0.990041
vt 0.704644 0.990138
vt 0.932466 0.797739
vt 0.978259 0.797835
vt 0.053556 0.922988
vt 0.088660 0.922944
vt 0.062780 0.627497
vt 0.925422 0.469764
vt 0.970001 0.469703
vt 0.969549 0.481678
vt 0.927508 0.212891
vt 0.972086 0.212829
vt 0.971635 0.224805
vt 0.146620 0.883734
vt 0.182003 0.873268
vt 0.184487 0.885054
vt 0.049725 0.630755
vt 0.925196 0.483171
vt 0.969260 0.495069
vt 0.927281 0.226298
vt 0.971346 0.238195
vt 0.146331 0.897109
vt 0.187478 0.898176
vt 0.036223 0.634289
vt 0.036131 0.680636
vt 0.925120 0.497072
vt 0.969161 0.508963
vt 0.927205 0.240198
vt 0.971247 0.252090
vt 0.146087 0.910949
vt 0.190777 0.911738
vt 0.023192 0.637855
vt 0.925196 0.510517
vt 0.969260 0.522415
vt 0.927281 0.253644
vt 0.971346 0.265542
vt 0.145905 0.924311
vt 0.194161 0.924816
vt 0.011522 0.641209
vt 0.925422 0.522593
vt 0.969549 0.534507
vt 0.927508 0.265720
vt 0.971635 0.277634
vt 0.145795 0.936285
vt 0.197392 0.936521
vt 0.002009 0.644127
vt 0.925790 0.532477
vt 0.970001 0.544414
vt 0.927876 0.275604
vt 0.972086 0.287541
vt 0.145767 0.946055
vt 0.200245 0.946055
vt 0.526972 0.678245
vt 0.536838 0.713075
vt 0.941541 0.075394
vt 0.897987 0.086603
vt 0.895699 0.076927
vt 0.141689 0.946193
vt 0.098135 0.957402
vt 0.095847 0.947726
vt 0.929049 0.174573
vt 0.874332 0.184285
vt 0.872345 0.174547
vt 0.515021 0.679399
vt 0.939986 0.063484
vt 0.894083 0.065019
vt 0.140134 0.934283
vt 0.094231 0.935818
vt 0.929203 0.162639
vt 0.871101 0.162597
vt 0.501672 0.679757
vt 0.939180 0.050153
vt 0.893255 0.051689
vt 0.139328 0.920952
vt 0.093403 0.922489
vt 0.929266 0.149296
vt 0.870687 0.149249
vt 0.893273 0.037847
vt 0.093422 0.908646
vt 0.871133 0.135412
vt 0.487836 0.679300
vt 0.894134 0.024434
vt 0.939176 0.036311
vt 0.094283 0.895233
vt 0.139324 0.907110
vt 0.872407 0.122031
vt 0.929235 0.135454
vt 0.474455 0.678054
vt 0.895774 0.012366
vt 0.939976 0.022901
vt 0.095923 0.883165
vt 0.140125 0.893700
vt 0.874419 0.110016
vt 0.929111 0.122056
vt 0.462442 0.676097
vt 0.898073 0.002465
vt 0.941532 0.010835
vt 0.098222 0.873264
vt 0.141680 0.881634
vt 0.877025 0.100186
vt 0.928903 0.110016
vt 0.852169 0.686944
vt 0.851518 0.647410
vt 0.586453 0.931038
vt 0.542617 0.930555
vt 0.586827 0.918948
vt 0.850646 0.927798
vt 0.806810 0.927315
vt 0.851019 0.915708
vt 0.461275 0.185430
vt 0.509587 0.197119
vt 0.457990 0.197119
vt 0.863832 0.690321
vt 0.586260 0.944489
vt 0.542307 0.942628
vt 0.850453 0.941249
vt 0.806499 0.939389
vt 0.464717 0.172367
vt 0.509532 0.185145
vt 0.876856 0.693912
vt 0.586263 0.958384
vt 0.542137 0.956073
vt 0.850455 0.955144
vt 0.806329 0.952834
vt 0.468079 0.158820
vt 0.509411 0.171782
vt 0.890351 0.697473
vt 0.586458 0.971776
vt 0.542117 0.969974
vt 0.850651 0.968536
vt 0.806309 0.966734
vt 0.471129 0.145712
vt 0.509230 0.157940
vt 0.903400 0.700756
vt 0.586827 0.983754
vt 0.542249 0.983382
vt 0.851019 0.980514
vt 0.806442 0.980143
vt 0.473667 0.133937
vt 0.509002 0.144565
vt 0.874737 0.205094
vt 0.874682 0.261198
vt 0.702380 0.927709
vt 0.658852 0.915675
vt 0.704644 0.915771
vt 0.975994 0.735406
vt 0.932466 0.723372
vt 0.978259 0.723469
vt 0.053556 0.848621
vt 0.088660 0.848577
vt 0.862789 0.202785
vt 0.656503 0.927612
vt 0.930117 0.735309
vt 0.822221 0.201442
vt 0.655022 0.968172
vt 0.928637 0.775870
vt 0.931646 0.152650
vt 0.783651 0.021392
vt 0.784027 0.035832
vt 0.778024 0.025382
vt 0.447156 0.746794
vt 0.434606 0.754195
vt 0.440610 0.743773
vt 0.587766 0.712286
vt 0.600658 0.719523
vt 0.588653 0.719529
vt 0.738941 0.306458
vt 0.751824 0.299153
vt 0.752784 0.306469
vt 0.545700 0.744640
vt 0.558175 0.737166
vt 0.552173 0.747585
vt 0.093403 0.704742
vt 0.100426 0.717449
vt 0.093403 0.718699
vt 0.703792 0.393412
vt 0.703346 0.378933
vt 0.709347 0.389358
vt 0.709295 0.011467
vt 0.705055 0.025297
vt 0.699508 0.021295
vt 0.732507 0.563644
vt 0.743217 0.553756
vt 0.745880 0.560062
vt 0.756081 0.796353
vt 0.752650 0.782279
vt 0.759665 0.782946
vt 0.152904 0.658589
vt 0.163622 0.668428
vt 0.152025 0.665321
vt 0.636759 0.732583
vt 0.622650 0.728633
vt 0.626970 0.722785
vt 0.194978 0.691040
vt 0.191619 0.705147
vt 0.188512 0.693463
vt 0.790574 0.074180
vt 0.778024 0.081582
vt 0.784027 0.071160
vt 0.391240 0.779116
vt 0.404123 0.771813
vt 0.405083 0.779128
vt 0.658100 0.755732
vt 0.670575 0.748260
vt 0.664573 0.758679
vt 0.696874 0.274043
vt 0.709341 0.281470
vt 0.703795 0.286078
vt 0.552618 0.797349
vt 0.552172 0.782870
vt 0.558173 0.793295
vt 0.700167 0.723378
vt 0.713058 0.730617
vt 0.701053 0.730622
vt 0.125687 0.662259
vt 0.118025 0.674577
vt 0.113698 0.669262
vt 0.738938 0.413748
vt 0.751830 0.406984
vt 0.752781 0.413737
vt 0.774581 0.531231
vt 0.771214 0.517089
vt 0.778164 0.517780
vt 0.749159 0.743675
vt 0.735050 0.739727
vt 0.739370 0.733877
vt 0.778144 0.211499
vt 0.782307 0.225335
vt 0.773817 0.216795
vt 0.188056 0.744064
vt 0.174019 0.748024
vt 0.182509 0.739445
vt 0.734657 0.106503
vt 0.747541 0.099200
vt 0.748500 0.106514
vt 0.676592 0.490202
vt 0.689133 0.482715
vt 0.683130 0.493174
vt 0.349173 0.746701
vt 0.361640 0.754130
vt 0.356094 0.758736
vt 0.665019 0.808441
vt 0.664572 0.793964
vt 0.670573 0.804388
vt 0.703792 0.221250
vt 0.703338 0.235691
vt 0.696872 0.233289
vt 0.587764 0.817685
vt 0.600656 0.810921
vt 0.601607 0.817674
vt 0.787932 0.393352
vt 0.788316 0.378876
vt 0.794855 0.381325
vt 0.767658 0.478293
vt 0.753614 0.474283
vt 0.757869 0.468418
vt 0.430443 0.684157
vt 0.434606 0.697995
vt 0.426116 0.689455
vt 0.798441 0.260723
vt 0.788311 0.271113
vt 0.791419 0.259482
vt 0.125687 0.761053
vt 0.140019 0.757286
vt 0.139059 0.764636
vt 0.703795 0.328689
vt 0.717837 0.324724
vt 0.709349 0.333230
vt 0.692591 0.074088
vt 0.705058 0.081516
vt 0.699511 0.086123
vt 0.683514 0.543140
vt 0.683131 0.528608
vt 0.689134 0.539082
vt 0.356091 0.693908
vt 0.355637 0.708352
vt 0.349171 0.705948
vt 0.700164 0.828777
vt 0.713056 0.822015
vt 0.714007 0.828766
vt 0.636758 0.797289
vt 0.637142 0.782813
vt 0.643681 0.785261
vt 0.794855 0.340650
vt 0.782314 0.333193
vt 0.787933 0.328646
vt 0.773861 0.011544
vt 0.769534 0.016841
vt 0.450740 0.733381
vt 0.443718 0.732142
vt 0.766156 0.302889
vt 0.763420 0.296048
vt 0.552621 0.732625
vt 0.566663 0.728660
vt 0.103533 0.729135
vt 0.096986 0.732175
vt 0.696872 0.381391
vt 0.700240 0.367307
vt 0.699054 0.035738
vt 0.692588 0.033334
vt 0.719615 0.556843
vt 0.731621 0.556863
vt 0.749159 0.808381
vt 0.749542 0.793906
vt 0.643681 0.744586
vt 0.631140 0.737130
vt 0.188056 0.678969
vt 0.182509 0.682995
vt 0.794158 0.060768
vt 0.787135 0.059529
vt 0.418454 0.775547
vt 0.415719 0.768708
vt 0.665021 0.743717
vt 0.679063 0.739754
vt 0.717829 0.289991
vt 0.713583 0.295904
vt 0.545698 0.785327
vt 0.549066 0.771243
vt 0.109536 0.683153
vt 0.103909 0.679151
vt 0.728230 0.403884
vt 0.739825 0.406993
vt 0.767659 0.543284
vt 0.768107 0.528755
vt 0.756081 0.755679
vt 0.743539 0.748223
vt 0.766154 0.204527
vt 0.763419 0.210749
vt 0.194978 0.731960
vt 0.188512 0.728949
vt 0.761872 0.102933
vt 0.759137 0.096095
vt 0.683513 0.478142
vt 0.697621 0.474181
vt 0.370128 0.762651
vt 0.365881 0.768563
vt 0.658098 0.796420
vt 0.661466 0.782337
vt 0.700232 0.247337
vt 0.693291 0.246718
vt 0.577056 0.807821
vt 0.588651 0.810930
vt 0.778143 0.403178
vt 0.782313 0.389306
vt 0.774581 0.490377
vt 0.762104 0.482847
vt 0.418453 0.677186
vt 0.415718 0.683409
vt 0.798441 0.246828
vt 0.791419 0.247433
vt 0.152904 0.764606
vt 0.152025 0.757259
vt 0.713583 0.318880
vt 0.728232 0.318708
vt 0.713546 0.090038
vt 0.709299 0.095949
vt 0.676592 0.531062
vt 0.680024 0.516930
vt 0.352531 0.719997
vt 0.345589 0.719376
vt 0.689456 0.818915
vt 0.701051 0.822024
vt 0.626969 0.807115
vt 0.631139 0.793243
vt 0.798438 0.354044
vt 0.788317 0.343603
vt 0.761870 0.004572
vt 0.759136 0.010796
vt 0.450740 0.719487
vt 0.443718 0.720093
vt 0.778145 0.295960
vt 0.773818 0.290039
vt 0.562409 0.722816
vt 0.577058 0.722645
vt 0.109536 0.739606
vt 0.103908 0.744249
vt 0.693291 0.367984
vt 0.700240 0.355272
vt 0.695948 0.047383
vt 0.689007 0.046763
vt 0.718664 0.563621
vt 0.708019 0.553697
vt 0.739369 0.818207
vt 0.743539 0.804336
vt 0.647264 0.757981
vt 0.637143 0.747539
vt 0.178266 0.669123
vt 0.174019 0.674456
vt 0.738938 0.200892
vt 0.728222 0.210707
vt 0.725567 0.204478
vt 0.794158 0.046873
vt 0.787135 0.047479
vt 0.849441 0.201351
vt 0.589120 0.964474
vt 0.604686 0.952900
vt 0.605124 0.964508
vt 0.951947 0.961235
vt 0.967512 0.949660
vt 0.967951 0.961268
vt 0.515766 0.648976
vt 0.531357 0.637371
vt 0.531796 0.648979
vt 0.216122 0.976319
vt 0.232157 0.976372
vt 0.590351 0.974902
vt 0.606408 0.974936
vt 0.953178 0.971662
vt 0.969234 0.971696
vt 0.516996 0.659400
vt 0.533079 0.659407
vt 0.218085 0.984856
vt 0.234194 0.984906
vt 0.592315 0.983439
vt 0.608445 0.983473
vt 0.955141 0.980199
vt 0.971271 0.980233
vt 0.518961 0.667931
vt 0.535116 0.667944
vt 0.972200 0.468151
vt 0.988173 0.461842
vt 0.987854 0.472278
vt 0.254581 0.930751
vt 0.270545 0.924570
vt 0.270226 0.934975
vt 0.236405 0.930751
vt 0.252370 0.924570
vt 0.252051 0.934975
vt 0.971200 0.599095
vt 0.987153 0.593026
vt 0.986834 0.603430
vt 0.971955 0.479763
vt 0.987659 0.483945
vt 0.254330 0.942363
vt 0.270030 0.946602
vt 0.236155 0.942363
vt 0.251854 0.946602
vt 0.970944 0.610764
vt 0.986638 0.615057
vt 0.971875 0.491812
vt 0.987595 0.496049
vt 0.254244 0.954412
vt 0.269964 0.958656
vt 0.236069 0.954412
vt 0.251788 0.958656
vt 0.970854 0.622868
vt 0.986572 0.627112
vt 0.971967 0.503478
vt 0.987663 0.507764
vt 0.254330 0.966078
vt 0.270030 0.970316
vt 0.236155 0.966077
vt 0.251854 0.970316
vt 0.970937 0.634582
vt 0.986638 0.638772
vt 0.972223 0.513964
vt 0.987859 0.518292
vt 0.254581 0.976564
vt 0.270226 0.980788
vt 0.236405 0.976564
vt 0.252051 0.980788
vt 0.971183 0.645109
vt 0.986834 0.649244
vt 0.972619 0.522555
vt 0.988173 0.526915
vt 0.254972 0.985155
vt 0.270545 0.989360
vt 0.236797 0.985155
vt 0.252370 0.989360
vt 0.971568 0.653731
vt 0.987153 0.657815
vt 0.205412 0.831087
vt 0.191270 0.840054
vt 0.189352 0.831669
vt 0.745803 0.895227
vt 0.731679 0.904171
vt 0.729759 0.895780
vt 0.522426 0.950803
vt 0.508302 0.959747
vt 0.506383 0.951357
vt 0.986805 0.386645
vt 0.972696 0.395569
vt 0.970776 0.387179
vt 0.204000 0.820762
vt 0.187995 0.821346
vt 0.744391 0.884902
vt 0.728400 0.885453
vt 0.521015 0.940478
vt 0.505023 0.941029
vt 0.985395 0.376322
vt 0.969416 0.376851
vt 0.203271 0.809203
vt 0.187285 0.809788
vt 0.743662 0.873343
vt 0.727689 0.873894
vt 0.520285 0.928919
vt 0.504312 0.929470
vt 0.984665 0.364764
vt 0.968705 0.365292
vt 0.187268 0.797783
vt 0.203274 0.797198
vt 0.727674 0.861890
vt 0.743665 0.861338
vt 0.504297 0.917466
vt 0.520288 0.916915
vt 0.968690 0.353288
vt 0.984668 0.352759
vt 0.187948 0.786149
vt 0.204009 0.785566
vt 0.728356 0.850259
vt 0.744400 0.849706
vt 0.504979 0.905836
vt 0.521023 0.905282
vt 0.969372 0.341658
vt 0.985401 0.341125
vt 0.189285 0.775678
vt 0.205420 0.775099
vt 0.729694 0.839795
vt 0.745811 0.839239
vt 0.506317 0.895371
vt 0.522434 0.894816
vt 0.970709 0.331193
vt 0.986811 0.330654
vt 0.191198 0.767085
vt 0.207405 0.766511
vt 0.731604 0.831209
vt 0.747796 0.830651
vt 0.508227 0.886786
vt 0.524419 0.886227
vt 0.972619 0.322608
vt 0.988797 0.322062
vt 0.973617 0.919948
vt 0.989023 0.926235
vt 0.973303 0.930433
vt 0.933419 0.933970
vt 0.948832 0.940305
vt 0.933109 0.944455
vt 0.974423 0.205028
vt 0.989836 0.211363
vt 0.974113 0.215513
vt 0.971309 0.663735
vt 0.986728 0.670160
vt 0.971003 0.674261
vt 0.988889 0.937950
vt 0.973146 0.942098
vt 0.948700 0.951965
vt 0.932957 0.956120
vt 0.989704 0.223023
vt 0.973961 0.227178
vt 0.986596 0.681820
vt 0.970854 0.685975
vt 0.988885 0.950053
vt 0.973159 0.954147
vt 0.948698 0.964020
vt 0.932974 0.968170
vt 0.989702 0.235077
vt 0.973979 0.239227
vt 0.986593 0.693875
vt 0.970875 0.698079
vt 0.989015 0.961721
vt 0.973339 0.965761
vt 0.948828 0.975647
vt 0.933159 0.979783
vt 0.989832 0.246705
vt 0.974163 0.250840
vt 0.986724 0.705502
vt 0.971065 0.709748
vt 0.989277 0.972159
vt 0.973667 0.976148
vt 0.949088 0.986054
vt 0.933492 0.990170
vt 0.990092 0.257111
vt 0.974496 0.261228
vt 0.986984 0.715909
vt 0.971406 0.720188
vt 0.218085 0.920365
vt 0.232157 0.930770
vt 0.216122 0.930718
vt 0.592315 0.918948
vt 0.606408 0.929334
vt 0.590351 0.929300
vt 0.955141 0.915708
vt 0.969234 0.926094
vt 0.953178 0.926060
vt 0.518961 0.603440
vt 0.533079 0.613805
vt 0.516996 0.613798
vt 0.230875 0.942340
vt 0.214891 0.942286
vt 0.605124 0.940903
vt 0.589120 0.940869
vt 0.967951 0.937663
vt 0.951947 0.937629
vt 0.531796 0.625374
vt 0.515766 0.625371
vt 0.214471 0.954284
vt 0.588701 0.952866
vt 0.951527 0.949627
vt 0.515347 0.637369
vt 0.773824 0.324697
vt 0.778144 0.318849
vt 0.640250 0.771186
vt 0.647264 0.771854
vt 0.724652 0.818888
vt 0.727379 0.825161
vt 0.365878 0.684081
vt 0.361638 0.697911
vt 0.734654 0.000937
vt 0.747539 0.007658
vt 0.735534 0.007643
vt 0.693303 0.553008
vt 0.697623 0.547639
vt 0.689008 0.060663
vt 0.699056 0.071080
vt 0.696874 0.340703
vt 0.703347 0.343649
vt 0.113698 0.754099
vt 0.128422 0.754178
vt 0.794858 0.274135
vt 0.782307 0.281535
vt 0.440233 0.694005
vt 0.440610 0.708446
vt 0.743216 0.468218
vt 0.745879 0.461425
vt 0.738941 0.308350
vt 0.751832 0.315587
vt 0.739827 0.315592
vt 0.791424 0.367249
vt 0.798438 0.367917
vt 0.612252 0.807794
vt 0.614979 0.814068
vt 0.713579 0.211422
vt 0.709339 0.225251
vt 0.674806 0.818255
vt 0.679060 0.812899
vt 0.345590 0.733277
vt 0.355639 0.743693
vt 0.673009 0.503659
vt 0.680024 0.504844
vt 0.721286 0.102899
vt 0.735536 0.099190
vt 0.391237 0.673551
vt 0.404121 0.680272
vt 0.392116 0.680257
vt 0.178266 0.753956
vt 0.163622 0.754100
vt 0.787935 0.221347
vt 0.788311 0.235785
vt 0.724653 0.733722
vt 0.727381 0.726953
vt 0.771214 0.505005
vt 0.778164 0.503845
vt 0.763426 0.403858
vt 0.766153 0.410132
vt 0.139060 0.658619
vt 0.128423 0.668504
vt 0.705290 0.461350
vt 0.719614 0.465045
vt 0.708018 0.468154
vt 0.562405 0.807163
vt 0.566660 0.801805
vt 0.693291 0.260618
vt 0.703340 0.271033
vt 0.654518 0.769134
vt 0.661466 0.770302
vt 0.377869 0.775513
vt 0.392119 0.771803
vt 0.783651 0.086198
vt 0.769534 0.090086
vt 0.198561 0.704513
vt 0.191619 0.717250
vt 0.612253 0.722629
vt 0.614981 0.715861
vt 0.751822 0.207611
vt 0.739817 0.207597
vt 0.752650 0.770248
vt 0.759665 0.769073
vt 0.753614 0.547734
vt 0.757869 0.553118
vt 0.721283 0.004523
vt 0.713543 0.016775
vt 0.713579 0.403226
vt 0.717834 0.397869
vt 0.096987 0.691252
vt 0.100426 0.705345
vt 0.542117 0.758042
vt 0.549066 0.759208
vt 0.725570 0.302855
vt 0.739820 0.299143
vt 0.686796 0.726972
vt 0.689458 0.733738
vt 0.440234 0.758812
vt 0.426117 0.762699
vt 0.790574 0.033442
vt 0.763427 0.318692
vt 0.766155 0.311924
vt 0.166276 0.662172
vt 0.640250 0.759155
vt 0.735049 0.812858
vt 0.377865 0.677137
vt 0.370125 0.689389
vt 0.705292 0.559993
vt 0.695949 0.059438
vt 0.693291 0.354106
vt 0.118025 0.748147
vt 0.574396 0.715880
vt 0.787935 0.286153
vt 0.447157 0.706056
vt 0.731620 0.465067
vt 0.732506 0.457791
vt 0.748498 0.000954
vt 0.791424 0.355218
vt 0.622649 0.801764
vt 0.717826 0.216728
vt 0.686793 0.825191
vt 0.352531 0.732051
vt 0.673009 0.517596
vt 0.723941 0.096065
vt 0.714009 0.723372
vt 0.725570 0.311943
vt 0.166277 0.760963
vt 0.794858 0.233398
vt 0.140019 0.665347
vt 0.405080 0.673568
vt 0.768107 0.493326
vt 0.773823 0.397827
vt 0.601609 0.712280
vt 0.574393 0.814099
vt 0.700232 0.259391
vt 0.654517 0.783012
vt 0.380524 0.768679
vt 0.723938 0.010753
vt 0.693301 0.468300
vt 0.773861 0.096004
vt 0.198561 0.718470
vt 0.752783 0.308343
vt 0.752781 0.200909
vt 0.749543 0.758633
vt 0.762104 0.539207
vt 0.380521 0.683367
vt 0.725567 0.410163
vt 0.103533 0.693647
vt 0.542117 0.771920
vt 0.728225 0.296019
vt 0.718662 0.457766
vt 0.674809 0.733908
vt 0.430444 0.768618
vt 0.624092 0.418550
vt 0.655915 0.427767
vt 0.624092 0.427766
vt 0.836083 0.319843
vt 0.513652 0.771422
vt 0.501304 0.771333
vt 0.024171 0.739425
vt 0.812595 0.320029
vt 0.890190 0.588802
vt 0.476094 0.771414
vt 0.013089 0.739498
vt 0.004048 0.739614
vt 0.072838 0.739614
vt 0.061731 0.739498
vt 0.913678 0.588660
vt 0.464950 0.771579
vt 0.455821 0.771814
vt 0.524696 0.771591
vt 0.036539 0.739401
vt 0.823702 0.319912
vt 0.848893 0.319827
vt 0.877379 0.588802
vt 0.488493 0.771330
vt 0.803519 0.320188
vt 0.800371 0.305789
vt 0.902571 0.588754
vt 0.049350 0.739425
vt 0.872343 0.319957
vt 0.861261 0.319866
vt 0.878004 0.054031
vt 0.888132 0.068143
vt 0.875667 0.062943
vt 0.871151 0.070946
vt 0.881855 0.079268
vt 0.872979 0.088371
vt 0.864766 0.077495
vt 0.856945 0.082143
vt 0.862108 0.094832
vt 0.849983 0.098211
vt 0.848222 0.084574
vt 0.839191 0.084622
vt 0.837430 0.098278
vt 0.825305 0.095029
vt 0.830468 0.082285
vt 0.814433 0.088684
vt 0.822647 0.077720
vt 0.816261 0.071239
vt 0.805557 0.079676
vt 0.811746 0.063285
vt 0.799281 0.068619
vt 0.796032 0.056266
vt 0.809408 0.054398
vt 0.809408 0.045185
vt 0.796032 0.043460
vt 0.799281 0.031072
vt 0.811746 0.036273
vt 0.816261 0.028270
vt 0.805557 0.019948
vt 0.814434 0.010845
vt 0.822647 0.021721
vt 0.830468 0.017073
vt 0.825305 0.004384
vt 0.839191 0.014641
vt 0.837430 0.001004
vt 0.849983 0.000937
vt 0.848222 0.014593
vt 0.856945 0.016931
vt 0.862108 0.004187
vt 0.872979 0.010532
vt 0.864766 0.021496
vt 0.871152 0.027976
vt 0.881855 0.019540
vt 0.888132 0.030597
vt 0.875667 0.035931
vt 0.891381 0.042950
vt 0.878004 0.044818
vt 0.891381 0.055756
vt 0.276215 0.905108
vt 0.244254 0.918443
vt 0.216809 0.896811
vt 0.624154 0.184434
vt 0.656091 0.192444
vt 0.624275 0.192451
vt 0.658027 0.403096
vt 0.689925 0.395122
vt 0.689850 0.403095
vt 0.624127 0.409643
vt 0.655915 0.418551
vt 0.624092 0.175513
vt 0.655970 0.184427
vt 0.624154 0.157414
vt 0.655908 0.166291
vt 0.624092 0.166297
vt 0.918054 0.709906
vt 0.949810 0.701914
vt 0.949878 0.709905
vt 0.624195 0.401652
vt 0.655951 0.409644
vt 0.655908 0.175507
vt 0.624275 0.149468
vt 0.655970 0.157407
vt 0.917951 0.693008
vt 0.917987 0.701915
vt 0.656114 0.395123
vt 0.656018 0.401653
vt 0.624445 0.143001
vt 0.656091 0.149461
vt 0.917951 0.683792
vt 0.949775 0.693007
vt 0.658027 0.430117
vt 0.689925 0.438106
vt 0.658102 0.438107
vt 0.624195 0.444636
vt 0.656114 0.451141
vt 0.624291 0.451140
vt 0.917987 0.674894
vt 0.949775 0.683791
vt 0.657989 0.421210
vt 0.689850 0.430116
vt 0.624127 0.436664
vt 0.656018 0.444637
vt 0.918054 0.666922
vt 0.949810 0.674893
vt 0.657989 0.411993
vt 0.689811 0.421209
vt 0.655951 0.436665
vt 0.656261 0.199011
vt 0.624445 0.199018
vt 0.689811 0.411992
vt 0.853310 0.992143
vt 0.051427 0.848577
vt 0.051427 0.932712
vt 0.922605 0.322062
vt 0.863383 0.768627
vt 0.863383 0.782462
vt 0.859913 0.795855
vt 0.853209 0.807892
vt 0.843728 0.817755
vt 0.832116 0.824770
vt 0.819165 0.828459
vt 0.792806 0.825099
vt 0.781194 0.818279
vt 0.771713 0.808576
vt 0.765009 0.796651
vt 0.761539 0.783316
vt 0.761539 0.769481
vt 0.765009 0.756089
vt 0.781194 0.734189
vt 0.792806 0.727174
vt 0.805757 0.723485
vt 0.819165 0.723372
vt 0.832116 0.726844
vt 0.843728 0.733664
vt 0.853209 0.743368
vt 0.053301 0.887801
vt 0.853930 0.588658
vt 0.085159 0.681030
vt 0.654517 0.954787
vt 0.928131 0.762484
vt 0.931140 0.139265
vt 0.074501 0.624745
vt 0.925790 0.457766
vt 0.927876 0.200892
vt 0.146933 0.871736
vt 0.536711 0.676367
vt 0.943744 0.085072
vt 0.143893 0.955871
vt 0.928816 0.184285
vt 0.452614 0.673551
vt 0.943744 0.000937
vt 0.143893 0.871736
vt 0.928626 0.100153
vt 0.915115 0.703531
vt 0.542534 0.995383
vt 0.806726 0.992143
vt 0.508743 0.132565
vt 0.835605 0.200892
vt 0.972586 0.457766
vt 0.254972 0.920365
vt 0.236797 0.920365
vt 0.971600 0.588658
vt 0.207405 0.839475
vt 0.747796 0.903615
vt 0.524419 0.959192
vt 0.988797 0.395031
vt 0.989277 0.915708
vt 0.949088 0.929835
vt 0.990092 0.200892
vt 0.986984 0.659690
vt 0.234194 0.920415
vt 0.608445 0.918982
vt 0.971271 0.915742
vt 0.535116 0.603453
vt 0.533685 0.771829
vt 0.214471 0.887899
vt 0.214471 0.878686
vt 0.216809 0.869799
vt 0.221324 0.861845
vt 0.227710 0.855364
vt 0.235531 0.850800
vt 0.244254 0.848462
vt 0.253285 0.848510
vt 0.262008 0.850941
vt 0.280730 0.870141
vt 0.269829 0.855590
vt 0.276214 0.862138
vt 0.283067 0.879053
vt 0.283067 0.888266
vt 0.280730 0.897153
vt 0.269829 0.911588
vt 0.262008 0.916153
vt 0.253285 0.918491
vt 0.235531 0.916011
vt 0.227710 0.911363
vt 0.221324 0.904814
vt 0.658102 0.395123
vt 0.624291 0.395122
vt 0.656261 0.142995
vt 0.949878 0.666921
vn 0.2583 0.9654 -0.0359
vn 0.4973 0.8670 -0.0313
vn 0.5001 0.8655 -0.0268
vn 0.2569 0.9664 0.0000
vn 0.4795 0.8775 -0.0000
vn 0.4980 0.8672 -0.0000
vn 0.6854 0.7281 -0.0000
vn 0.7073 0.7070 -0.0000
vn 0.8496 0.5275 -0.0000
vn 0.8689 0.4949 -0.0000
vn 0.9580 0.2867 -0.0000
vn 0.9694 0.2455 -0.0000
vn 0.9998 0.0222 -0.0000
vn 0.9998 -0.0222 0.0000
vn 0.9694 -0.2455 0.0000
vn 0.9580 -0.2867 0.0000
vn 0.8689 -0.4949 0.0000
vn 0.8496 -0.5275 0.0000
vn 0.7073 -0.7070 0.0000
vn 0.6854 -0.7281 0.0000
vn 0.4980 -0.8672 0.0000
vn 0.4795 -0.8775 0.0000
vn 0.2569 -0.9664 0.0000
vn 0.2464 -0.9692 0.0000
vn -0.0000 -1.0000 0.0000
vn -0.2464 -0.9692 0.0000
vn -0.2569 -0.9664 0.0000
vn -0.4795 -0.8775 0.0000
vn -0.4980 -0.8672 0.0000
vn -0.6854 -0.7281 0.0000
vn -0.7073 -0.7070 0.0000
vn -0.8496 -0.5275 0.0000
vn -0.8689 -0.4949 0.0000
vn -0.9580 -0.2867 0.0000
vn -0.9694 -0.2455 0.0000
vn -0.9998 -0.0222 0.0000
vn -0.9998 0.0222 -0.0000
vn -0.9694 0.2455 -0.0000
vn -0.9580 0.2867 -0.0000
vn -0.8689 0.4949 -0.0000
vn -0.8496 0.5275 -0.0000
vn -0.7073 0.7070 -0.0000
vn -0.6854 0.7281 -0.0000
vn -0.4980 0.8672 -0.0000
vn -0.0000 0.0000 1.0000
vn -0.4795 0.8775 -0.0000
vn -0.2569 0.9664 -0.0000
vn -0.0000 0.9992 -0.0397
vn 0.2573 0.9656 -0.0386
vn 0.8350 -0.4821 -0.2652
vn 0.9313 -0.2496 -0.2652
vn -0.2588 0.9659 0.0000
vn -0.0000 0.9999 0.0112
vn -0.0000 1.0000 0.0000
vn -0.4993 0.8664 0.0083
vn -0.5000 0.8660 0.0000
vn -0.7064 0.7078 0.0055
vn -0.7071 0.7071 0.0000
vn -0.8656 0.5007 0.0027
vn -0.8660 0.5000 0.0000
vn -0.9658 0.2592 0.0007
vn -0.9659 0.2588 0.0000
vn -1.0000 0.0000 0.0000
vn -0.9657 -0.2596 0.0017
vn -0.9659 -0.2588 0.0000
vn -0.8653 -0.5012 0.0052
vn -0.8660 -0.5000 0.0000
vn -0.7059 -0.7082 0.0100
vn -0.7071 -0.7071 0.0000
vn -0.4988 -0.8666 0.0149
vn -0.5000 -0.8660 0.0000
vn -0.2581 -0.9659 0.0183
vn -0.2588 -0.9659 0.0000
vn -0.0000 -0.9998 0.0195
vn 0.2581 -0.9659 0.0183
vn 0.2588 -0.9659 0.0000
vn 0.4988 -0.8666 0.0149
vn 0.5000 -0.8660 0.0000
vn 0.7059 -0.7082 0.0100
vn 0.7071 -0.7071 0.0000
vn 0.8653 -0.5012 0.0052
vn 0.8660 -0.5000 0.0000
vn 0.9657 -0.2596 0.0017
vn 0.9659 -0.2588 0.0000
vn 1.0000 -0.0002 0.0002
vn 1.0000 -0.0000 0.0000
vn 0.9658 0.2592 0.0007
vn 0.9659 0.2588 0.0000
vn 0.8656 0.5007 0.0027
vn 0.8660 0.5000 0.0000
vn 0.7064 0.7078 0.0055
vn 0.7071 0.7071 0.0000
vn 0.4993 0.8664 0.0083
vn 0.5000 0.8660 0.0000
vn 0.2583 0.9660 0.0104
vn 0.2588 0.9659 0.0000
vn 0.2464 0.9692 0.0000
vn -0.2573 0.9656 -0.0386
vn -0.2583 0.9654 -0.0359
vn -0.2475 0.9688 0.0095
vn -0.0000 1.0000 0.0099
vn -0.2580 0.9661 0.0092
vn -0.4839 0.8749 0.0187
vn -0.2583 0.9660 0.0104
vn -0.4973 0.8670 -0.0313
vn -0.5001 0.8655 -0.0268
vn -0.6897 0.7240 0.0137
vn -0.7046 0.7093 -0.0209
vn -0.7095 0.7045 -0.0160
vn -0.8523 0.5230 0.0081
vn -0.8645 0.5025 -0.0108
vn -0.8705 0.4922 -0.0069
vn -0.9589 0.2837 0.0031
vn -0.9655 0.2605 -0.0035
vn -0.9698 0.2437 -0.0015
vn -0.9998 0.0217 0.0005
vn -1.0000 -0.0002 0.0002
vn -1.0000 0.0003 -0.0004
vn -0.9998 -0.0217 -0.0005
vn -0.9698 -0.2438 0.0014
vn -0.9657 -0.2597 -0.0015
vn -0.9589 -0.2836 -0.0032
vn -0.8705 -0.4922 0.0066
vn -0.8652 -0.5014 -0.0057
vn -0.8523 -0.5229 -0.0083
vn -0.7095 -0.7045 0.0153
vn -0.7057 -0.7084 -0.0115
vn -0.6897 -0.7239 -0.0141
vn -0.5001 -0.8656 0.0255
vn -0.4985 -0.8667 -0.0172
vn -0.4839 -0.8749 -0.0193
vn -0.2583 -0.9655 0.0342
vn -0.2577 -0.9660 -0.0215
vn -0.2491 -0.9682 -0.0225
vn -0.0000 -0.9993 0.0377
vn -0.0000 -0.9997 -0.0231
vn -0.0000 -0.9997 -0.0236
vn 0.2491 -0.9682 -0.0225
vn 0.2583 -0.9655 0.0342
vn 0.4839 -0.8749 -0.0193
vn 0.2577 -0.9660 -0.0215
vn 0.5001 -0.8656 0.0255
vn 0.6897 -0.7239 -0.0141
vn 0.4985 -0.8667 -0.0172
vn 0.7095 -0.7045 0.0153
vn 0.8523 -0.5229 -0.0083
vn 0.7057 -0.7084 -0.0115
vn 0.8705 -0.4922 0.0066
vn 0.9589 -0.2836 -0.0032
vn 0.8652 -0.5014 -0.0057
vn 0.9698 -0.2438 0.0014
vn 0.9998 -0.0217 -0.0005
vn 0.9657 -0.2597 -0.0015
vn 0.9998 0.0217 0.0005
vn 0.9698 0.2437 -0.0015
vn 1.0000 0.0003 -0.0004
vn 0.9589 0.2837 0.0031
vn 0.8705 0.4922 -0.0069
vn 0.9655 0.2605 -0.0035
vn 0.8523 0.5230 0.0081
vn 0.7095 0.7045 -0.0160
vn 0.8645 0.5025 -0.0108
vn 0.6897 0.7240 0.0137
vn 0.7046 0.7093 -0.0209
vn 0.4839 0.8749 0.0187
vn -0.2490 0.9682 0.0219
vn -0.2464 0.9692 0.0000
vn -0.1501 -0.1730 0.9734
vn -0.1648 -0.2114 0.9634
vn -0.1496 -0.1722 0.9736
vn -0.1434 -0.3307 0.9328
vn -0.1171 -0.3615 0.9250
vn -0.1440 -0.3298 0.9330
vn -0.0424 0.4013 -0.9150
vn -0.0000 0.4064 -0.9137
vn -0.0427 0.4012 -0.9150
vn 0.0424 -0.4012 0.9150
vn -0.0000 -0.4064 0.9137
vn -0.1612 0.2938 -0.9422
vn -0.1440 0.3298 -0.9330
vn -0.1616 0.2927 -0.9425
vn 0.1687 -0.2534 0.9526
vn 0.1616 -0.2921 0.9426
vn 0.1613 -0.2933 0.9423
vn -0.1243 0.1380 -0.9826
vn -0.1496 0.1722 -0.9736
vn -0.1237 0.1374 -0.9828
vn 0.0889 -0.1102 0.9899
vn 0.1237 -0.1374 0.9828
vn 0.1243 -0.1380 0.9826
vn -0.0000 0.0863 -0.9963
vn 0.0460 0.0924 -0.9947
vn 0.0462 0.0924 -0.9946
vn 0.1650 0.2126 -0.9631
vn 0.1687 0.2525 -0.9528
vn 0.1686 0.2536 -0.9525
vn -0.0000 -0.0863 0.9963
vn -0.0460 -0.0924 0.9947
vn 0.1165 0.3621 -0.9248
vn 0.0826 0.3859 -0.9188
vn 0.0821 0.3862 -0.9188
vn -0.1500 -0.1728 0.9735
vn -0.1648 -0.2113 0.9634
vn -0.1496 -0.1720 0.9737
vn 0.0424 -0.4013 0.9150
vn -0.1611 0.2938 -0.9422
vn -0.1439 0.3298 -0.9330
vn -0.1615 0.2927 -0.9425
vn 0.1611 -0.2938 0.9422
vn 0.1439 -0.3298 0.9330
vn 0.1433 -0.3307 0.9328
vn -0.0424 0.4012 -0.9150
vn -0.0427 0.4011 -0.9150
vn 0.0886 -0.1101 0.9900
vn 0.1236 -0.1373 0.9828
vn 0.1241 -0.1378 0.9827
vn -0.0000 0.0862 -0.9963
vn 0.0461 0.0923 -0.9947
vn 0.0464 0.0924 -0.9946
vn 0.1500 0.1728 -0.9735
vn 0.1648 0.2113 -0.9634
vn 0.1650 0.2123 -0.9632
vn 0.1164 0.3621 -0.9248
vn 0.0826 0.3858 -0.9189
vn 0.0820 0.3861 -0.9188
vn -0.1243 -0.1380 0.9826
vn -0.1237 -0.1374 0.9828
vn -0.1436 -0.3298 0.9331
vn -0.1176 -0.3602 0.9254
vn -0.1442 -0.3288 0.9333
vn -0.1436 0.3298 -0.9331
vn -0.1176 0.3602 -0.9254
vn -0.1442 0.3288 -0.9333
vn 0.1612 -0.2938 0.9422
vn 0.1440 -0.3298 0.9330
vn 0.1434 -0.3307 0.9328
vn 0.1496 -0.1722 0.9736
vn 0.1501 -0.1731 0.9734
vn 0.1501 0.1730 -0.9734
vn 0.1648 0.2114 -0.9634
vn 0.1650 0.2125 -0.9631
vn 0.1436 0.3298 -0.9331
vn 0.1176 0.3602 -0.9254
vn 0.1168 0.3609 -0.9253
vn -0.1497 -0.1722 0.9736
vn -0.1611 -0.2938 0.9422
vn -0.1439 -0.3298 0.9330
vn -0.1615 -0.2927 0.9425
vn 0.0427 -0.3998 0.9156
vn -0.0000 -0.4050 0.9143
vn -0.1434 0.3307 -0.9328
vn -0.1171 0.3615 -0.9250
vn -0.1500 0.1728 -0.9735
vn -0.1648 0.2113 -0.9634
vn -0.1496 0.1720 -0.9737
vn 0.1501 -0.1730 0.9734
vn 0.1434 0.3307 -0.9328
vn 0.1171 0.3615 -0.9250
vn -0.1612 -0.2938 0.9422
vn -0.1616 -0.2927 0.9425
vn -0.0424 -0.4012 0.9150
vn -0.0427 -0.4011 0.9150
vn 0.1442 -0.3288 0.9333
vn 0.1436 -0.3298 0.9331
vn -0.1501 0.1730 -0.9734
vn -0.1648 0.2114 -0.9634
vn -0.0460 0.0924 -0.9947
vn 0.1501 0.1731 -0.9734
vn -0.1241 -0.1378 0.9827
vn -0.1236 -0.1373 0.9828
vn -0.0424 -0.4013 0.9150
vn -0.0427 -0.4012 0.9150
vn -0.1433 0.3307 -0.9328
vn 0.1171 -0.3615 0.9250
vn 0.1164 -0.3621 0.9248
vn 0.1496 -0.1720 0.9737
vn 0.1500 -0.1728 0.9735
vn -0.0461 0.0923 -0.9947
vn 0.1241 0.1378 -0.9827
vn 0.1496 0.1720 -0.9737
vn 0.1433 0.3307 -0.9328
vn -0.0889 -0.1103 0.9899
vn -0.0884 -0.1100 0.9900
vn -0.1613 -0.2933 0.9423
vn -0.1616 -0.2921 0.9426
vn -0.1168 0.3609 -0.9253
vn -0.0832 0.3844 -0.9194
vn 0.1165 -0.3621 0.9248
vn -0.1501 0.1731 -0.9734
vn 0.1648 -0.2114 0.9634
vn 0.1650 -0.2126 0.9631
vn 0.1243 0.1380 -0.9826
vn 0.1496 0.1722 -0.9736
vn 0.1613 0.2933 -0.9423
vn 0.1442 0.3288 -0.9333
vn -0.0889 -0.1102 0.9899
vn -0.1686 -0.2536 0.9525
vn -0.1687 -0.2525 0.9528
vn -0.0427 -0.3998 0.9156
vn -0.0431 -0.3997 0.9156
vn -0.1165 0.3621 -0.9248
vn -0.0826 0.3859 -0.9188
vn -0.1650 0.2123 -0.9632
vn -0.1687 0.2522 -0.9529
vn 0.1651 -0.2125 0.9631
vn 0.1612 0.2938 -0.9422
vn 0.1440 0.3298 -0.9330
vn -0.1687 -0.2536 0.9525
vn -0.0820 -0.3861 0.9188
vn -0.0826 -0.3858 0.9189
vn 0.1176 -0.3602 0.9254
vn 0.1168 -0.3609 0.9253
vn -0.1650 0.2125 -0.9631
vn -0.1687 0.2525 -0.9528
vn -0.0462 0.0924 -0.9946
vn -0.0882 0.1099 -0.9900
vn -0.0886 -0.1101 0.9900
vn -0.0882 -0.1099 0.9900
vn 0.0461 -0.0923 0.9947
vn 0.0464 -0.0924 0.9946
vn 0.2490 0.9682 0.0219
vn -0.2467 0.9691 0.0000
vn -0.2571 0.9664 0.0000
vn -0.2468 0.9690 -0.0146
vn -0.0000 0.9999 -0.0151
vn -0.2570 0.9663 -0.0138
vn -0.4813 0.8765 0.0081
vn -0.4997 0.8662 0.0073
vn -0.4799 0.8773 0.0000
vn -0.4984 0.8670 0.0000
vn -0.4800 0.8772 -0.0119
vn -0.4982 0.8670 -0.0105
vn -0.6871 0.7265 0.0058
vn -0.7088 0.7054 0.0049
vn -0.6858 0.7278 0.0000
vn -0.7076 0.7066 0.0000
vn -0.6860 0.7276 -0.0081
vn -0.7076 0.7066 -0.0065
vn -0.8506 0.5258 0.0033
vn -0.8698 0.4934 0.0024
vn -0.8498 0.5271 0.0000
vn -0.8692 0.4945 0.0000
vn -0.8500 0.5268 -0.0043
vn -0.8693 0.4943 -0.0029
vn -0.9583 0.2856 0.0012
vn -0.9696 0.2446 0.0006
vn -0.9581 0.2864 0.0000
vn -0.9695 0.2452 0.0000
vn -0.9582 0.2861 -0.0014
vn -0.9695 0.2450 -0.0007
vn -0.9998 0.0221 0.0001
vn -0.9998 -0.0223 0.0002
vn -0.9998 0.0223 -0.0002
vn -0.9998 -0.0221 -0.0001
vn -0.9695 -0.2450 0.0007
vn -0.9582 -0.2861 0.0014
vn -0.9695 -0.2452 0.0000
vn -0.9581 -0.2864 0.0000
vn -0.9696 -0.2446 -0.0006
vn -0.9583 -0.2856 -0.0012
vn -0.8693 -0.4943 0.0029
vn -0.8500 -0.5268 0.0043
vn -0.8692 -0.4945 0.0000
vn -0.8498 -0.5271 0.0000
vn -0.8698 -0.4934 -0.0024
vn -0.8506 -0.5258 -0.0033
vn -0.7076 -0.7066 0.0065
vn -0.6860 -0.7276 0.0081
vn -0.7076 -0.7066 0.0000
vn -0.6858 -0.7278 0.0000
vn -0.7088 -0.7054 -0.0049
vn -0.6871 -0.7265 -0.0058
vn -0.4982 -0.8670 0.0105
vn -0.4800 -0.8772 0.0119
vn -0.4984 -0.8670 0.0000
vn -0.4799 -0.8773 0.0000
vn -0.4997 -0.8662 -0.0073
vn -0.4813 -0.8765 -0.0081
vn -0.2570 -0.9663 0.0138
vn -0.2468 -0.9690 0.0146
vn -0.2571 -0.9664 0.0000
vn -0.2467 -0.9691 0.0000
vn -0.2580 -0.9661 -0.0092
vn -0.2475 -0.9688 -0.0095
vn -0.0000 -0.9999 0.0151
vn -0.0000 -0.9999 0.0155
vn -0.0000 -1.0000 -0.0099
vn -0.0000 -0.9999 -0.0100
vn 0.2468 -0.9690 0.0146
vn 0.2570 -0.9663 0.0138
vn 0.2467 -0.9691 0.0000
vn 0.2571 -0.9664 0.0000
vn 0.2475 -0.9688 -0.0095
vn 0.2580 -0.9661 -0.0092
vn 0.4800 -0.8772 0.0119
vn 0.4982 -0.8670 0.0105
vn 0.4799 -0.8773 0.0000
vn 0.4984 -0.8670 0.0000
vn 0.4813 -0.8765 -0.0081
vn 0.4997 -0.8662 -0.0073
vn 0.6860 -0.7276 0.0081
vn 0.7076 -0.7066 0.0065
vn 0.6858 -0.7278 0.0000
vn 0.7076 -0.7066 0.0000
vn 0.6871 -0.7265 -0.0058
vn 0.7088 -0.7054 -0.0049
vn 0.8500 -0.5268 0.0043
vn 0.8693 -0.4943 0.0029
vn 0.8498 -0.5271 0.0000
vn 0.8692 -0.4945 0.0000
vn 0.8506 -0.5258 -0.0033
vn 0.8698 -0.4934 -0.0024
vn 0.9582 -0.2861 0.0014
vn 0.9695 -0.2450 0.0007
vn 0.9581 -0.2864 0.0000
vn 0.9695 -0.2452 0.0000
vn 0.9583 -0.2856 -0.0012
vn 0.9696 -0.2446 -0.0006
vn 0.9998 -0.0223 0.0002
vn 0.9998 0.0221 0.0001
vn 0.9998 -0.0221 -0.0001
vn 0.9998 0.0223 -0.0002
vn 0.9696 0.2446 0.0006
vn 0.9583 0.2856 0.0012
vn 0.9695 0.2452 0.0000
vn 0.9581 0.2864 0.0000
vn 0.9695 0.2450 -0.0007
vn 0.9582 0.2861 -0.0014
vn 0.8698 0.4934 0.0024
vn 0.8506 0.5258 0.0033
vn 0.8692 0.4945 0.0000
vn 0.8498 0.5271 0.0000
vn 0.8693 0.4943 -0.0029
vn 0.8500 0.5268 -0.0043
vn 0.7088 0.7054 0.0049
vn 0.6871 0.7265 0.0058
vn 0.7076 0.7066 0.0000
vn 0.6858 0.7278 0.0000
vn 0.7076 0.7066 -0.0065
vn 0.6860 0.7276 -0.0081
vn 0.4997 0.8662 0.0073
vn 0.4813 0.8765 0.0081
vn 0.4984 0.8670 0.0000
vn 0.4799 0.8773 0.0000
vn 0.4982 0.8670 -0.0105
vn 0.4800 0.8772 -0.0119
vn 0.2580 0.9661 0.0092
vn 0.2475 0.9688 0.0095
vn 0.2571 0.9664 0.0000
vn 0.2467 0.9691 0.0000
vn 0.2570 0.9663 -0.0138
vn 0.2468 0.9690 -0.0146
vn -0.0000 0.9999 0.0100
vn -0.0000 0.9999 -0.0155
vn 0.0884 0.1100 -0.9900
vn 0.0889 0.1103 -0.9899
vn -0.0000 -0.0862 0.9963
vn -0.0461 -0.0923 0.9947
vn -0.1241 0.1378 -0.9827
vn -0.1236 0.1373 -0.9828
vn 0.1687 -0.2536 0.9525
vn 0.1616 -0.2927 0.9425
vn 0.0825 -0.3848 0.9193
vn 0.0431 -0.3997 0.9156
vn -0.1433 -0.3307 0.9328
vn 0.0832 0.3844 -0.9194
vn 0.0825 0.3848 -0.9193
vn 0.1687 0.2536 -0.9525
vn 0.0889 0.1102 -0.9899
vn 0.0889 -0.1103 0.9899
vn -0.0889 0.1103 -0.9899
vn -0.0884 0.1100 -0.9900
vn -0.1613 0.2933 -0.9423
vn -0.1616 0.2921 -0.9426
vn 0.0821 -0.3862 0.9188
vn 0.0427 -0.4012 0.9150
vn -0.1168 -0.3609 0.9253
vn -0.0832 -0.3844 0.9194
vn -0.1501 -0.1731 0.9734
vn 0.0427 0.4011 -0.9150
vn 0.0424 0.4012 -0.9150
vn 0.1687 0.2522 -0.9529
vn 0.1687 0.2534 -0.9526
vn 0.0462 -0.0924 0.9946
vn 0.0882 -0.1099 0.9900
vn -0.0427 0.3998 -0.9156
vn -0.0000 0.4050 -0.9143
vn -0.0431 0.3997 -0.9156
vn -0.0889 0.1102 -0.9899
vn 0.1686 -0.2536 0.9525
vn 0.1615 -0.2927 0.9425
vn -0.1686 0.2536 -0.9525
vn -0.1165 -0.3621 0.9248
vn -0.0826 -0.3859 0.9188
vn -0.1650 -0.2123 0.9632
vn -0.1687 -0.2522 0.9529
vn 0.0427 0.4012 -0.9150
vn 0.0424 0.4013 -0.9150
vn 0.1615 0.2927 -0.9425
vn 0.1611 0.2938 -0.9422
vn 0.0882 0.1099 -0.9900
vn 0.0886 0.1101 -0.9900
vn 0.0884 -0.1100 0.9900
vn 0.1650 -0.2123 0.9632
vn 0.1687 -0.2522 0.9529
vn 0.0820 -0.3861 0.9188
vn 0.0427 -0.4011 0.9150
vn -0.0820 0.3861 -0.9188
vn -0.0826 0.3858 -0.9189
vn -0.1651 -0.2125 0.9631
vn -0.0462 -0.0924 0.9946
vn 0.1616 0.2927 -0.9425
vn 0.1237 0.1374 -0.9828
vn -0.0886 0.1101 -0.9900
vn 0.1687 -0.2525 0.9528
vn -0.1687 0.2536 -0.9525
vn 0.0832 -0.3844 0.9194
vn -0.0821 0.3862 -0.9188
vn -0.1164 -0.3621 0.9248
vn 0.0431 0.3997 -0.9156
vn 0.0427 0.3998 -0.9156
vn -0.0464 -0.0924 0.9946
vn -0.0464 0.0924 -0.9946
vn -0.1687 0.2534 -0.9526
vn 0.0826 -0.3859 0.9188
vn -0.0825 -0.3848 0.9193
vn -0.1650 -0.2126 0.9631
vn 0.0460 -0.0924 0.9947
vn 0.1616 0.2921 -0.9426
vn -0.1650 0.2126 -0.9631
vn -0.0825 0.3848 -0.9193
vn -0.0821 -0.3862 0.9188
vn -0.1687 -0.2534 0.9526
vn 0.1439 0.3298 -0.9330
vn 0.1236 0.1373 -0.9828
vn 0.1648 -0.2113 0.9634
vn 0.0826 -0.3858 0.9189
vn -0.1164 0.3621 -0.9248
vn 0.2496 0.9313 -0.2652
vn -0.0000 0.9642 -0.2652
vn -0.0000 -0.9642 -0.2652
vn -0.2495 -0.9313 -0.2652
vn -0.9642 0.0000 -0.2652
vn -0.9313 -0.2495 -0.2652
vn -0.2496 0.9313 -0.2652
vn -0.4821 0.8350 -0.2652
vn 0.9642 0.0000 -0.2652
vn 0.9313 0.2495 -0.2652
vn 0.2495 -0.9313 -0.2652
vn 0.4821 -0.8350 -0.2652
vn -0.6818 -0.6818 -0.2652
vn -0.8350 -0.4821 -0.2652
vn -0.8350 0.4821 -0.2652
vn -0.6818 0.6818 -0.2652
vn 0.8350 0.4821 -0.2652
vn 0.6818 0.6818 -0.2652
vn 0.6818 -0.6818 -0.2652
vn -0.2496 -0.9313 -0.2652
vn -0.4821 -0.8350 -0.2652
vn -0.9313 0.2495 -0.2652
vn -0.2495 0.9313 -0.2652
vn 0.4821 0.8350 -0.2652
vn 0.2496 -0.9313 -0.2652
vn 0.0000 0.0000 -1.0000
vn -0.0000 0.9992 -0.0411
vn -0.0000 0.9997 0.0230
usemtl Metal
s 1
f 868/1639/418 696/1640/419 876/1641/420
f 870/1642/421 875/1643/422 878/1644/423
f 878/1644/423 883/1645/424 886/1646/425
f 886/1647/425 891/1648/426 894/1649/427
f 894/1649/427 899/1650/428 902/1651/429
f 902/1651/429 907/1652/430 910/1653/431
f 910/1653/431 915/1654/432 918/1655/433
f 918/1655/433 923/1656/434 926/1657/435
f 926/1658/435 931/1659/436 934/1660/437
f 934/1660/437 939/1661/438 942/1662/439
f 942/1662/439 947/1663/440 950/1664/441
f 950/1664/441 955/1665/442 958/1666/442
f 955/1665/442 966/1667/443 958/1666/442
f 963/1668/444 974/1669/445 966/1667/443
f 971/1670/446 982/1671/447 974/1669/445
f 979/1672/448 990/1673/449 982/1674/447
f 987/1675/450 998/1676/451 990/1673/449
f 995/1677/452 1006/1678/453 998/1676/451
f 1003/1679/454 1014/1680/455 1006/1678/453
f 1011/1681/456 1022/1682/457 1014/1680/455
f 1019/1683/458 1030/1684/459 1022/1682/457
f 1027/1685/460 1038/1686/461 1030/1687/459
f 728/1688/462 712/1689/462 696/1690/462
f 1035/1691/463 1046/1692/464 1038/1686/461
f 865/1693/465 694/1694/466 868/1639/418
f 707/1695/467 1178/1696/468 705/1697/468
f 737/1698/469 739/1699/470 691/1700/471
f 761/1701/472 737/1698/469 735/1702/473
f 760/1703/474 735/1704/473 733/1705/475
f 759/1706/476 733/1705/475 731/1707/477
f 758/1708/478 731/1707/477 729/1709/479
f 727/1710/480 758/1708/478 729/1709/479
f 756/1711/481 727/1710/480 725/1712/482
f 755/1713/483 725/1712/482 723/1714/484
f 754/1715/485 723/1714/484 721/1716/486
f 753/1717/487 721/1718/486 719/1719/488
f 752/1720/489 719/1719/488 717/1721/490
f 751/1722/491 717/1721/490 715/1723/442
f 750/1724/492 715/1723/442 713/1725/493
f 749/1726/494 713/1725/493 711/1727/495
f 748/1728/496 711/1727/495 709/1729/497
f 747/1730/498 709/1729/497 707/1731/499
f 746/1732/500 707/1695/499 705/1697/501
f 745/1733/502 705/1697/501 703/1734/503
f 744/1735/504 703/1734/503 701/1736/505
f 743/1737/506 701/1736/505 699/1738/507
f 742/1739/508 699/1738/507 697/1740/509
f 741/1741/510 697/1742/509 695/1743/511
f 740/1744/512 695/1743/511 693/1745/513
f 739/1699/470 693/1745/513 691/1700/471
f 859/1746/471 871/1747/514 874/1748/421
f 861/1749/471 869/1750/514 872/1751/421
f 863/1752/471 867/1753/514 870/1642/421
f 738/1754/515 865/1693/465 1044/1755/516
f 857/1756/517 855/1757/518 858/1758/519
f 1041/1759/520 762/1760/521 761/1701/472
f 1039/1761/463 1050/1762/464 1042/1763/461
f 1037/1764/463 1048/1765/464 1040/1766/461
f 736/1767/522 1044/1755/516 1036/1768/523
f 1033/1769/524 761/1701/472 760/1770/474
f 1031/1771/460 1042/1763/461 1034/1772/459
f 1029/1773/460 1040/1766/461 1032/1774/459
f 734/1775/525 1036/1768/523 1028/1776/526
f 1025/1777/527 760/1703/474 759/1706/476
f 1023/1778/458 1034/1779/459 1026/1780/457
f 1021/1781/458 1032/1782/459 1024/1783/457
f 732/1784/528 1028/1785/526 1020/1786/529
f 1017/1787/530 759/1706/476 758/1708/478
f 1015/1788/456 1026/1780/457 1018/1789/455
f 1013/1790/456 1024/1783/457 1016/1791/455
f 730/1792/531 1020/1786/529 1012/1793/532
f 1009/1794/533 758/1708/478 757/1795/534
f 1007/1796/454 1018/1789/455 1010/1797/453
f 1005/1798/454 1016/1791/455 1008/1799/453
f 728/1800/535 1012/1793/532 1004/1801/536
f 1001/1802/537 757/1795/534 756/1711/481
f 999/1803/452 1010/1797/453 1002/1804/451
f 997/1805/452 1008/1799/453 1000/1806/451
f 726/1807/538 1004/1801/536 996/1808/539
f 993/1809/540 756/1711/481 755/1713/483
f 991/1810/450 1002/1804/451 994/1811/449
f 989/1812/450 1000/1806/451 992/1813/449
f 724/1814/541 996/1808/539 988/1815/542
f 985/1816/543 755/1713/483 754/1715/485
f 983/1817/448 994/1811/449 986/1818/447
f 981/1819/448 992/1813/449 984/1820/447
f 722/1821/544 988/1815/542 980/1822/545
f 977/1823/546 754/1824/485 753/1717/487
f 975/1825/446 986/1826/447 978/1827/445
f 973/1828/446 984/1829/447 976/1830/445
f 720/1831/547 980/1832/545 972/1833/548
f 969/1834/549 753/1717/487 752/1720/489
f 967/1835/444 978/1827/445 970/1836/443
f 965/1837/444 976/1830/445 968/1838/443
f 718/1839/550 972/1833/548 964/1840/551
f 961/1841/552 752/1720/489 751/1722/491
f 959/1842/442 970/1836/443 962/1843/442
f 957/1844/442 968/1838/443 960/1845/442
f 716/1846/553 964/1840/551 956/1847/554
f 750/1724/492 961/1841/552 751/1722/491
f 954/1848/441 959/1842/442 962/1843/442
f 952/1849/441 957/1844/442 960/1845/442
f 948/1850/555 716/1846/553 956/1847/554
f 749/1726/494 953/1851/556 750/1724/492
f 946/1852/439 951/1853/440 954/1848/441
f 944/1854/439 949/1855/440 952/1849/441
f 940/1856/557 714/1857/558 948/1850/555
f 748/1728/496 945/1858/559 749/1726/494
f 938/1859/437 943/1860/438 946/1852/439
f 936/1861/437 941/1862/438 944/1854/439
f 932/1863/560 712/1864/561 940/1856/557
f 747/1730/498 937/1865/562 748/1728/496
f 930/1866/435 935/1867/436 938/1859/437
f 928/1868/435 933/1869/436 936/1861/437
f 924/1870/563 710/1871/564 932/1863/560
f 746/1732/500 929/1872/565 747/1873/498
f 922/1874/433 927/1875/434 930/1876/435
f 920/1877/433 925/1878/434 928/1879/435
f 916/1880/566 708/1881/567 924/1882/563
f 745/1733/502 921/1883/568 746/1732/500
f 914/1884/431 919/1885/432 922/1874/433
f 912/1886/431 917/1887/432 920/1877/433
f 908/1888/569 706/1889/570 916/1880/566
f 744/1735/504 913/1890/571 745/1733/502
f 906/1891/429 911/1892/430 914/1884/431
f 904/1893/429 909/1894/430 912/1886/431
f 900/1895/572 704/1896/573 908/1888/569
f 743/1737/506 905/1897/574 744/1735/504
f 898/1898/427 903/1899/428 906/1891/429
f 896/1900/427 901/1901/428 904/1893/429
f 892/1902/575 702/1903/576 900/1895/572
f 742/1739/508 897/1904/577 743/1737/506
f 890/1905/425 895/1906/426 898/1898/427
f 888/1907/425 893/1908/426 896/1900/427
f 884/1909/578 700/1910/579 892/1902/575
f 741/1741/510 889/1911/580 742/1912/508
f 882/1913/423 887/1914/424 890/1915/425
f 880/1916/423 885/1917/424 888/1918/425
f 876/1641/420 698/1919/581 884/1920/578
f 740/1744/512 881/1921/582 741/1741/510
f 874/1748/421 879/1922/422 882/1913/423
f 872/1751/421 877/1923/422 880/1916/423
f 1049/1924/583 739/1699/470 762/1760/521
f 1047/1925/584 859/1746/471 1050/1762/464
f 1045/1926/584 861/1749/471 1048/1765/464
f 1043/1927/584 863/1752/471 1046/1692/464
f 1023/1928/585 816/1929/586 824/1930/587
f 989/1931/588 782/1932/589 790/1933/590
f 1048/1934/591 852/1935/592 853/1936/593
f 947/1937/594 1057/1938/595 955/1939/595
f 1016/1940/596 823/1941/597 815/1942/598
f 913/1943/599 1091/1944/600 921/1945/601
f 982/1946/602 789/1947/603 781/1948/604
f 879/1949/605 1125/1950/606 887/1951/607
f 956/1952/608 1066/1953/609 948/1954/610
f 922/1955/611 1100/1956/612 914/1957/613
f 860/1958/614 858/1959/615 855/1960/614
f 888/1961/616 1134/1962/617 880/1963/618
f 1025/1964/619 818/1965/620 826/1966/621
f 991/1967/588 784/1968/589 792/1969/590
f 949/1970/622 1055/1971/595 957/1972/595
f 1018/1973/623 825/1974/624 817/1975/625
f 915/1976/626 1089/1977/627 923/1978/628
f 984/1979/602 791/1980/603 783/1981/604
f 1050/1982/629 856/1983/592 857/1984/630
f 881/1985/631 1123/1986/632 889/1987/633
f 958/1988/634 1064/1989/635 950/1990/636
f 924/1991/637 1098/1992/638 916/1993/639
f 890/1994/640 1132/1995/641 882/1996/642
f 1027/1997/643 820/1998/587 828/1999/644
f 993/2000/645 786/2001/646 794/2002/647
f 951/2003/622 1053/2004/595 959/2005/595
f 1020/2006/648 827/2007/649 819/2008/650
f 917/2009/651 1087/2010/652 925/2011/653
f 986/2012/602 793/2013/603 785/2014/604
f 883/2015/607 1121/2016/654 891/2017/655
f 960/2018/634 1062/2019/635 952/2020/636
f 926/2021/656 1096/2022/657 918/2023/658
f 892/2024/659 1130/2025/660 884/2026/661
f 1029/2027/643 822/2028/662 830/2029/644
f 995/2030/663 788/2031/664 796/2032/665
f 953/2033/666 1051/2034/667 961/2035/667
f 1022/2036/668 829/2037/669 821/2038/597
f 919/2039/651 1085/2040/652 927/2041/653
f 988/2042/670 795/2043/671 787/2044/672
f 885/2045/607 1119/2046/654 893/2047/673
f 962/2048/608 1060/2049/635 954/2050/636
f 928/2051/656 1094/2052/657 920/2053/658
f 894/2054/674 1128/2055/675 886/2056/616
f 1031/2057/643 824/1930/587 832/2058/644
f 997/2059/676 790/1933/590 798/2060/677
f 963/2061/678 1057/1938/595 764/2062/679
f 1024/2063/668 831/2064/669 823/1941/597
f 921/1945/601 1083/2065/680 929/2066/681
f 990/2067/682 797/2068/683 789/1947/603
f 887/1951/607 1117/2069/654 895/2070/673
f 956/1952/608 763/2071/684 1058/2072/608
f 930/2073/685 1092/2074/657 922/1955/611
f 896/2075/674 1126/2076/675 888/1961/616
f 1033/2077/686 826/1966/621 834/2078/687
f 999/2079/676 792/1969/590 800/2080/677
f 965/2081/688 1055/1971/595 766/2082/689
f 1026/2083/690 833/2084/669 825/1974/624
f 923/1978/628 1081/2085/691 931/2086/692
f 992/2087/682 799/2088/683 791/1980/603
f 889/1987/633 1115/2089/693 897/2090/694
f 958/1988/634 765/2091/695 1056/2092/634
f 932/2093/696 1090/2094/697 924/1991/637
f 898/2095/698 1124/2096/675 890/1994/640
f 1035/2097/699 828/1999/644 836/2098/700
f 1001/2099/701 794/2002/647 802/2100/702
f 967/2101/688 1053/2004/595 768/2102/689
f 1028/2103/703 835/2104/704 827/2007/649
f 925/2011/653 1079/2105/691 933/2106/705
f 994/2107/706 801/2108/683 793/2013/603
f 891/2017/655 1113/2109/707 899/2110/708
f 960/2018/634 767/2111/695 1054/2112/634
f 934/2113/709 1088/2114/710 926/2021/656
f 900/2115/711 1122/2116/712 892/2024/659
f 1037/2117/713 830/2029/644 838/2118/700
f 1003/2119/714 796/2032/665 804/2120/715
f 969/2121/716 1051/2034/667 770/2122/717
f 1030/2123/718 837/2124/719 829/2037/669
f 927/2041/653 1077/2125/691 935/2126/705
f 996/2127/720 803/2128/721 795/2043/671
f 893/2047/673 1111/2129/707 901/2130/722
f 962/2048/608 769/2131/695 1052/2132/608
f 936/2133/709 1086/2134/710 928/2051/656
f 902/2135/723 1120/2136/724 894/2054/674
f 1039/2137/713 832/2058/644 840/2138/700
f 1005/2139/725 798/2060/677 806/2140/715
f 971/2141/726 764/2062/679 772/2142/727
f 1032/2143/718 839/2144/719 831/2064/669
f 929/2066/681 1075/2145/728 937/2146/729
f 998/2147/730 805/2148/731 797/2068/683
f 895/2070/673 1109/2149/707 903/2150/722
f 964/2151/732 771/2152/733 763/2071/684
f 938/2153/709 1084/2154/710 930/2073/685
f 904/2155/723 1118/2156/724 896/2075/674
f 1041/2157/734 834/2078/687 842/2158/735
f 866/2159/614 1145/2160/736 867/2161/737
f 1007/2162/725 800/2080/677 808/2163/715
f 739/1699/470 873/2164/738 740/1744/512
f 853/2165/739 851/2166/471 854/2167/740
f 849/2168/739 847/2169/471 850/2170/740
f 845/2171/741 843/2172/742 846/2173/743
f 841/2174/744 858/1758/519 842/2175/745
f 839/2176/746 854/2167/740 840/2177/747
f 837/2178/746 850/2170/740 838/2179/747
f 835/2180/748 846/2173/743 836/2181/749
f 833/2182/750 842/2175/745 834/2183/751
f 831/2184/752 840/2177/747 832/2185/753
f 829/2186/752 838/2179/747 830/2187/753
f 827/2188/754 836/2181/749 828/2189/755
f 825/2190/756 834/2191/751 826/2192/757
f 823/2193/758 832/2194/753 824/2195/759
f 821/2196/758 830/2197/753 822/2198/759
f 819/2199/760 828/2200/755 820/2201/761
f 817/2202/762 826/2192/757 818/2203/763
f 815/2204/764 824/2195/759 816/2205/765
f 813/2206/764 822/2198/759 814/2207/765
f 811/2208/766 820/2201/761 812/2209/767
f 809/2210/768 818/2203/763 810/2211/769
f 807/2212/454 816/2205/765 808/2213/453
f 805/2214/454 814/2207/765 806/2215/453
f 803/2216/770 812/2209/767 804/2217/771
f 801/2218/772 810/2211/769 802/2219/773
f 799/2220/774 808/2213/453 800/2221/775
f 797/2222/774 806/2215/453 798/2223/775
f 795/2224/776 804/2217/771 796/2225/777
f 793/2226/778 802/2219/773 794/2227/779
f 791/2228/780 800/2221/775 792/2229/781
f 789/2230/780 798/2223/775 790/2231/781
f 787/2232/782 796/2225/777 788/2233/783
f 785/2234/784 794/2227/779 786/2235/785
f 783/2236/786 792/2229/781 784/2237/787
f 781/2238/786 790/2231/781 782/2239/787
f 779/2240/788 788/2233/783 780/2241/789
f 777/2242/790 786/2243/785 778/2244/791
f 775/2245/792 784/2246/787 776/2247/793
f 773/2248/792 782/2249/787 774/2250/793
f 771/2251/794 780/2252/789 772/2253/795
f 769/2254/796 778/2244/791 770/2255/797
f 767/2256/798 776/2247/793 768/2257/799
f 765/2258/798 774/2250/793 766/2259/799
f 763/2260/800 772/2253/795 764/2261/801
f 1052/2262/802 770/2255/797 1051/2263/803
f 1054/2264/442 768/2257/799 1053/2265/442
f 1056/2266/442 766/2259/799 1055/2267/442
f 1058/2268/804 764/2261/801 1057/2269/805
f 1052/2262/802 1059/2270/806 1060/2271/807
f 1054/2264/442 1061/2272/808 1062/2273/809
f 1056/2266/442 1063/2274/808 1064/2275/809
f 1058/2268/804 1065/2276/810 1066/2277/811
f 1060/2271/807 1067/2278/812 1068/2279/813
f 1062/2273/809 1069/2280/814 1070/2281/815
f 1064/2275/809 1071/2282/814 1072/2283/815
f 1066/2277/811 1073/2284/816 1074/2285/817
f 1068/2279/813 1075/2286/818 1076/2287/819
f 1070/2281/815 1077/2288/820 1078/2289/821
f 1072/2283/815 1079/2290/820 1080/2291/821
f 1074/2285/817 1081/2292/822 1082/2293/823
f 1076/2287/819 1083/2294/824 1084/2295/825
f 1078/2289/821 1085/2296/826 1086/2297/827
f 1080/2291/821 1087/2298/826 1088/2299/827
f 1082/2293/823 1089/2300/828 1090/2301/829
f 1084/2302/825 1091/2303/830 1092/2304/831
f 1086/2305/827 1093/2306/832 1094/2307/833
f 1088/2308/827 1095/2309/832 1096/2310/833
f 1090/2311/829 1097/2312/834 1098/2313/835
f 1092/2304/831 1099/2314/836 1100/2315/837
f 1094/2307/833 1101/2316/431 1102/2317/430
f 1096/2310/833 1103/2318/431 1104/2319/430
f 1098/2313/835 1105/2320/838 1106/2321/839
f 1100/2315/837 1107/2322/840 1108/2323/841
f 1102/2317/430 1109/2324/842 1110/2325/843
f 1104/2319/430 1111/2326/842 1112/2327/843
f 1106/2321/839 1113/2328/844 1114/2329/845
f 1108/2323/841 1115/2330/846 1116/2331/847
f 1110/2325/843 1117/2332/848 1118/2333/849
f 1112/2327/843 1119/2334/848 1120/2335/849
f 1114/2329/845 1121/2336/850 1122/2337/851
f 1116/2331/847 1123/2338/852 1124/2339/853
f 1118/2333/849 1125/2340/854 1126/2341/855
f 1120/2335/849 1127/2342/854 1128/2343/855
f 1122/2337/851 1129/2344/856 1130/2345/857
f 1124/2346/853 1131/2347/858 1132/2348/859
f 1126/2349/855 1133/2350/860 1134/2351/861
f 1128/2352/855 1135/2353/860 1136/2354/861
f 1130/2355/857 1137/2356/862 1138/2357/863
f 1132/2348/859 1139/2358/864 1140/2359/865
f 1134/2351/861 1141/2360/866 1142/2361/867
f 1136/2354/861 1143/2362/866 1144/2363/867
f 1138/2357/863 1145/2364/868 1146/2365/869
f 1140/2359/865 855/1757/518 856/2366/870
f 1142/2361/867 851/2166/471 852/2367/471
f 1144/2363/867 847/2169/471 848/2368/471
f 1146/2365/869 843/2172/742 844/2369/871
f 886/2056/616 1136/2370/617 878/2371/618
f 920/2053/658 1102/2372/612 912/2373/613
f 954/2050/636 1068/2374/872 946/2375/873
f 877/2376/605 1127/2377/606 885/2045/607
f 862/2378/874 854/2379/875 851/2380/874
f 980/2381/876 787/2044/672 779/2382/877
f 911/2383/878 1093/2384/879 919/2039/651
f 1014/2385/596 821/2038/597 813/2386/598
f 945/2387/880 1059/2388/881 953/2033/666
f 987/2389/882 780/2390/589 788/2031/664
f 1021/2391/585 814/2392/586 822/2028/662
f 884/2026/661 1138/2393/883 876/2394/884
f 1046/2395/591 848/2396/592 849/2397/593
f 918/2023/658 1104/2398/612 910/2399/885
f 952/2020/636 1070/2400/872 944/2401/886
f 875/2402/887 1129/2403/606 883/2015/607
f 978/2404/888 785/2014/604 777/2405/889
f 909/2406/878 1095/2407/879 917/2009/651
f 1012/2408/890 819/2008/650 811/2409/891
f 943/2410/892 1061/2411/893 951/2003/622
f 864/2412/874 850/2413/875 847/2414/874
f 985/2415/894 778/2416/895 786/2001/646
f 1019/2417/896 812/2418/586 820/1998/587
f 882/1996/642 1140/2419/897 874/2420/898
f 916/1993/639 1106/2421/899 908/2422/900
f 950/1990/636 1072/2423/872 942/2424/886
f 873/2425/901 1131/2426/902 881/1985/631
f 1044/2427/903 844/2428/904 845/2429/905
f 976/2430/906 783/1981/604 775/2431/889
f 907/2432/907 1097/2433/908 915/1976/626
f 1010/2434/909 817/1975/625 809/2435/731
f 941/2436/892 1063/2437/893 949/1970/622
f 983/2438/910 776/2439/911 784/1968/589
f 1017/2440/912 810/2441/913 818/1965/620
f 880/1963/618 1142/2442/914 872/2443/915
f 866/2159/614 846/2444/875 843/2445/614
f 914/1957/613 1108/2446/916 906/2447/917
f 948/1954/610 1074/2448/918 940/2449/919
f 871/2450/737 1133/2451/920 879/1949/605
f 974/2452/906 781/1948/604 773/2453/889
f 905/2454/921 1099/2455/922 913/1943/599
f 1008/2456/909 815/1942/598 807/2457/731
f 939/2458/923 1065/2459/924 947/1937/594
f 1042/2460/925 857/1984/630 841/2461/926
f 981/2462/910 774/2463/911 782/1932/589
f 1015/2464/927 808/2163/715 816/1929/586
f 878/2371/618 1144/2465/914 870/2466/915
f 1049/2467/928 842/2158/735 858/1959/615
f 912/2373/613 1110/2468/929 904/2155/723
f 946/2375/873 1076/2469/930 938/2153/709
f 869/2470/737 1135/2471/920 877/2376/605
f 972/2472/931 779/2382/877 771/2152/733
f 903/2150/722 1101/2473/932 911/2383/878
f 1006/2474/933 813/2386/598 805/2148/731
f 937/2146/729 1067/2475/934 945/2387/880
f 1040/2476/935 853/1936/593 839/2144/719
f 979/2477/936 772/2142/727 780/2390/589
f 1013/2478/927 806/2140/715 814/2392/586
f 876/2394/884 1146/2479/937 868/2480/938
f 1047/2481/939 840/2138/700 854/2379/875
f 910/2399/885 1112/2482/929 902/2135/723
f 944/2401/886 1078/2483/930 936/2133/709
f 867/2161/737 1137/2484/920 875/2402/887
f 970/2485/940 777/2405/889 769/2131/695
f 901/2130/722 1103/2486/932 909/2406/878
f 1004/2487/941 811/2409/891 803/2128/721
f 935/2126/705 1069/2488/942 943/2410/892
f 874/2420/898 856/1983/592 859/2489/592
f 1038/2490/935 849/2397/593 837/2124/719
f 977/2491/943 770/2122/717 778/2416/895
f 1011/2492/944 804/2120/715 812/2418/586
f 860/1958/614 1139/2493/945 873/2425/901
f 1045/2494/939 838/2118/700 850/2413/875
f 908/2422/900 1114/2495/946 900/2115/711
f 942/2424/886 1080/2496/930 934/2113/709
f 872/2443/915 852/1935/592 861/2497/592
f 968/2498/940 775/2431/889 767/2111/695
f 899/2110/708 1105/2499/932 907/2432/907
f 1002/2500/947 809/2435/731 801/2108/683
f 933/2106/705 1071/2501/942 941/2436/892
f 862/2378/874 1141/2502/736 871/2450/737
f 1036/2503/948 845/2429/905 835/2104/704
f 975/2504/949 768/2102/689 776/2439/911
f 1009/2505/950 802/2100/702 810/2441/913
f 870/2466/915 848/2396/592 863/2506/592
f 1043/2507/939 836/2098/700 846/2444/875
f 906/2447/917 1116/2508/951 898/2095/698
f 940/2449/919 1082/2509/952 932/2093/696
f 864/2412/874 1143/2510/736 869/2470/737
f 966/2511/940 773/2453/889 765/2091/695
f 897/2090/694 1107/2512/953 905/2454/921
f 1000/2513/730 807/2457/731 799/2088/683
f 931/2086/692 1073/2514/954 939/2458/923
f 868/2480/938 844/2428/904 865/2515/904
f 1034/2516/955 841/2461/926 833/2084/669
f 973/2517/949 766/2082/689 774/2463/911
f 1154/2518/479 1201/2519/480 1153/2520/480
f 693/1745/956 1171/2521/957 691/1700/957
f 715/1723/958 1184/2522/959 1183/2523/958
f 727/1710/960 1188/2524/961 725/1712/961
f 737/1698/962 1193/2525/963 735/1702/963
f 703/1734/964 1176/2526/965 701/1736/965
f 713/1725/966 1181/2527/967 711/1727/967
f 721/1716/968 1187/2528/969 1186/2529/968
f 731/1707/970 1192/2530/971 1191/2531/970
f 699/1738/972 1174/2532/973 697/1740/973
f 707/1731/467 1180/2533/974 1179/2534/467
f 717/1721/975 1185/2535/976 1184/2522/959
f 729/1709/977 1189/2536/960 727/1710/960
f 737/1698/962 1171/2521/957 1194/2537/978
f 695/1743/979 1172/2538/956 693/1745/956
f 705/1697/468 1177/2539/964 703/1734/964
f 713/1725/966 1183/2523/958 1182/2540/980
f 723/1714/969 1188/2524/961 1187/2528/969
f 735/1702/963 1192/2541/971 733/2542/971
f 701/1736/965 1175/2543/972 699/1738/972
f 709/1729/974 1181/2527/967 1180/2533/974
f 721/1718/968 1185/2535/976 719/1719/976
f 731/1707/970 1190/2544/977 729/1709/977
f 695/1743/979 1174/2545/973 1173/2546/979
f 1147/2547/981 1172/2548/981 1148/2549/981
f 1149/2550/981 1172/2548/981 1173/2551/981
f 1149/2550/981 1174/2552/981 1150/2553/981
f 1151/2554/981 1174/2552/981 1175/2555/981
f 1151/2554/981 1176/2556/981 1152/2557/981
f 1153/2558/981 1176/2556/981 1177/2559/981
f 1153/2558/981 1178/2560/981 1154/2561/981
f 1154/2561/981 1179/2562/981 1155/2563/981
f 1156/2564/981 1179/2562/981 1180/2565/981
f 1157/2566/981 1180/2565/981 1181/2567/981
f 1157/2566/981 1182/2568/981 1158/2569/981
f 1159/2570/981 1182/2568/981 1183/2571/981
f 1159/2570/981 1184/2572/981 1160/2573/981
f 1161/2574/981 1184/2572/981 1185/2575/981
f 1161/2574/981 1186/2576/981 1162/2577/981
f 1163/2578/981 1186/2576/981 1187/2579/981
f 1164/2580/981 1187/2579/981 1188/2581/981
f 1164/2580/981 1189/2582/981 1165/2583/981
f 1166/2584/981 1189/2582/981 1190/2585/981
f 1166/2584/981 1191/2586/981 1167/2587/981
f 1168/2588/981 1191/2586/981 1192/2589/981
f 1168/2588/981 1193/2590/981 1169/2591/981
f 1169/2591/981 1194/2592/981 1170/2593/981
f 1147/2547/981 1194/2592/981 1171/2594/981
f 1210/2595/981 1214/2596/981 1218/2597/981
f 1169/2598/495 1216/2599/497 1168/2600/497
f 1161/2601/511 1210/2602/509 1209/2603/511
f 1155/2604/477 1202/2605/479 1154/2518/479
f 1170/2606/493 1217/2607/495 1169/2598/495
f 1148/2608/490 1195/2609/442 1147/2610/442
f 1162/2611/509 1211/2612/507 1210/2613/509
f 1156/2614/475 1203/2615/477 1155/2604/477
f 1147/2610/442 1218/2616/493 1170/2606/493
f 1149/2617/488 1196/2618/490 1148/2608/490
f 1164/2619/505 1211/2612/507 1163/2620/507
f 1156/2614/475 1205/2621/473 1204/2622/475
f 1150/2623/486 1197/2624/488 1149/2617/488
f 1165/2625/503 1212/2626/505 1164/2619/505
f 1158/2627/469 1205/2628/473 1157/2629/473
f 1151/2630/484 1198/2631/486 1150/2632/486
f 1166/2633/501 1213/2634/503 1165/2625/503
f 1159/2635/471 1206/2636/469 1158/2627/469
f 1152/2637/482 1199/2638/484 1151/2630/484
f 1167/2639/499 1214/2640/501 1166/2633/501
f 1160/2641/513 1207/2642/471 1159/2635/471
f 1153/2520/480 1200/2643/482 1152/2637/482
f 1168/2600/497 1215/2644/499 1167/2645/499
f 1161/2601/511 1208/2646/513 1160/2641/513
f 868/1639/418 694/1694/466 696/1640/419
f 870/1642/421 867/1753/514 875/1643/422
f 878/1644/423 875/1643/422 883/1645/424
f 886/1647/425 883/2647/424 891/1648/426
f 894/1649/427 891/1648/426 899/1650/428
f 902/1651/429 899/1650/428 907/1652/430
f 910/1653/431 907/1652/430 915/1654/432
f 918/1655/433 915/1654/432 923/1656/434
f 926/1658/435 923/2648/434 931/1659/436
f 934/1660/437 931/1659/436 939/1661/438
f 942/1662/439 939/1661/438 947/1663/440
f 950/1664/441 947/1663/440 955/1665/442
f 955/1665/442 963/1668/444 966/1667/443
f 963/1668/444 971/1670/446 974/1669/445
f 971/1670/446 979/2649/448 982/1671/447
f 979/1672/448 987/1675/450 990/1673/449
f 987/1675/450 995/1677/452 998/1676/451
f 995/1677/452 1003/1679/454 1006/1678/453
f 1003/1679/454 1011/1681/456 1014/1680/455
f 1011/1681/456 1019/1683/458 1022/1682/457
f 1019/1683/458 1027/2650/460 1030/1684/459
f 1027/1685/460 1035/1691/463 1038/1686/461
f 696/1690/462 694/2651/462 692/2652/462
f 692/2652/462 738/2653/462 696/1690/462
f 738/2653/462 736/2654/462 696/1690/462
f 736/2654/462 734/2655/462 732/2656/462
f 732/2656/462 730/2657/462 728/1688/462
f 728/1688/462 726/2658/462 724/2659/462
f 724/2659/462 722/2660/462 728/1688/462
f 722/2660/462 720/2661/462 728/1688/462
f 720/2661/462 718/2662/462 712/1689/462
f 718/2662/462 716/2663/462 712/1689/462
f 716/2663/462 714/2664/462 712/1689/462
f 712/1689/462 710/2665/462 708/2666/462
f 708/2666/462 706/2667/462 704/2668/462
f 704/2668/462 702/2669/462 696/1690/462
f 702/2669/462 700/2670/462 696/1690/462
f 700/2670/462 698/2671/462 696/1690/462
f 736/2654/462 732/2656/462 728/1688/462
f 712/1689/462 708/2666/462 696/1690/462
f 708/2666/462 704/2668/462 696/1690/462
f 696/1690/462 736/2654/462 728/1688/462
f 728/1688/462 720/2661/462 712/1689/462
f 1035/1691/463 1043/1927/584 1046/1692/464
f 865/1693/465 692/2672/982 694/1694/466
f 707/1695/467 1179/2673/467 1178/1696/468
f 737/1698/469 762/1760/521 739/1699/470
f 761/1701/472 762/1760/521 737/1698/469
f 760/1703/474 761/2674/472 735/1704/473
f 759/1706/476 760/1703/474 733/1705/475
f 758/1708/478 759/1706/476 731/1707/477
f 727/1710/480 757/1795/534 758/1708/478
f 756/1711/481 757/1795/534 727/1710/480
f 755/1713/483 756/1711/481 725/1712/482
f 754/1715/485 755/1713/483 723/1714/484
f 753/1717/487 754/1824/485 721/1718/486
f 752/1720/489 753/1717/487 719/1719/488
f 751/1722/491 752/1720/489 717/1721/490
f 750/1724/492 751/1722/491 715/1723/442
f 749/1726/494 750/1724/492 713/1725/493
f 748/1728/496 749/1726/494 711/1727/495
f 747/1730/498 748/1728/496 709/1729/497
f 746/1732/500 747/1873/498 707/1695/499
f 745/1733/502 746/1732/500 705/1697/501
f 744/1735/504 745/1733/502 703/1734/503
f 743/1737/506 744/1735/504 701/1736/505
f 742/1739/508 743/1737/506 699/1738/507
f 741/1741/510 742/1912/508 697/1742/509
f 740/1744/512 741/1741/510 695/1743/511
f 739/1699/470 740/1744/512 693/1745/513
f 859/1746/471 862/2675/471 871/1747/514
f 861/1749/471 864/2676/471 869/1750/514
f 863/1752/471 866/2677/471 867/1753/514
f 738/1754/515 692/2672/982 865/1693/465
f 857/1756/517 856/2366/870 855/1757/518
f 1041/1759/520 1049/1924/583 762/1760/521
f 1039/1761/463 1047/1925/584 1050/1762/464
f 1037/1764/463 1045/1926/584 1048/1765/464
f 736/1767/522 738/1754/515 1044/1755/516
f 1033/1769/524 1041/1759/520 761/1701/472
f 1031/1771/460 1039/1761/463 1042/1763/461
f 1029/1773/460 1037/1764/463 1040/1766/461
f 734/1775/525 736/1767/522 1036/1768/523
f 1025/1777/527 1033/2678/524 760/1703/474
f 1023/1778/458 1031/2679/460 1034/1779/459
f 1021/1781/458 1029/2680/460 1032/1782/459
f 732/1784/528 734/2681/525 1028/1785/526
f 1017/1787/530 1025/1777/527 759/1706/476
f 1015/1788/456 1023/1778/458 1026/1780/457
f 1013/1790/456 1021/1781/458 1024/1783/457
f 730/1792/531 732/1784/528 1020/1786/529
f 1009/1794/533 1017/1787/530 758/1708/478
f 1007/1796/454 1015/1788/456 1018/1789/455
f 1005/1798/454 1013/1790/456 1016/1791/455
f 728/1800/535 730/1792/531 1012/1793/532
f 1001/1802/537 1009/1794/533 757/1795/534
f 999/1803/452 1007/1796/454 1010/1797/453
f 997/1805/452 1005/1798/454 1008/1799/453
f 726/1807/538 728/1800/535 1004/1801/536
f 993/1809/540 1001/1802/537 756/1711/481
f 991/1810/450 999/1803/452 1002/1804/451
f 989/1812/450 997/1805/452 1000/1806/451
f 724/1814/541 726/1807/538 996/1808/539
f 985/1816/543 993/1809/540 755/1713/483
f 983/1817/448 991/1810/450 994/1811/449
f 981/1819/448 989/1812/450 992/1813/449
f 722/1821/544 724/1814/541 988/1815/542
f 977/1823/546 985/2682/543 754/1824/485
f 975/1825/446 983/2683/448 986/1826/447
f 973/1828/446 981/2684/448 984/1829/447
f 720/1831/547 722/2685/544 980/1832/545
f 969/1834/549 977/1823/546 753/1717/487
f 967/1835/444 975/1825/446 978/1827/445
f 965/1837/444 973/1828/446 976/1830/445
f 718/1839/550 720/1831/547 972/1833/548
f 961/1841/552 969/1834/549 752/1720/489
f 959/1842/442 967/1835/444 970/1836/443
f 957/1844/442 965/1837/444 968/1838/443
f 716/1846/553 718/1839/550 964/1840/551
f 750/1724/492 953/1851/556 961/1841/552
f 954/1848/441 951/1853/440 959/1842/442
f 952/1849/441 949/1855/440 957/1844/442
f 948/1850/555 714/1857/558 716/1846/553
f 749/1726/494 945/1858/559 953/1851/556
f 946/1852/439 943/1860/438 951/1853/440
f 944/1854/439 941/1862/438 949/1855/440
f 940/1856/557 712/1864/561 714/1857/558
f 748/1728/496 937/1865/562 945/1858/559
f 938/1859/437 935/1867/436 943/1860/438
f 936/1861/437 933/1869/436 941/1862/438
f 932/1863/560 710/1871/564 712/1864/561
f 747/1730/498 929/2686/565 937/1865/562
f 930/1866/435 927/2687/434 935/1867/436
f 928/1868/435 925/2688/434 933/1869/436
f 924/1870/563 708/2689/567 710/1871/564
f 746/1732/500 921/1883/568 929/1872/565
f 922/1874/433 919/1885/432 927/1875/434
f 920/1877/433 917/1887/432 925/1878/434
f 916/1880/566 706/1889/570 708/1881/567
f 745/1733/502 913/1890/571 921/1883/568
f 914/1884/431 911/1892/430 919/1885/432
f 912/1886/431 909/1894/430 917/1887/432
f 908/1888/569 704/1896/573 706/1889/570
f 744/1735/504 905/1897/574 913/1890/571
f 906/1891/429 903/1899/428 911/1892/430
f 904/1893/429 901/1901/428 909/1894/430
f 900/1895/572 702/1903/576 704/1896/573
f 743/1737/506 897/1904/577 905/1897/574
f 898/1898/427 895/1906/426 903/1899/428
f 896/1900/427 893/1908/426 901/1901/428
f 892/1902/575 700/1910/579 702/1903/576
f 742/1739/508 889/2690/580 897/1904/577
f 890/1905/425 887/2691/424 895/1906/426
f 888/1907/425 885/2692/424 893/1908/426
f 884/1909/578 698/2693/581 700/1910/579
f 741/1741/510 881/1921/582 889/1911/580
f 882/1913/423 879/1922/422 887/1914/424
f 880/1916/423 877/1923/422 885/1917/424
f 876/1641/420 696/1640/419 698/1919/581
f 740/1744/512 873/2164/738 881/1921/582
f 874/1748/421 871/1747/514 879/1922/422
f 872/1751/421 869/1750/514 877/1923/422
f 1049/1924/583 860/2694/983 739/1699/470
f 1047/1925/584 862/2675/471 859/1746/471
f 1045/1926/584 864/2676/471 861/1749/471
f 1043/1927/584 866/2677/471 863/1752/471
f 1023/1928/585 1015/2464/927 816/1929/586
f 989/1931/588 981/2462/910 782/1932/589
f 1048/1934/591 861/2497/592 852/1935/592
f 947/1937/594 1065/2459/924 1057/1938/595
f 1016/1940/596 1024/2063/668 823/1941/597
f 913/1943/599 1099/2455/922 1091/1944/600
f 982/1946/602 990/2067/682 789/1947/603
f 879/1949/605 1133/2451/920 1125/1950/606
f 956/1952/608 1058/2072/608 1066/1953/609
f 922/1955/611 1092/2074/657 1100/1956/612
f 860/1958/614 1049/2467/928 858/1959/615
f 888/1961/616 1126/2076/675 1134/1962/617
f 1025/1964/619 1017/2440/912 818/1965/620
f 991/1967/588 983/2438/910 784/1968/589
f 949/1970/622 1063/2437/893 1055/1971/595
f 1018/1973/623 1026/2083/690 825/1974/624
f 915/1976/626 1097/2433/908 1089/1977/627
f 984/1979/602 992/2087/682 791/1980/603
f 1050/1982/629 859/2489/592 856/1983/592
f 881/1985/631 1131/2426/902 1123/1986/632
f 958/1988/634 1056/2092/634 1064/1989/635
f 924/1991/637 1090/2094/697 1098/1992/638
f 890/1994/640 1124/2096/675 1132/1995/641
f 1027/1997/643 1019/2417/896 820/1998/587
f 993/2000/645 985/2415/894 786/2001/646
f 951/2003/622 1061/2411/893 1053/2004/595
f 1020/2006/648 1028/2103/703 827/2007/649
f 917/2009/651 1095/2407/879 1087/2010/652
f 986/2012/602 994/2107/706 793/2013/603
f 883/2015/607 1129/2403/606 1121/2016/654
f 960/2018/634 1054/2112/634 1062/2019/635
f 926/2021/656 1088/2114/710 1096/2022/657
f 892/2024/659 1122/2116/712 1130/2025/660
f 1029/2027/643 1021/2391/585 822/2028/662
f 995/2030/663 987/2389/882 788/2031/664
f 953/2033/666 1059/2388/881 1051/2034/667
f 1022/2036/668 1030/2123/718 829/2037/669
f 919/2039/651 1093/2384/879 1085/2040/652
f 988/2042/670 996/2127/720 795/2043/671
f 885/2045/607 1127/2377/606 1119/2046/654
f 962/2048/608 1052/2132/608 1060/2049/635
f 928/2051/656 1086/2134/710 1094/2052/657
f 894/2054/674 1120/2136/724 1128/2055/675
f 1031/2057/643 1023/1928/585 824/1930/587
f 997/2059/676 989/1931/588 790/1933/590
f 963/2061/678 955/1939/595 1057/1938/595
f 1024/2063/668 1032/2143/718 831/2064/669
f 921/1945/601 1091/1944/600 1083/2065/680
f 990/2067/682 998/2147/730 797/2068/683
f 887/1951/607 1125/1950/606 1117/2069/654
f 956/1952/608 964/2151/732 763/2071/684
f 930/2073/685 1084/2154/710 1092/2074/657
f 896/2075/674 1118/2156/724 1126/2076/675
f 1033/2077/686 1025/1964/619 826/1966/621
f 999/2079/676 991/1967/588 792/1969/590
f 965/2081/688 957/1972/595 1055/1971/595
f 1026/2083/690 1034/2516/955 833/2084/669
f 923/1978/628 1089/1977/627 1081/2085/691
f 992/2087/682 1000/2513/730 799/2088/683
f 889/1987/633 1123/1986/632 1115/2089/693
f 958/1988/634 966/2511/940 765/2091/695
f 932/2093/696 1082/2509/952 1090/2094/697
f 898/2095/698 1116/2508/951 1124/2096/675
f 1035/2097/699 1027/1997/643 828/1999/644
f 1001/2099/701 993/2000/645 794/2002/647
f 967/2101/688 959/2005/595 1053/2004/595
f 1028/2103/703 1036/2503/948 835/2104/704
f 925/2011/653 1087/2010/652 1079/2105/691
f 994/2107/706 1002/2500/947 801/2108/683
f 891/2017/655 1121/2016/654 1113/2109/707
f 960/2018/634 968/2498/940 767/2111/695
f 934/2113/709 1080/2496/930 1088/2114/710
f 900/2115/711 1114/2495/946 1122/2116/712
f 1037/2117/713 1029/2027/643 830/2029/644
f 1003/2119/714 995/2030/663 796/2032/665
f 969/2121/716 961/2035/667 1051/2034/667
f 1030/2123/718 1038/2490/935 837/2124/719
f 927/2041/653 1085/2040/652 1077/2125/691
f 996/2127/720 1004/2487/941 803/2128/721
f 893/2047/673 1119/2046/654 1111/2129/707
f 962/2048/608 970/2485/940 769/2131/695
f 936/2133/709 1078/2483/930 1086/2134/710
f 902/2135/723 1112/2482/929 1120/2136/724
f 1039/2137/713 1031/2057/643 832/2058/644
f 1005/2139/725 997/2059/676 798/2060/677
f 971/2141/726 963/2061/678 764/2062/679
f 1032/2143/718 1040/2476/935 839/2144/719
f 929/2066/681 1083/2065/680 1075/2145/728
f 998/2147/730 1006/2474/933 805/2148/731
f 895/2070/673 1117/2069/654 1109/2149/707
f 964/2151/732 972/2472/931 771/2152/733
f 938/2153/709 1076/2469/930 1084/2154/710
f 904/2155/723 1110/2468/929 1118/2156/724
f 1041/2157/734 1033/2077/686 834/2078/687
f 866/2159/614 843/2445/614 1145/2160/736
f 1007/2162/725 999/2079/676 800/2080/677
f 739/1699/470 860/2694/983 873/2164/738
f 853/2165/739 852/2367/471 851/2166/471
f 849/2168/739 848/2368/471 847/2169/471
f 845/2171/741 844/2369/871 843/2172/742
f 841/2174/744 857/1756/517 858/1758/519
f 839/2176/746 853/2165/739 854/2167/740
f 837/2178/746 849/2168/739 850/2170/740
f 835/2180/748 845/2171/741 846/2173/743
f 833/2182/750 841/2174/744 842/2175/745
f 831/2184/752 839/2176/746 840/2177/747
f 829/2186/752 837/2178/746 838/2179/747
f 827/2188/754 835/2180/748 836/2181/749
f 825/2190/756 833/2695/750 834/2191/751
f 823/2193/758 831/2696/752 832/2194/753
f 821/2196/758 829/2697/752 830/2197/753
f 819/2199/760 827/2698/754 828/2200/755
f 817/2202/762 825/2190/756 826/2192/757
f 815/2204/764 823/2193/758 824/2195/759
f 813/2206/764 821/2196/758 822/2198/759
f 811/2208/766 819/2199/760 820/2201/761
f 809/2210/768 817/2202/762 818/2203/763
f 807/2212/454 815/2204/764 816/2205/765
f 805/2214/454 813/2206/764 814/2207/765
f 803/2216/770 811/2208/766 812/2209/767
f 801/2218/772 809/2210/768 810/2211/769
f 799/2220/774 807/2212/454 808/2213/453
f 797/2222/774 805/2214/454 806/2215/453
f 795/2224/776 803/2216/770 804/2217/771
f 793/2226/778 801/2218/772 802/2219/773
f 791/2228/780 799/2220/774 800/2221/775
f 789/2230/780 797/2222/774 798/2223/775
f 787/2232/782 795/2224/776 796/2225/777
f 785/2234/784 793/2226/778 794/2227/779
f 783/2236/786 791/2228/780 792/2229/781
f 781/2238/786 789/2230/780 790/2231/781
f 779/2240/788 787/2232/782 788/2233/783
f 777/2242/790 785/2699/784 786/2243/785
f 775/2245/792 783/2700/786 784/2246/787
f 773/2248/792 781/2701/786 782/2249/787
f 771/2251/794 779/2702/788 780/2252/789
f 769/2254/796 777/2242/790 778/2244/791
f 767/2256/798 775/2245/792 776/2247/793
f 765/2258/798 773/2248/792 774/2250/793
f 763/2260/800 771/2251/794 772/2253/795
f 1052/2262/802 769/2254/796 770/2255/797
f 1054/2264/442 767/2256/798 768/2257/799
f 1056/2266/442 765/2258/798 766/2259/799
f 1058/2268/804 763/2260/800 764/2261/801
f 1052/2262/802 1051/2263/803 1059/2270/806
f 1054/2264/442 1053/2265/442 1061/2272/808
f 1056/2266/442 1055/2267/442 1063/2274/808
f 1058/2268/804 1057/2269/805 1065/2276/810
f 1060/2271/807 1059/2270/806 1067/2278/812
f 1062/2273/809 1061/2272/808 1069/2280/814
f 1064/2275/809 1063/2274/808 1071/2282/814
f 1066/2277/811 1065/2276/810 1073/2284/816
f 1068/2279/813 1067/2278/812 1075/2286/818
f 1070/2281/815 1069/2280/814 1077/2288/820
f 1072/2283/815 1071/2282/814 1079/2290/820
f 1074/2285/817 1073/2284/816 1081/2292/822
f 1076/2287/819 1075/2286/818 1083/2294/824
f 1078/2289/821 1077/2288/820 1085/2296/826
f 1080/2291/821 1079/2290/820 1087/2298/826
f 1082/2293/823 1081/2292/822 1089/2300/828
f 1084/2302/825 1083/2703/824 1091/2303/830
f 1086/2305/827 1085/2704/826 1093/2306/832
f 1088/2308/827 1087/2705/826 1095/2309/832
f 1090/2311/829 1089/2706/828 1097/2312/834
f 1092/2304/831 1091/2303/830 1099/2314/836
f 1094/2307/833 1093/2306/832 1101/2316/431
f 1096/2310/833 1095/2309/832 1103/2318/431
f 1098/2313/835 1097/2312/834 1105/2320/838
f 1100/2315/837 1099/2314/836 1107/2322/840
f 1102/2317/430 1101/2316/431 1109/2324/842
f 1104/2319/430 1103/2318/431 1111/2326/842
f 1106/2321/839 1105/2320/838 1113/2328/844
f 1108/2323/841 1107/2322/840 1115/2330/846
f 1110/2325/843 1109/2324/842 1117/2332/848
f 1112/2327/843 1111/2326/842 1119/2334/848
f 1114/2329/845 1113/2328/844 1121/2336/850
f 1116/2331/847 1115/2330/846 1123/2338/852
f 1118/2333/849 1117/2332/848 1125/2340/854
f 1120/2335/849 1119/2334/848 1127/2342/854
f 1122/2337/851 1121/2336/850 1129/2344/856
f 1124/2346/853 1123/2707/852 1131/2347/858
f 1126/2349/855 1125/2708/854 1133/2350/860
f 1128/2352/855 1127/2709/854 1135/2353/860
f 1130/2355/857 1129/2710/856 1137/2356/862
f 1132/2348/859 1131/2347/858 1139/2358/864
f 1134/2351/861 1133/2350/860 1141/2360/866
f 1136/2354/861 1135/2353/860 1143/2362/866
f 1138/2357/863 1137/2356/862 1145/2364/868
f 1140/2359/865 1139/2358/864 855/1757/518
f 1142/2361/867 1141/2360/866 851/2166/471
f 1144/2363/867 1143/2362/866 847/2169/471
f 1146/2365/869 1145/2364/868 843/2172/742
f 886/2056/616 1128/2055/675 1136/2370/617
f 920/2053/658 1094/2052/657 1102/2372/612
f 954/2050/636 1060/2049/635 1068/2374/872
f 877/2376/605 1135/2471/920 1127/2377/606
f 862/2378/874 1047/2481/939 854/2379/875
f 980/2381/876 988/2042/670 787/2044/672
f 911/2383/878 1101/2473/932 1093/2384/879
f 1014/2385/596 1022/2036/668 821/2038/597
f 945/2387/880 1067/2475/934 1059/2388/881
f 987/2389/882 979/2477/936 780/2390/589
f 1021/2391/585 1013/2478/927 814/2392/586
f 884/2026/661 1130/2025/660 1138/2393/883
f 1046/2395/591 863/2506/592 848/2396/592
f 918/2023/658 1096/2022/657 1104/2398/612
f 952/2020/636 1062/2019/635 1070/2400/872
f 875/2402/887 1137/2484/920 1129/2403/606
f 978/2404/888 986/2012/602 785/2014/604
f 909/2406/878 1103/2486/932 1095/2407/879
f 1012/2408/890 1020/2006/648 819/2008/650
f 943/2410/892 1069/2488/942 1061/2411/893
f 864/2412/874 1045/2494/939 850/2413/875
f 985/2415/894 977/2491/943 778/2416/895
f 1019/2417/896 1011/2492/944 812/2418/586
f 882/1996/642 1132/1995/641 1140/2419/897
f 916/1993/639 1098/1992/638 1106/2421/899
f 950/1990/636 1064/1989/635 1072/2423/872
f 873/2425/901 1139/2493/945 1131/2426/902
f 1044/2427/903 865/2515/904 844/2428/904
f 976/2430/906 984/1979/602 783/1981/604
f 907/2432/907 1105/2499/932 1097/2433/908
f 1010/2434/909 1018/1973/623 817/1975/625
f 941/2436/892 1071/2501/942 1063/2437/893
f 983/2438/910 975/2504/949 776/2439/911
f 1017/2440/912 1009/2505/950 810/2441/913
f 880/1963/618 1134/1962/617 1142/2442/914
f 866/2159/614 1043/2507/939 846/2444/875
f 914/1957/613 1100/1956/612 1108/2446/916
f 948/1954/610 1066/1953/609 1074/2448/918
f 871/2450/737 1141/2502/736 1133/2451/920
f 974/2452/906 982/1946/602 781/1948/604
f 905/2454/921 1107/2512/953 1099/2455/922
f 1008/2456/909 1016/1940/596 815/1942/598
f 939/2458/923 1073/2514/954 1065/2459/924
f 1042/2460/925 1050/1982/629 857/1984/630
f 981/2462/910 973/2517/949 774/2463/911
f 1015/2464/927 1007/2162/725 808/2163/715
f 878/2371/618 1136/2370/617 1144/2465/914
f 1049/2467/928 1041/2157/734 842/2158/735
f 912/2373/613 1102/2372/612 1110/2468/929
f 946/2375/873 1068/2374/872 1076/2469/930
f 869/2470/737 1143/2510/736 1135/2471/920
f 972/2472/931 980/2381/876 779/2382/877
f 903/2150/722 1109/2149/707 1101/2473/932
f 1006/2474/933 1014/2385/596 813/2386/598
f 937/2146/729 1075/2145/728 1067/2475/934
f 1040/2476/935 1048/1934/591 853/1936/593
f 979/2477/936 971/2141/726 772/2142/727
f 1013/2478/927 1005/2139/725 806/2140/715
f 876/2394/884 1138/2393/883 1146/2479/937
f 1047/2481/939 1039/2137/713 840/2138/700
f 910/2399/885 1104/2398/612 1112/2482/929
f 944/2401/886 1070/2400/872 1078/2483/930
f 867/2161/737 1145/2160/736 1137/2484/920
f 970/2485/940 978/2404/888 777/2405/889
f 901/2130/722 1111/2129/707 1103/2486/932
f 1004/2487/941 1012/2408/890 811/2409/891
f 935/2126/705 1077/2125/691 1069/2488/942
f 874/2420/898 1140/2419/897 856/1983/592
f 1038/2490/935 1046/2395/591 849/2397/593
f 977/2491/943 969/2121/716 770/2122/717
f 1011/2492/944 1003/2119/714 804/2120/715
f 860/1958/614 855/1960/614 1139/2493/945
f 1045/2494/939 1037/2117/713 838/2118/700
f 908/2422/900 1106/2421/899 1114/2495/946
f 942/2424/886 1072/2423/872 1080/2496/930
f 872/2443/915 1142/2442/914 852/1935/592
f 968/2498/940 976/2430/906 775/2431/889
f 899/2110/708 1113/2109/707 1105/2499/932
f 1002/2500/947 1010/2434/909 809/2435/731
f 933/2106/705 1079/2105/691 1071/2501/942
f 862/2378/874 851/2380/874 1141/2502/736
f 1036/2503/948 1044/2427/903 845/2429/905
f 975/2504/949 967/2101/688 768/2102/689
f 1009/2505/950 1001/2099/701 802/2100/702
f 870/2466/915 1144/2465/914 848/2396/592
f 1043/2507/939 1035/2097/699 836/2098/700
f 906/2447/917 1108/2446/916 1116/2508/951
f 940/2449/919 1074/2448/918 1082/2509/952
f 864/2412/874 847/2414/874 1143/2510/736
f 966/2511/940 974/2452/906 773/2453/889
f 897/2090/694 1115/2089/693 1107/2512/953
f 1000/2513/730 1008/2456/909 807/2457/731
f 931/2086/692 1081/2085/691 1073/2514/954
f 868/2480/938 1146/2479/937 844/2428/904
f 1034/2516/955 1042/2460/925 841/2461/926
f 973/2517/949 965/2081/688 766/2082/689
f 1154/2518/479 1202/2605/479 1201/2519/480
f 693/1745/956 1172/2538/956 1171/2521/957
f 715/1723/958 717/1721/975 1184/2522/959
f 727/1710/960 1189/2536/960 1188/2524/961
f 737/1698/962 1194/2537/978 1193/2525/963
f 703/1734/964 1177/2539/964 1176/2526/965
f 713/1725/966 1182/2540/980 1181/2527/967
f 721/1716/968 723/1714/969 1187/2528/969
f 731/1707/970 733/1705/971 1192/2530/971
f 699/1738/972 1175/2543/972 1174/2532/973
f 707/1731/467 709/1729/974 1180/2533/974
f 717/1721/975 719/1719/976 1185/2535/976
f 729/1709/977 1190/2544/977 1189/2536/960
f 737/1698/962 691/1700/957 1171/2521/957
f 695/1743/979 1173/2546/979 1172/2538/956
f 705/1697/468 1178/1696/468 1177/2539/964
f 713/1725/966 715/1723/958 1183/2523/958
f 723/1714/969 725/1712/961 1188/2524/961
f 735/1702/963 1193/2525/963 1192/2541/971
f 701/1736/965 1176/2526/965 1175/2543/972
f 709/1729/974 711/1727/967 1181/2527/967
f 721/1718/968 1186/2711/968 1185/2535/976
f 731/1707/970 1191/2531/970 1190/2544/977
f 695/1743/979 697/1742/973 1174/2545/973
f 1147/2547/981 1171/2594/981 1172/2548/981
f 1149/2550/981 1148/2549/981 1172/2548/981
f 1149/2550/981 1173/2551/981 1174/2552/981
f 1151/2554/981 1150/2553/981 1174/2552/981
f 1151/2554/981 1175/2555/981 1176/2556/981
f 1153/2558/981 1152/2557/981 1176/2556/981
f 1153/2558/981 1177/2559/981 1178/2560/981
f 1154/2561/981 1178/2560/981 1179/2562/981
f 1156/2564/981 1155/2563/981 1179/2562/981
f 1157/2566/981 1156/2564/981 1180/2565/981
f 1157/2566/981 1181/2567/981 1182/2568/981
f 1159/2570/981 1158/2569/981 1182/2568/981
f 1159/2570/981 1183/2571/981 1184/2572/981
f 1161/2574/981 1160/2573/981 1184/2572/981
f 1161/2574/981 1185/2575/981 1186/2576/981
f 1163/2578/981 1162/2577/981 1186/2576/981
f 1164/2580/981 1163/2578/981 1187/2579/981
f 1164/2580/981 1188/2581/981 1189/2582/981
f 1166/2584/981 1165/2583/981 1189/2582/981
f 1166/2584/981 1190/2585/981 1191/2586/981
f 1168/2588/981 1167/2587/981 1191/2586/981
f 1168/2588/981 1192/2589/981 1193/2590/981
f 1169/2591/981 1193/2590/981 1194/2592/981
f 1147/2547/981 1170/2593/981 1194/2592/981
f 1218/2597/981 1195/2712/981 1196/2713/981
f 1196/2713/981 1197/2714/981 1198/2715/981
f 1198/2715/981 1199/2716/981 1200/2717/981
f 1200/2717/981 1201/2718/981 1202/2719/981
f 1202/2719/981 1203/2720/981 1206/2721/981
f 1203/2720/981 1204/2722/981 1206/2721/981
f 1204/2722/981 1205/2723/981 1206/2721/981
f 1206/2721/981 1207/2724/981 1208/2725/981
f 1208/2725/981 1209/2726/981 1210/2595/981
f 1210/2595/981 1211/2727/981 1212/2728/981
f 1212/2728/981 1213/2729/981 1210/2595/981
f 1213/2729/981 1214/2596/981 1210/2595/981
f 1214/2596/981 1215/2730/981 1218/2597/981
f 1215/2730/981 1216/2731/981 1218/2597/981
f 1216/2731/981 1217/2732/981 1218/2597/981
f 1218/2597/981 1196/2713/981 1202/2719/981
f 1196/2713/981 1198/2715/981 1202/2719/981
f 1198/2715/981 1200/2717/981 1202/2719/981
f 1206/2721/981 1208/2725/981 1210/2595/981
f 1202/2719/981 1206/2721/981 1218/2597/981
f 1206/2721/981 1210/2595/981 1218/2597/981
f 1169/2598/495 1217/2607/495 1216/2599/497
f 1161/2601/511 1162/2733/509 1210/2602/509
f 1155/2604/477 1203/2615/477 1202/2605/479
f 1170/2606/493 1218/2616/493 1217/2607/495
f 1148/2608/490 1196/2618/490 1195/2609/442
f 1162/2611/509 1163/2620/507 1211/2612/507
f 1156/2614/475 1204/2622/475 1203/2615/477
f 1147/2610/442 1195/2609/442 1218/2616/493
f 1149/2617/488 1197/2624/488 1196/2618/490
f 1164/2619/505 1212/2626/505 1211/2612/507
f 1156/2614/475 1157/2734/473 1205/2621/473
f 1150/2623/486 1198/2735/486 1197/2624/488
f 1165/2625/503 1213/2634/503 1212/2626/505
f 1158/2627/469 1206/2636/469 1205/2628/473
f 1151/2630/484 1199/2638/484 1198/2631/486
f 1166/2633/501 1214/2640/501 1213/2634/503
f 1159/2635/471 1207/2642/471 1206/2636/469
f 1152/2637/482 1200/2643/482 1199/2638/484
f 1167/2639/499 1215/2736/499 1214/2640/501
f 1160/2641/513 1208/2646/513 1207/2642/471
f 1153/2520/480 1201/2519/480 1200/2643/482
f 1168/2600/497 1216/2599/497 1215/2644/499
f 1161/2601/511 1209/2603/511 1208/2646/513
o Cylinder.001
v 0.000000 0.410916 0.090906
v 0.000000 0.399442 0.632597
v 0.015053 0.408935 0.090906
v 0.012083 0.397851 0.632597
v 0.029080 0.403124 0.090906
v 0.023343 0.393187 0.632597
v 0.041126 0.393882 0.090906
v 0.033012 0.385768 0.632597
v 0.050368 0.381836 0.090906
v 0.040431 0.376099 0.632597
v 0.056179 0.367809 0.090906
v 0.045095 0.364839 0.632597
v 0.058161 0.352756 0.090906
v 0.046686 0.352756 0.632597
v 0.056179 0.337703 0.090906
v 0.045095 0.340673 0.632597
v 0.050368 0.323676 0.090906
v 0.040431 0.329413 0.632597
v 0.041126 0.311630 0.090906
v 0.033012 0.319744 0.632597
v 0.029080 0.302387 0.090906
v 0.023343 0.312325 0.632597
v 0.015053 0.296577 0.090906
v 0.012083 0.307661 0.632597
v 0.000000 0.294595 0.090906
v 0.000000 0.306070 0.632597
v -0.015053 0.296577 0.090906
v -0.012083 0.307661 0.632597
v -0.029080 0.302387 0.090906
v -0.023343 0.312325 0.632597
v -0.041126 0.311630 0.090906
v -0.033012 0.319744 0.632597
v -0.050368 0.323676 0.090906
v -0.040431 0.329413 0.632597
v -0.056179 0.337703 0.090906
v -0.045095 0.340673 0.632597
v -0.058160 0.352756 0.090906
v -0.046686 0.352756 0.632597
v -0.056179 0.367809 0.090906
v -0.045095 0.364839 0.632597
v -0.050368 0.381836 0.090906
v -0.040431 0.376099 0.632597
v -0.041126 0.393882 0.090906
v -0.033012 0.385768 0.632597
v -0.029080 0.403124 0.090906
v -0.023343 0.393187 0.632597
v -0.015053 0.408935 0.090906
v -0.012083 0.397851 0.632597
v 0.000000 0.484148 0.525590
v 0.034007 0.479671 0.525590
v 0.065696 0.466545 0.525590
v 0.092908 0.445664 0.525590
v 0.113789 0.418452 0.525590
v 0.126915 0.386763 0.525590
v 0.131392 0.352756 0.525590
v 0.126915 0.318749 0.525590
v 0.113789 0.287060 0.525590
v 0.092908 0.259847 0.525590
v 0.065696 0.238967 0.525590
v 0.034007 0.225841 0.525590
v -0.000000 0.221364 0.525590
v -0.034007 0.225841 0.525590
v -0.065696 0.238967 0.525590
v -0.092908 0.259847 0.525590
v -0.113789 0.287060 0.525590
v -0.126915 0.318749 0.525590
v -0.131392 0.352756 0.525590
v -0.126915 0.386763 0.525590
v -0.113789 0.418452 0.525590
v -0.092908 0.445664 0.525590
v -0.065696 0.466545 0.525590
v -0.034007 0.479671 0.525590
v 0.030908 0.468104 0.400888
v 0.059709 0.456174 0.400888
v 0.084441 0.437197 0.400888
v 0.103419 0.412465 0.400888
v 0.115349 0.383663 0.400888
v 0.119418 0.352756 0.400888
v 0.115349 0.321848 0.400888
v 0.103419 0.293047 0.400888
v 0.084441 0.268315 0.400888
v 0.059709 0.249337 0.400888
v 0.030908 0.237407 0.400888
v -0.000000 0.233338 0.400888
v -0.030908 0.237407 0.400888
v -0.059709 0.249337 0.400888
v -0.084441 0.268315 0.400888
v -0.103419 0.293047 0.400888
v -0.115349 0.321848 0.400888
v -0.119418 0.352756 0.400888
v -0.115349 0.383663 0.400888
v -0.103419 0.412465 0.400888
v -0.084441 0.437197 0.400888
v -0.059709 0.456174 0.400888
v -0.030908 0.468104 0.400888
v 0.000000 0.472173 0.400888
v 0.033814 0.478951 0.298427
v 0.065323 0.465899 0.298427
v 0.092381 0.445137 0.298427
v 0.113144 0.418079 0.298427
v 0.126195 0.386570 0.298427
v 0.130647 0.352756 0.298427
v 0.126195 0.318942 0.298427
v 0.113144 0.287432 0.298427
v 0.092381 0.260374 0.298427
v 0.065323 0.239612 0.298427
v 0.033814 0.226561 0.298427
v -0.000000 0.222109 0.298427
v -0.033814 0.226561 0.298427
v -0.065323 0.239612 0.298427
v -0.092381 0.260374 0.298427
v -0.113144 0.287432 0.298427
v -0.126195 0.318942 0.298427
v -0.130647 0.352756 0.298427
v -0.126195 0.386570 0.298427
v -0.113144 0.418079 0.298427
v -0.092381 0.445137 0.298427
v -0.065323 0.465899 0.298427
v -0.033814 0.478951 0.298427
v 0.000000 0.483403 0.298427
v 0.033814 0.478951 0.173643
v 0.065323 0.465899 0.173643
v 0.092381 0.445137 0.173643
v 0.113144 0.418079 0.173643
v 0.126195 0.386570 0.173643
v 0.130647 0.352756 0.173643
v 0.126195 0.318942 0.173643
v 0.113144 0.287432 0.173643
v 0.092381 0.260375 0.173643
v 0.065323 0.239612 0.173643
v 0.033814 0.226561 0.173643
v -0.000000 0.222109 0.173643
v -0.033814 0.226561 0.173643
v -0.065323 0.239612 0.173643
v -0.092381 0.260375 0.173643
v -0.113144 0.287432 0.173643
v -0.126195 0.318942 0.173643
v -0.130647 0.352756 0.173643
v -0.126195 0.386570 0.173643
v -0.113144 0.418079 0.173643
v -0.092381 0.445137 0.173643
v -0.065323 0.465899 0.173643
v -0.033814 0.478951 0.173643
v 0.000000 0.483403 0.173643
v 0.012083 0.397851 0.668720
v 0.000000 0.399442 0.668720
v 0.023343 0.393187 0.668720
v 0.033012 0.385768 0.668720
v 0.040431 0.376099 0.668720
v 0.045095 0.364839 0.668720
v 0.046686 0.352756 0.668720
v 0.045095 0.340673 0.668720
v 0.040431 0.329413 0.668720
v 0.033012 0.319744 0.668720
v 0.023343 0.312325 0.668720
v 0.012083 0.307661 0.668720
v 0.000000 0.306070 0.668720
v -0.012083 0.307661 0.668720
v -0.023343 0.312325 0.668720
v -0.033012 0.319744 0.668720
v -0.040431 0.329413 0.668720
v -0.045095 0.340673 0.668720
v -0.046686 0.352756 0.668720
v -0.045095 0.364839 0.668720
v -0.040431 0.376099 0.668720
v -0.033012 0.385768 0.668720
v -0.023343 0.393187 0.668720
v -0.012083 0.397851 0.668720
v 0.000000 0.462464 0.298427
v 0.000000 0.462464 0.400888
v 0.028395 0.458726 0.400888
v 0.054854 0.447766 0.400888
v 0.077575 0.430331 0.400888
v 0.095010 0.407610 0.400888
v 0.105970 0.381150 0.400888
v 0.109708 0.352756 0.400888
v 0.105970 0.324361 0.400888
v 0.095010 0.297902 0.400888
v 0.077575 0.275180 0.400888
v 0.054854 0.257746 0.400888
v 0.028395 0.246786 0.400888
v 0.000000 0.243048 0.400888
v -0.028395 0.246786 0.400888
v -0.054854 0.257746 0.400888
v -0.077575 0.275180 0.400888
v -0.095010 0.297902 0.400888
v -0.105970 0.324361 0.400888
v -0.109708 0.352756 0.400888
v -0.105970 0.381150 0.400888
v -0.095010 0.407610 0.400888
v -0.077575 0.430331 0.400888
v -0.054854 0.447766 0.400888
v -0.028395 0.458726 0.400888
v 0.028395 0.458726 0.298427
v 0.054854 0.447766 0.298427
v 0.077575 0.430331 0.298427
v 0.095010 0.407610 0.298427
v 0.105970 0.381150 0.298427
v 0.109708 0.352756 0.298427
v 0.105970 0.324361 0.298427
v 0.095010 0.297902 0.298427
v 0.077575 0.275180 0.298427
v 0.054854 0.257746 0.298427
v 0.028395 0.246786 0.298427
v 0.000000 0.243048 0.298427
v -0.028395 0.246786 0.298427
v -0.054854 0.257746 0.298427
v -0.077575 0.275180 0.298427
v -0.095010 0.297902 0.298427
v -0.105970 0.324361 0.298427
v -0.109708 0.352756 0.298427
v -0.105970 0.381150 0.298427
v -0.095010 0.407610 0.298427
v -0.077575 0.430331 0.298427
v -0.054854 0.447766 0.298427
v -0.028395 0.458726 0.298427
v 0.000000 0.462464 0.332581
v 0.000000 0.462464 0.366735
v 0.032077 0.457200 0.362749
v 0.032077 0.457200 0.336567
v 0.051172 0.449291 0.362749
v 0.051172 0.449291 0.336567
v 0.077575 0.430331 0.366735
v 0.077575 0.430331 0.332581
v 0.096535 0.403928 0.362749
v 0.096535 0.403928 0.336567
v 0.104445 0.384833 0.362749
v 0.104445 0.384833 0.336567
v 0.109708 0.352756 0.366735
v 0.109708 0.352756 0.332581
v 0.104445 0.320679 0.362749
v 0.104445 0.320679 0.336567
v 0.096535 0.301584 0.362749
v 0.096535 0.301584 0.336567
v 0.077575 0.275180 0.366735
v 0.077575 0.275180 0.332581
v 0.051172 0.256220 0.362749
v 0.051172 0.256220 0.336567
v 0.032077 0.248311 0.362749
v 0.032077 0.248311 0.336567
v 0.000000 0.243048 0.366735
v 0.000000 0.243048 0.332581
v -0.032077 0.248311 0.362749
v -0.032077 0.248311 0.336567
v -0.051172 0.256220 0.362749
v -0.051172 0.256220 0.336567
v -0.077575 0.275180 0.366735
v -0.077575 0.275180 0.332581
v -0.096535 0.301584 0.362749
v -0.096535 0.301584 0.336567
v -0.104445 0.320679 0.362749
v -0.104445 0.320679 0.336567
v -0.109708 0.352756 0.366735
v -0.109708 0.352756 0.332581
v -0.104445 0.384833 0.362749
v -0.104445 0.384833 0.336567
v -0.096535 0.403928 0.362749
v -0.096535 0.403928 0.336567
v -0.077575 0.430331 0.366735
v -0.077575 0.430331 0.332581
v -0.051172 0.449291 0.362749
v -0.051172 0.449291 0.336567
v -0.032077 0.457201 0.362749
v -0.032077 0.457201 0.336567
v 0.028395 0.458726 0.366735
v 0.028395 0.458726 0.332581
v 0.054854 0.447766 0.366735
v 0.054854 0.447766 0.332581
v 0.095010 0.407610 0.366735
v 0.095010 0.407610 0.332581
v 0.105970 0.381150 0.366735
v 0.105970 0.381150 0.332581
v 0.105970 0.324361 0.366735
v 0.105970 0.324361 0.332581
v 0.095010 0.297902 0.366735
v 0.095010 0.297902 0.332581
v 0.054854 0.257746 0.366735
v 0.054854 0.257746 0.332581
v 0.028395 0.246786 0.366735
v 0.028395 0.246786 0.332581
v -0.028395 0.246786 0.366735
v -0.028395 0.246786 0.332581
v -0.054854 0.257746 0.366735
v -0.054854 0.257746 0.332581
v -0.095010 0.297902 0.366735
v -0.095010 0.297902 0.332581
v -0.105970 0.324361 0.366735
v -0.105970 0.324361 0.332581
v -0.105970 0.381150 0.366735
v -0.105970 0.381150 0.332581
v -0.095010 0.407610 0.366735
v -0.095010 0.407610 0.332581
v -0.054854 0.447766 0.366735
v -0.054854 0.447766 0.332581
v -0.028395 0.458726 0.366735
v -0.028395 0.458726 0.332581
v 0.029031 0.447282 0.361506
v 0.029031 0.447282 0.337810
v 0.046312 0.440123 0.361506
v 0.046312 0.440123 0.337810
v 0.087368 0.399068 0.361506
v 0.087368 0.399068 0.337810
v 0.094526 0.381786 0.361506
v 0.094526 0.381786 0.337810
v 0.094526 0.323725 0.361506
v 0.094526 0.323725 0.337810
v 0.087368 0.306444 0.361506
v 0.087368 0.306444 0.337810
v 0.046312 0.265388 0.361506
v 0.046312 0.265388 0.337810
v 0.029031 0.258230 0.361506
v 0.029031 0.258230 0.337810
v -0.029031 0.258230 0.361506
v -0.029031 0.258230 0.337810
v -0.046312 0.265388 0.361506
v -0.046312 0.265388 0.337810
v -0.087368 0.306444 0.361506
v -0.087368 0.306444 0.337810
v -0.094526 0.323725 0.361506
v -0.094526 0.323725 0.337810
v -0.094526 0.381786 0.361506
v -0.094526 0.381786 0.337810
v -0.087368 0.399068 0.361506
v -0.087368 0.399068 0.337810
v -0.046312 0.440123 0.361506
v -0.046312 0.440123 0.337810
v -0.029031 0.447282 0.361506
v -0.029031 0.447282 0.337810
v 0.000000 0.472173 0.487019
v 0.030908 0.468104 0.487019
v 0.059709 0.456174 0.487019
v 0.084441 0.437197 0.487019
v 0.103419 0.412465 0.487019
v 0.115349 0.383663 0.487019
v 0.119418 0.352756 0.487019
v 0.115349 0.321848 0.487019
v 0.103419 0.293047 0.487019
v 0.084441 0.268315 0.487019
v 0.059709 0.249337 0.487019
v 0.030908 0.237407 0.487019
v -0.000000 0.233338 0.487019
v -0.030908 0.237407 0.487019
v -0.059709 0.249337 0.487019
v -0.084441 0.268315 0.487019
v -0.103419 0.293047 0.487019
v -0.115349 0.321848 0.487019
v -0.119418 0.352756 0.487019
v -0.115349 0.383663 0.487019
v -0.103419 0.412465 0.487019
v -0.084441 0.437197 0.487019
v -0.059709 0.456174 0.487019
v -0.030908 0.468104 0.487019
v 0.000000 0.472173 0.525590
v 0.030908 0.468104 0.525590
v 0.059709 0.456174 0.525590
v 0.084441 0.437197 0.525590
v 0.103419 0.412465 0.525590
v 0.115349 0.383663 0.525590
v 0.119418 0.352756 0.525590
v 0.115349 0.321848 0.525590
v 0.103419 0.293047 0.525590
v 0.084441 0.268315 0.525590
v 0.059709 0.249337 0.525590
v 0.030908 0.237407 0.525590
v -0.000000 0.233338 0.525590
v -0.030908 0.237407 0.525590
v -0.059709 0.249337 0.525590
v -0.084441 0.268315 0.525590
v -0.103419 0.293047 0.525590
v -0.115349 0.321848 0.525590
v -0.119418 0.352756 0.525590
v -0.115349 0.383663 0.525590
v -0.103419 0.412465 0.525590
v -0.084441 0.437197 0.525590
v -0.059709 0.456174 0.525590
v -0.030908 0.468104 0.525590
v 0.000000 0.484148 0.487019
v 0.034007 0.479671 0.487019
v 0.065696 0.466545 0.487019
v 0.092908 0.445664 0.487019
v 0.113789 0.418452 0.487019
v 0.126915 0.386763 0.487019
v 0.131392 0.352756 0.487019
v 0.126915 0.318749 0.487019
v 0.113789 0.287060 0.487019
v 0.092908 0.259847 0.487019
v 0.065696 0.238967 0.487019
v 0.034007 0.225841 0.487019
v -0.000000 0.221364 0.487019
v -0.034007 0.225841 0.487019
v -0.065696 0.238967 0.487019
v -0.092908 0.259847 0.487019
v -0.113789 0.287060 0.487019
v -0.126915 0.318749 0.487019
v -0.131392 0.352756 0.487019
v -0.126915 0.386763 0.487019
v -0.113789 0.418452 0.487019
v -0.092908 0.445664 0.487019
v -0.065696 0.466545 0.487019
v -0.034007 0.479671 0.487019
vt 0.760290 0.166186
vt 0.706997 0.149981
vt 0.760290 0.150846
vt 0.760290 0.135409
vt 0.706997 0.143946
vt 0.760290 0.120928
vt 0.706997 0.138285
vt 0.760290 0.108388
vt 0.707809 0.852117
vt 0.654517 0.844251
vt 0.654517 0.830651
vt 0.707809 0.857433
vt 0.654517 0.859325
vt 0.707809 0.863327
vt 0.654517 0.874848
vt 0.707809 0.875225
vt 0.654517 0.889760
vt 0.707809 0.880419
vt 0.654517 0.903046
vt 0.707809 0.884623
vt 0.654517 0.913800
vt 0.779529 0.885097
vt 0.832821 0.902856
vt 0.832821 0.913834
vt 0.779529 0.875548
vt 0.832821 0.889410
vt 0.832821 0.874413
vt 0.779529 0.869686
vt 0.832821 0.858888
vt 0.779529 0.863616
vt 0.832821 0.843891
vt 0.779529 0.852497
vt 0.832821 0.830446
vt 0.852686 0.885097
vt 0.905978 0.902856
vt 0.905978 0.913834
vt 0.852686 0.875548
vt 0.905978 0.889410
vt 0.905978 0.874413
vt 0.852686 0.869686
vt 0.905978 0.858888
vt 0.852686 0.857753
vt 0.905978 0.843891
vt 0.852686 0.852497
vt 0.905978 0.830446
vt 0.725799 0.863327
vt 0.706997 0.166255
vt 0.760290 0.180384
vt 0.760290 0.192472
vt 0.706997 0.155979
vt 0.401921 0.582846
vt 0.432463 0.622648
vt 0.382722 0.629197
vt 0.515347 0.494641
vt 0.534556 0.479020
vt 0.534556 0.494641
vt 0.515347 0.507942
vt 0.534556 0.507942
vt 0.534556 0.586772
vt 0.515347 0.601566
vt 0.515347 0.586772
vt 0.534556 0.570272
vt 0.515347 0.570272
vt 0.534556 0.553189
vt 0.515347 0.553189
vt 0.534556 0.536689
vt 0.515347 0.536689
vt 0.534556 0.521895
vt 0.515347 0.521895
vt 0.534556 0.509816
vt 0.515347 0.509816
vt 0.324506 0.622526
vt 0.343715 0.607732
vt 0.343715 0.622526
vt 0.324506 0.639026
vt 0.343715 0.639026
vt 0.324506 0.656109
vt 0.343715 0.656109
vt 0.324506 0.672609
vt 0.343715 0.672609
vt 0.324506 0.687403
vt 0.343715 0.687403
vt 0.324506 0.699482
vt 0.343715 0.699482
vt 0.324506 0.713189
vt 0.343715 0.701356
vt 0.343715 0.713189
vt 0.324506 0.727807
vt 0.343715 0.727807
vt 0.324506 0.744215
vt 0.343715 0.744215
vt 0.324506 0.761294
vt 0.343715 0.761294
vt 0.324506 0.777880
vt 0.343715 0.777880
vt 0.324506 0.792843
vt 0.343715 0.792844
vt 0.515347 0.429223
vt 0.534556 0.415426
vt 0.534556 0.429223
vt 0.515347 0.445157
vt 0.534556 0.445157
vt 0.515347 0.462141
vt 0.534556 0.462141
vt 0.515347 0.479020
vt 0.129608 0.652696
vt 0.145236 0.651920
vt 0.144605 0.656715
vt 0.671135 0.530767
vt 0.657104 0.543184
vt 0.660796 0.529406
vt 0.555006 0.482665
vt 0.556147 0.501366
vt 0.546513 0.497375
vt 0.159499 0.651920
vt 0.160131 0.656715
vt 0.671135 0.513782
vt 0.660796 0.515143
vt 0.542117 0.513782
vt 0.552455 0.515143
vt 0.175127 0.652696
vt 0.173277 0.648229
vt 0.666738 0.497375
vt 0.657104 0.501366
vt 0.552455 0.529406
vt 0.542117 0.530767
vt 0.185629 0.641097
vt 0.188573 0.644933
vt 0.658246 0.482665
vt 0.649973 0.489013
vt 0.144605 0.538786
vt 0.131459 0.547272
vt 0.129608 0.542804
vt 0.556147 0.543184
vt 0.546513 0.547174
vt 0.199551 0.633955
vt 0.195715 0.631011
vt 0.639887 0.478928
vt 0.646235 0.470655
vt 0.119107 0.554403
vt 0.116163 0.550567
vt 0.563279 0.555536
vt 0.555006 0.561884
vt 0.207314 0.620510
vt 0.202846 0.618659
vt 0.631525 0.462162
vt 0.627535 0.471796
vt 0.109021 0.564489
vt 0.105185 0.561545
vt 0.573364 0.565622
vt 0.567016 0.573895
vt 0.211332 0.605513
vt 0.206538 0.604882
vt 0.101889 0.576841
vt 0.097422 0.574991
vt 0.585717 0.572753
vt 0.581726 0.582387
vt 0.172169 0.869862
vt 0.156636 0.807716
vt 0.172169 0.807716
vt 0.185394 0.807716
vt 0.422109 0.843148
vt 0.436819 0.781002
vt 0.436819 0.843148
vt 0.405702 0.781002
vt 0.405702 0.843148
vt 0.388717 0.781002
vt 0.388717 0.843148
vt 0.372310 0.781002
vt 0.372310 0.843148
vt 0.357600 0.781002
vt 0.357600 0.843148
vt 0.345589 0.843148
vt 0.856558 0.519912
vt 0.871268 0.457766
vt 0.871268 0.519912
vt 0.840151 0.519912
vt 0.856558 0.457766
vt 0.823166 0.457766
vt 0.823166 0.519912
vt 0.806759 0.457766
vt 0.806759 0.519912
vt 0.792049 0.457766
vt 0.792049 0.519912
vt 0.780039 0.457766
vt 0.780039 0.519912
vt 0.450459 0.884353
vt 0.438693 0.822207
vt 0.450459 0.822207
vt 0.464994 0.884353
vt 0.464994 0.822207
vt 0.481308 0.884353
vt 0.481308 0.822207
vt 0.498291 0.884353
vt 0.498291 0.822207
vt 0.514783 0.884353
vt 0.514783 0.822207
vt 0.529661 0.884353
vt 0.529661 0.822207
vt 0.107122 0.869862
vt 0.093403 0.807716
vt 0.107122 0.807716
vt 0.122965 0.869862
vt 0.122965 0.807716
vt 0.139854 0.869862
vt 0.139854 0.807716
vt 0.156636 0.869862
vt 0.138992 0.766511
vt 0.146463 0.766511
vt 0.131474 0.766511
vt 0.124421 0.766511
vt 0.378942 0.600479
vt 0.354082 0.571954
vt 0.382722 0.593931
vt 0.501645 0.781002
vt 0.508268 0.781002
vt 0.494303 0.781002
vt 0.486743 0.781002
vt 0.479480 0.781002
vt 0.414195 0.547055
vt 0.416787 0.584803
vt 0.409483 0.582846
vt 0.430602 0.551451
vt 0.423335 0.588584
vt 0.457322 0.571954
vt 0.428682 0.593931
vt 0.465815 0.586664
vt 0.432463 0.600479
vt 0.820574 0.561117
vt 0.827878 0.561117
vt 0.835439 0.561117
vt 0.842743 0.561117
vt 0.457322 0.651173
vt 0.428682 0.629197
vt 0.445312 0.663184
vt 0.423335 0.634544
vt 0.416787 0.638324
vt 0.393429 0.884353
vt 0.386125 0.884353
vt 0.400990 0.884353
vt 0.408294 0.884353
vt 0.394618 0.638324
vt 0.366093 0.663184
vt 0.388069 0.634544
vt 0.354082 0.651173
vt 0.153378 0.766511
vt 0.599227 0.162430
vt 0.596192 0.185482
vt 0.556265 0.180226
vt 0.761539 0.880805
vt 0.779529 0.880805
vt 0.779529 0.857753
vt 0.761539 0.852497
vt 0.852686 0.863616
vt 0.834696 0.857753
vt 0.689007 0.133383
vt 0.706997 0.133383
vt 0.725799 0.880419
vt 0.761539 0.863616
vt 0.834696 0.869686
vt 0.706997 0.161529
vt 0.689007 0.155979
vt 0.689007 0.143946
vt 0.725799 0.869395
vt 0.707809 0.869395
vt 0.761539 0.875548
vt 0.834696 0.880805
vt 0.852686 0.880805
vt 0.834696 0.852497
vt 0.725799 0.857433
vt 0.725799 0.884623
vt 0.761539 0.857753
vt 0.834696 0.863616
vt 0.689007 0.138285
vt 0.725799 0.875225
vt 0.689007 0.149981
vt 0.761539 0.869686
vt 0.834696 0.875548
vt 0.689007 0.161529
vt 0.398492 0.939326
vt 0.415501 0.925233
vt 0.415501 0.939326
vt 0.398492 0.925233
vt 0.415501 0.911051
vt 0.398492 0.911051
vt 0.415501 0.897747
vt 0.398492 0.897747
vt 0.415501 0.886227
vt 0.917951 0.665047
vt 0.934961 0.652553
vt 0.934961 0.665047
vt 0.917951 0.652553
vt 0.934961 0.638704
vt 0.917951 0.638704
vt 0.934961 0.624443
vt 0.917951 0.624443
vt 0.934961 0.610743
vt 0.917951 0.610743
vt 0.934961 0.598538
vt 0.917951 0.598538
vt 0.934961 0.588658
vt 0.345589 0.964239
vt 0.362599 0.954154
vt 0.362599 0.964239
vt 0.345589 0.954154
vt 0.362599 0.941801
vt 0.345589 0.941801
vt 0.362599 0.928024
vt 0.345589 0.928024
vt 0.362599 0.913761
vt 0.345589 0.913761
vt 0.362599 0.899983
vt 0.345589 0.899983
vt 0.362599 0.887631
vt 0.502423 0.886227
vt 0.485413 0.896313
vt 0.485413 0.886227
vt 0.502423 0.896313
vt 0.485413 0.908665
vt 0.502423 0.908665
vt 0.485413 0.922443
vt 0.502423 0.922443
vt 0.485413 0.936706
vt 0.502423 0.936706
vt 0.485413 0.950483
vt 0.502423 0.950483
vt 0.485413 0.962836
vt 0.398492 0.963475
vt 0.415501 0.952369
vt 0.415501 0.963475
vt 0.398492 0.952369
vt 0.567016 0.470655
vt 0.563279 0.489013
vt 0.159499 0.543580
vt 0.145236 0.543580
vt 0.666738 0.547174
vt 0.649973 0.555536
vt 0.116163 0.644933
vt 0.131459 0.648229
vt 0.581726 0.462162
vt 0.573364 0.478928
vt 0.175127 0.542804
vt 0.160131 0.538786
vt 0.658246 0.561884
vt 0.639887 0.565622
vt 0.105185 0.633955
vt 0.119107 0.641097
vt 0.598133 0.457766
vt 0.585717 0.471796
vt 0.185629 0.554403
vt 0.173277 0.547272
vt 0.646235 0.573895
vt 0.627535 0.572753
vt 0.097422 0.620510
vt 0.109021 0.631011
vt 0.613757 0.468104
vt 0.599494 0.468104
vt 0.188573 0.550567
vt 0.195715 0.564489
vt 0.631525 0.582387
vt 0.613757 0.576445
vt 0.093403 0.605513
vt 0.101889 0.618659
vt 0.615118 0.457766
vt 0.199551 0.561545
vt 0.202846 0.576841
vt 0.598133 0.586784
vt 0.615118 0.586784
vt 0.093403 0.589987
vt 0.098198 0.604882
vt 0.207314 0.574991
vt 0.206538 0.590619
vt 0.599494 0.576445
vt 0.098198 0.590619
vt 0.211332 0.589987
vt 0.432511 0.952369
vt 0.449520 0.939326
vt 0.449520 0.952369
vt 0.432511 0.939326
vt 0.432511 0.963475
vt 0.449520 0.963475
vt 0.388050 0.188967
vt 0.384067 0.176546
vt 0.388050 0.175927
vt 0.468404 0.950483
vt 0.451394 0.962836
vt 0.451394 0.950483
vt 0.468404 0.962836
vt 0.468404 0.936706
vt 0.451394 0.936706
vt 0.468404 0.922443
vt 0.451394 0.922443
vt 0.206883 0.511365
vt 0.212028 0.501561
vt 0.212028 0.510877
vt 0.468404 0.908665
vt 0.451394 0.908665
vt 0.468404 0.896313
vt 0.451394 0.896313
vt 0.468404 0.886227
vt 0.451394 0.886227
vt 0.345703 0.172301
vt 0.349686 0.184722
vt 0.345703 0.185341
vt 0.379608 0.899983
vt 0.396618 0.887631
vt 0.396618 0.899983
vt 0.379608 0.887631
vt 0.379608 0.913761
vt 0.396618 0.913761
vt 0.379608 0.928024
vt 0.396618 0.928024
vt 0.212028 0.488905
vt 0.206883 0.498709
vt 0.206883 0.489393
vt 0.379608 0.941801
vt 0.396618 0.941801
vt 0.379608 0.954154
vt 0.396618 0.954154
vt 0.379608 0.964239
vt 0.396618 0.964239
vt 0.419359 0.177912
vt 0.424164 0.190332
vt 0.419359 0.190952
vt 0.951970 0.598538
vt 0.968979 0.588658
vt 0.968979 0.598538
vt 0.951970 0.588658
vt 0.951970 0.610743
vt 0.968979 0.610743
vt 0.951970 0.624443
vt 0.968979 0.624443
vt 0.299060 0.491510
vt 0.304205 0.501315
vt 0.299060 0.501804
vt 0.951970 0.638704
vt 0.968979 0.638704
vt 0.951970 0.652553
vt 0.968979 0.652553
vt 0.951970 0.665047
vt 0.968979 0.665047
vt 0.299463 0.400845
vt 0.304607 0.413266
vt 0.299463 0.413885
vt 0.432511 0.897747
vt 0.449520 0.886227
vt 0.449520 0.897747
vt 0.432511 0.886227
vt 0.432511 0.911051
vt 0.449520 0.911051
vt 0.432511 0.925233
vt 0.449520 0.925233
vt 0.212028 0.476737
vt 0.206883 0.486541
vt 0.206883 0.477226
vt 0.430526 0.923259
vt 0.417486 0.923259
vt 0.417486 0.913025
vt 0.430526 0.913025
vt 0.949985 0.663308
vt 0.936946 0.663308
vt 0.936946 0.654291
vt 0.949985 0.654291
vt 0.949985 0.622537
vt 0.936946 0.622537
vt 0.936946 0.612650
vt 0.949985 0.612650
vt 0.377623 0.962836
vt 0.364584 0.962836
vt 0.364584 0.955557
vt 0.377623 0.955557
vt 0.377623 0.926039
vt 0.364584 0.926039
vt 0.377623 0.915746
vt 0.377623 0.886227
vt 0.364584 0.886227
vt 0.389454 0.190952
vt 0.470389 0.924428
vt 0.483428 0.924428
vt 0.483428 0.934721
vt 0.470389 0.934721
vt 0.430526 0.961929
vt 0.417486 0.961929
vt 0.417486 0.953915
vt 0.430526 0.953915
vt 0.470389 0.894909
vt 0.470389 0.887631
vt 0.483428 0.887631
vt 0.483428 0.894909
vt 0.364584 0.915746
vt 0.369284 0.172301
vt 0.376538 0.184102
vt 0.369284 0.184102
vt 0.355018 0.199016
vt 0.345703 0.187215
vt 0.355018 0.187215
vt 0.349686 0.172921
vt 0.356273 0.184722
vt 0.356893 0.187215
vt 0.366208 0.199016
vt 0.356893 0.199016
vt 0.363943 0.975033
vt 0.375744 0.968445
vt 0.375744 0.975033
vt 0.368083 0.187215
vt 0.377031 0.199016
vt 0.368083 0.199016
vt 0.296447 0.372257
vt 0.304607 0.384057
vt 0.296447 0.384057
vt 0.358148 0.172301
vt 0.367410 0.184102
vt 0.358148 0.184102
vt 0.299060 0.479343
vt 0.304205 0.489147
vt 0.299060 0.489636
vt 0.396495 0.190952
vt 0.391328 0.178532
vt 0.396495 0.177912
vt 0.212028 0.474863
vt 0.206883 0.465058
vt 0.212028 0.464569
vt 0.403514 0.190952
vt 0.398370 0.178532
vt 0.403514 0.177912
vt 0.417485 0.190952
vt 0.412407 0.178532
vt 0.417485 0.177912
vt 0.304205 0.467175
vt 0.299060 0.476980
vt 0.299060 0.467664
vt 0.436495 0.190952
vt 0.432225 0.178532
vt 0.436495 0.177912
vt 0.304607 0.385932
vt 0.299463 0.398352
vt 0.299463 0.386551
vt 0.206883 0.450528
vt 0.212028 0.440723
vt 0.212028 0.450039
vt 0.210866 0.425321
vt 0.206883 0.437741
vt 0.206883 0.425940
vt 0.452407 0.177912
vt 0.455699 0.190332
vt 0.452407 0.190952
vt 0.206883 0.452402
vt 0.212028 0.462206
vt 0.206883 0.462695
vt 0.304205 0.440966
vt 0.299060 0.431161
vt 0.304205 0.430673
vt 0.426038 0.177912
vt 0.430351 0.190332
vt 0.426038 0.190952
vt 0.212028 0.513240
vt 0.206883 0.523044
vt 0.206883 0.513728
vt 0.443514 0.177912
vt 0.438370 0.187717
vt 0.438370 0.178401
vt 0.405389 0.177912
vt 0.410533 0.190333
vt 0.405389 0.190952
vt 0.304205 0.513971
vt 0.299060 0.504167
vt 0.304205 0.503678
vt 0.304205 0.453134
vt 0.299060 0.443329
vt 0.304205 0.442840
vt 0.205804 0.410407
vt 0.210866 0.422827
vt 0.205804 0.423446
vt 0.450533 0.188206
vt 0.445389 0.178401
vt 0.450533 0.177912
vt 0.365203 0.958852
vt 0.377004 0.958852
vt 0.304205 0.455008
vt 0.299060 0.464812
vt 0.299060 0.455497
vt 0.299463 0.428798
vt 0.304205 0.416378
vt 0.304205 0.428179
vt 0.945619 0.058735
vt 0.988514 0.043395
vt 0.988514 0.058735
vt 0.945619 0.043395
vt 0.988514 0.027958
vt 0.945619 0.027958
vt 0.988514 0.013477
vt 0.945619 0.013477
vt 0.988514 0.000937
vt 0.761539 0.998858
vt 0.804435 0.985258
vt 0.804435 0.998858
vt 0.761539 0.985258
vt 0.804435 0.970183
vt 0.761539 0.970183
vt 0.804435 0.954661
vt 0.761539 0.954661
vt 0.804435 0.939748
vt 0.761539 0.939748
vt 0.804435 0.926462
vt 0.761539 0.926462
vt 0.804435 0.915708
vt 0.994423 0.830446
vt 0.951527 0.841424
vt 0.951527 0.830446
vt 0.994423 0.841424
vt 0.951527 0.854870
vt 0.994423 0.854870
vt 0.951527 0.869866
vt 0.994423 0.869866
vt 0.951527 0.885392
vt 0.994423 0.885392
vt 0.951527 0.900388
vt 0.994423 0.900388
vt 0.951527 0.913834
vt 0.749414 0.915675
vt 0.706519 0.926653
vt 0.706519 0.915675
vt 0.749414 0.926653
vt 0.706519 0.940098
vt 0.749414 0.940098
vt 0.706519 0.955095
vt 0.749414 0.955095
vt 0.706519 0.970621
vt 0.749414 0.970621
vt 0.706519 0.985617
vt 0.749414 0.985617
vt 0.706519 0.999063
vt 0.945619 0.085021
vt 0.988514 0.072933
vt 0.988514 0.085021
vt 0.945619 0.072933
vt 0.355520 0.457544
vt 0.345589 0.471762
vt 0.350011 0.455262
vt 0.358552 0.440468
vt 0.374261 0.433120
vt 0.370631 0.428389
vt 0.387707 0.425357
vt 0.385425 0.419848
vt 0.401925 0.415426
vt 0.418229 0.421339
vt 0.419008 0.415426
vt 0.435508 0.419848
vt 0.446671 0.433120
vt 0.450302 0.428389
vt 0.457650 0.444098
vt 0.462381 0.440468
vt 0.465412 0.457544
vt 0.470922 0.455262
vt 0.475343 0.471762
vt 0.469431 0.488066
vt 0.475343 0.488845
vt 0.470922 0.505345
vt 0.457650 0.516508
vt 0.462381 0.520139
vt 0.450302 0.532218
vt 0.435508 0.540759
vt 0.446671 0.527487
vt 0.419008 0.545180
vt 0.433226 0.535249
vt 0.402704 0.539268
vt 0.401925 0.545180
vt 0.387707 0.535249
vt 0.385425 0.540759
vt 0.374261 0.527487
vt 0.370631 0.532218
vt 0.363283 0.516508
vt 0.358552 0.520139
vt 0.350011 0.505345
vt 0.351502 0.488066
vt 0.345589 0.488845
vt 0.457990 0.074355
vt 0.463902 0.058051
vt 0.463902 0.073577
vt 0.462411 0.040773
vt 0.467921 0.043055
vt 0.475683 0.029609
vt 0.483031 0.013900
vt 0.486662 0.018631
vt 0.497825 0.005358
vt 0.500107 0.010868
vt 0.514325 0.000937
vt 0.515104 0.006850
vt 0.531408 0.000937
vt 0.530629 0.006850
vt 0.545626 0.010868
vt 0.547908 0.005358
vt 0.559072 0.018631
vt 0.562702 0.013900
vt 0.570050 0.029609
vt 0.583322 0.040773
vt 0.577813 0.043055
vt 0.581831 0.058051
vt 0.587744 0.074355
vt 0.581831 0.073577
vt 0.577813 0.088574
vt 0.574781 0.105650
vt 0.570050 0.102019
vt 0.559072 0.112997
vt 0.562702 0.117729
vt 0.545626 0.120760
vt 0.547908 0.126270
vt 0.530630 0.124778
vt 0.531408 0.130691
vt 0.515104 0.124778
vt 0.514325 0.130691
vt 0.500107 0.120760
vt 0.497825 0.126270
vt 0.486662 0.112997
vt 0.470952 0.105650
vt 0.475683 0.102019
vt 0.467921 0.088574
vt 0.378942 0.622648
vt 0.376985 0.615344
vt 0.376985 0.607783
vt 0.388069 0.588584
vt 0.394618 0.584803
vt 0.434420 0.607783
vt 0.434420 0.615344
vt 0.409483 0.640281
vt 0.401921 0.640281
vt 0.534556 0.601566
vt 0.324506 0.607732
vt 0.324506 0.701356
vt 0.515347 0.415426
vt 0.185394 0.869862
vt 0.422109 0.781002
vt 0.345589 0.781002
vt 0.840151 0.457766
vt 0.438693 0.884353
vt 0.093403 0.869862
vt 0.345589 0.586664
vt 0.445312 0.559944
vt 0.465815 0.636463
vt 0.430602 0.671676
vt 0.380803 0.671677
vt 0.591900 0.189774
vt 0.586643 0.192809
vt 0.580781 0.194380
vt 0.574711 0.194380
vt 0.568848 0.192809
vt 0.563591 0.189774
vt 0.559300 0.185482
vt 0.554694 0.174363
vt 0.554694 0.168293
vt 0.556265 0.162430
vt 0.559300 0.157174
vt 0.563591 0.152882
vt 0.568848 0.149847
vt 0.574711 0.148276
vt 0.580781 0.148276
vt 0.586643 0.149847
vt 0.591900 0.152882
vt 0.596192 0.157174
vt 0.600798 0.168293
vt 0.600798 0.174363
vt 0.599227 0.180226
vt 0.761539 0.885097
vt 0.834696 0.885097
vt 0.725799 0.852117
vt 0.689007 0.166255
vt 0.398492 0.886227
vt 0.917951 0.588658
vt 0.345589 0.887631
vt 0.502423 0.962836
vt 0.384067 0.188347
vt 0.206883 0.501072
vt 0.212028 0.499198
vt 0.424164 0.178532
vt 0.304205 0.491999
vt 0.304607 0.401465
vt 0.212028 0.487030
vt 0.389454 0.173942
vt 0.376538 0.172301
vt 0.345703 0.199016
vt 0.356273 0.172921
vt 0.366208 0.187215
vt 0.363943 0.968445
vt 0.377031 0.187215
vt 0.304607 0.372257
vt 0.367410 0.172301
vt 0.304205 0.479832
vt 0.391328 0.190332
vt 0.206883 0.474374
vt 0.398370 0.190333
vt 0.412407 0.190332
vt 0.304205 0.477469
vt 0.432225 0.190332
vt 0.304607 0.398971
vt 0.206883 0.440234
vt 0.210866 0.438360
vt 0.455699 0.178531
vt 0.212028 0.452891
vt 0.299060 0.440477
vt 0.430351 0.178532
vt 0.212028 0.523533
vt 0.443514 0.188206
vt 0.410533 0.178532
vt 0.299060 0.513483
vt 0.299060 0.452645
vt 0.210866 0.411026
vt 0.445389 0.187717
vt 0.304205 0.465301
vt 0.299463 0.415759
vt 0.945619 0.000937
vt 0.761539 0.915708
vt 0.994423 0.913834
vt 0.749414 0.999063
vt 0.351502 0.472541
vt 0.363283 0.444098
vt 0.402704 0.421339
vt 0.433226 0.425357
vt 0.469431 0.472541
vt 0.465412 0.503063
vt 0.418229 0.539268
vt 0.355520 0.503063
vt 0.457990 0.057273
vt 0.470952 0.025979
vt 0.574781 0.025979
vt 0.587744 0.057273
vt 0.583322 0.090856
vt 0.483031 0.117729
vt 0.462411 0.090856
vn -0.0000 0.8270 0.5621
vn 0.2141 0.7989 0.5621
vn 0.4135 0.7162 0.5621
vn 0.5848 0.5848 0.5621
vn 0.7162 0.4135 0.5621
vn 0.7989 0.2141 0.5621
vn 0.8270 0.0000 0.5621
vn 0.7989 -0.2141 0.5621
vn 0.7162 -0.4135 0.5621
vn 0.5848 -0.5848 0.5621
vn 0.4135 -0.7162 0.5621
vn 0.2141 -0.7989 0.5621
vn 0.0000 -0.8270 0.5621
vn -0.2141 -0.7989 0.5621
vn -0.4135 -0.7162 0.5621
vn -0.5848 -0.5848 0.5621
vn -0.7162 -0.4135 0.5621
vn -0.7989 -0.2141 0.5621
vn -0.8270 -0.0000 0.5621
vn -0.7989 0.2141 0.5621
vn -0.7162 0.4135 0.5621
vn -0.5848 0.5848 0.5621
vn -0.4135 0.7162 0.5621
vn 0.9659 0.2588 0.0000
vn 1.0000 -0.0000 0.0000
vn -0.2141 0.7989 0.5621
vn -0.0000 0.0000 -1.0000
vn -0.2588 0.9659 0.0000
vn -0.0000 1.0000 0.0000
vn -0.5000 0.8660 0.0000
vn -0.7071 0.7071 0.0000
vn -0.8660 0.5000 0.0000
vn -0.9659 0.2588 0.0000
vn -1.0000 -0.0000 0.0000
vn -0.9659 -0.2588 0.0000
vn -0.8660 -0.5000 0.0000
vn -0.7071 -0.7071 0.0000
vn -0.5000 -0.8660 0.0000
vn -0.2588 -0.9659 0.0000
vn 0.0000 -1.0000 0.0000
vn 0.2588 -0.9659 0.0000
vn 0.5000 -0.8660 0.0000
vn 0.7071 -0.7071 0.0000
vn 0.8660 -0.5000 0.0000
vn 0.9659 -0.2588 0.0000
vn 0.8660 0.5000 0.0000
vn 0.7071 0.7071 0.0000
vn 0.5000 0.8660 0.0000
vn 0.2588 0.9659 0.0000
vn 0.0000 0.0000 1.0000
vn -0.0000 0.7522 -0.6590
vn 0.1947 0.7265 -0.6590
vn 0.3761 0.6514 -0.6590
vn 0.5319 0.5319 -0.6590
vn 0.6514 0.3761 -0.6590
vn 0.7265 0.1947 -0.6590
vn 0.7522 0.0000 -0.6590
vn 0.7265 -0.1947 -0.6590
vn 0.6514 -0.3761 -0.6590
vn 0.5319 -0.5319 -0.6590
vn 0.3761 -0.6514 -0.6590
vn 0.1947 -0.7265 -0.6590
vn -0.0000 -0.7522 -0.6590
vn -0.1947 -0.7265 -0.6590
vn -0.3761 -0.6514 -0.6590
vn -0.5319 -0.5319 -0.6590
vn -0.6514 -0.3761 -0.6590
vn -0.7265 -0.1947 -0.6590
vn -0.7522 -0.0000 -0.6590
vn -0.7265 0.1947 -0.6590
vn -0.6514 0.3761 -0.6590
vn -0.5319 0.5319 -0.6590
vn -0.3761 0.6514 -0.6590
vn -0.1947 0.7265 -0.6590
vn 0.2936 -0.9559 0.0000
vn 0.0457 -0.1104 0.9928
vn -0.4683 0.8835 0.0000
vn -0.0457 -0.1104 -0.9928
vn 0.8835 -0.4684 0.0000
vn -0.0457 -0.1104 0.9928
vn -0.9559 0.2936 0.0000
vn -0.1104 -0.0457 -0.9928
vn 0.3827 0.9239 0.0000
vn 0.9239 0.3827 0.0000
vn 0.9239 -0.3827 -0.0000
vn 0.3827 -0.9239 0.0000
vn -0.3827 -0.9239 -0.0000
vn -0.9239 -0.3827 0.0000
vn -0.9239 0.3827 0.0000
vn -0.3827 0.9239 0.0000
vn 0.0457 -0.1104 -0.9928
vn 0.2936 0.9559 0.0000
vn 0.1104 -0.0457 0.9928
vn -0.4684 -0.8835 0.0000
vn 0.9559 -0.2936 0.0000
vn 0.1104 -0.0457 -0.9928
vn 0.8835 0.4684 0.0000
vn -0.8835 0.4684 0.0000
vn 0.1104 0.0457 0.9928
vn -0.9559 -0.2936 0.0000
vn 0.4684 -0.8835 0.0000
vn 0.1104 0.0457 -0.9928
vn -0.0457 0.1104 0.9928
vn -0.2936 0.9559 0.0000
vn 0.0457 0.1104 0.9928
vn -0.0457 0.1104 -0.9928
vn -0.2936 -0.9559 0.0000
vn 0.0457 0.1104 -0.9928
vn -0.1104 0.0457 0.9928
vn 0.4684 0.8835 0.0000
vn -0.1104 0.0457 -0.9928
vn -0.8835 -0.4684 0.0000
vn -0.1104 -0.0457 0.9928
vn 0.9559 0.2936 0.0000
usemtl Metal
s 1
f 1571/2737/984 1222/2738/985 1572/2739/985
f 1222/2738/985 1573/2740/986 1572/2739/985
f 1224/2741/986 1574/2742/987 1573/2740/986
f 1226/2743/987 1575/2744/988 1574/2742/987
f 1228/2745/988 1576/2746/989 1575/2747/988
f 1230/2748/989 1577/2749/990 1576/2746/989
f 1232/2750/990 1578/2751/991 1577/2749/990
f 1578/2751/991 1236/2752/992 1579/2753/992
f 1579/2753/992 1238/2754/993 1580/2755/993
f 1580/2755/993 1240/2756/994 1581/2757/994
f 1240/2758/994 1582/2759/995 1581/2760/994
f 1582/2759/995 1244/2761/996 1583/2762/996
f 1244/2761/996 1584/2763/997 1583/2762/996
f 1246/2764/997 1585/2765/998 1584/2763/997
f 1248/2766/998 1586/2767/999 1585/2765/998
f 1586/2767/999 1252/2768/1000 1587/2769/1000
f 1252/2770/1000 1588/2771/1001 1587/2772/1000
f 1588/2771/1001 1256/2773/1002 1589/2774/1002
f 1256/2773/1002 1590/2775/1003 1589/2774/1002
f 1258/2776/1003 1591/2777/1004 1590/2775/1003
f 1591/2777/1004 1262/2778/1005 1592/2779/1005
f 1592/2779/1005 1264/2780/1006 1593/2781/1006
f 1230/2748/1007 1369/2782/1008 1232/2750/1008
f 1264/2783/1006 1594/2784/1009 1593/2785/1006
f 1594/2784/1009 1220/2786/984 1571/2737/984
f 1233/2787/1010 1249/2788/1010 1265/2789/1010
f 1290/2790/1011 1595/2791/1012 1618/2792/1011
f 1289/2793/1013 1618/2792/1011 1617/2794/1013
f 1288/2795/1014 1617/2796/1013 1616/2797/1014
f 1287/2798/1015 1616/2797/1014 1615/2799/1015
f 1286/2800/1016 1615/2799/1015 1614/2801/1016
f 1285/2802/1017 1614/2801/1016 1613/2803/1017
f 1284/2804/1018 1613/2803/1017 1612/2805/1018
f 1283/2806/1019 1612/2805/1018 1611/2807/1019
f 1282/2808/1020 1611/2809/1019 1610/2810/1020
f 1281/2811/1021 1610/2810/1020 1609/2812/1021
f 1280/2813/1022 1609/2812/1021 1608/2814/1022
f 1279/2815/1023 1608/2814/1022 1607/2816/1023
f 1278/2817/1024 1607/2816/1023 1606/2818/1024
f 1277/2819/1025 1606/2818/1024 1605/2820/1025
f 1276/2821/1026 1605/2822/1025 1604/2823/1026
f 1275/2824/1027 1604/2823/1026 1603/2825/1027
f 1274/2826/1028 1603/2825/1027 1602/2827/1028
f 1273/2828/1008 1602/2827/1028 1601/2829/1008
f 1272/2830/1007 1601/2829/1008 1600/2831/1007
f 1271/2832/1029 1600/2831/1007 1599/2833/1029
f 1270/2834/1030 1599/2835/1029 1598/2836/1030
f 1269/2837/1031 1598/2836/1030 1597/2838/1031
f 1268/2839/1032 1597/2838/1031 1596/2840/1032
f 1267/2841/1012 1596/2840/1032 1595/2791/1012
f 1304/2842/1010 1401/2843/1010 1303/2844/1010
f 1333/2845/1033 1429/2846/1033 1430/2847/1033
f 1319/2848/1033 1417/2849/1033 1320/2850/1033
f 1303/2844/1010 1400/2851/1010 1302/2852/1010
f 1334/2853/1033 1430/2847/1033 1431/2854/1033
f 1321/2855/1033 1417/2849/1033 1418/2856/1033
f 1301/2857/1010 1400/2851/1010 1399/2858/1010
f 1335/2859/1033 1431/2854/1033 1432/2860/1033
f 1321/2855/1033 1419/2861/1033 1322/2862/1033
f 1301/2857/1010 1398/2863/1010 1300/2864/1010
f 1336/2865/1033 1432/2860/1033 1433/2866/1033
f 1314/2867/1010 1411/2868/1010 1313/2869/1010
f 1322/2862/1033 1420/2870/1033 1323/2871/1033
f 1299/2872/1010 1398/2863/1010 1397/2873/1010
f 1336/2865/1033 1434/2874/1033 1337/2875/1033
f 1313/2869/1010 1410/2876/1010 1312/2877/1010
f 1323/2871/1033 1421/2878/1033 1324/2879/1033
f 1298/2880/1010 1397/2873/1010 1396/2881/1010
f 1338/2882/1033 1434/2874/1033 1387/2883/1033
f 1312/2877/1010 1409/2884/1010 1311/2885/1010
f 1324/2879/1033 1422/2886/1033 1325/2887/1033
f 1297/2888/1010 1396/2881/1010 1395/2889/1010
f 1311/2885/1010 1408/2890/1010 1310/2891/1010
f 1325/2887/1033 1423/2892/1033 1326/2893/1033
f 1337/2894/1011 1362/2895/1012 1361/2896/1011
f 1360/2897/1013 1337/2894/1011 1361/2896/1011
f 1359/2898/1014 1336/2899/1013 1360/2900/1013
f 1334/2901/1015 1359/2898/1014 1358/2902/1015
f 1333/2903/1016 1358/2902/1015 1357/2904/1016
f 1332/2905/1017 1357/2904/1016 1356/2906/1017
f 1331/2907/1018 1356/2906/1017 1355/2908/1018
f 1354/2909/1019 1331/2907/1018 1355/2908/1018
f 1353/2910/1020 1330/2911/1019 1354/2912/1019
f 1352/2913/1021 1329/2914/1020 1353/2910/1020
f 1327/2915/1022 1352/2913/1021 1351/2916/1022
f 1326/2917/1023 1351/2916/1022 1350/2918/1023
f 1325/2919/1024 1350/2918/1023 1349/2920/1024
f 1324/2921/1025 1349/2920/1024 1348/2922/1025
f 1323/2923/1026 1348/2924/1025 1347/2925/1026
f 1322/2926/1027 1347/2925/1026 1346/2927/1027
f 1321/2928/1028 1346/2927/1027 1345/2929/1028
f 1320/2930/1008 1345/2929/1028 1344/2931/1008
f 1319/2932/1007 1344/2931/1008 1343/2933/1007
f 1318/2934/1029 1343/2933/1007 1342/2935/1029
f 1317/2936/1030 1342/2937/1029 1341/2938/1030
f 1316/2939/1031 1341/2938/1030 1340/2940/1031
f 1315/2941/1032 1340/2940/1031 1339/2942/1032
f 1338/2943/1012 1339/2942/1032 1362/2895/1012
f 1362/2895/1034 1221/2944/1035 1219/2945/1034
f 1221/2944/1035 1340/2940/1036 1223/2946/1036
f 1340/2940/1036 1225/2947/1037 1223/2946/1036
f 1225/2948/1037 1342/2949/1038 1227/2950/1038
f 1342/2935/1038 1229/2951/1039 1227/2952/1038
f 1343/2933/1039 1231/2953/1040 1229/2951/1039
f 1344/2931/1040 1233/2954/1041 1231/2953/1040
f 1345/2929/1041 1235/2955/1042 1233/2954/1041
f 1346/2956/1042 1237/2957/1043 1235/2958/1042
f 1347/2959/1043 1239/2960/1044 1237/2957/1043
f 1239/2960/1044 1349/2961/1045 1241/2962/1045
f 1241/2962/1045 1350/2963/1046 1243/2964/1046
f 1243/2965/1046 1351/2916/1047 1245/2966/1047
f 1351/2916/1047 1247/2967/1048 1245/2966/1047
f 1247/2967/1048 1353/2910/1049 1249/2968/1049
f 1249/2788/1049 1354/2969/1050 1251/2970/1050
f 1251/2970/1050 1355/2971/1051 1253/2972/1051
f 1355/2971/1051 1255/2973/1052 1253/2972/1051
f 1356/2906/1052 1257/2974/1053 1255/2975/1052
f 1357/2904/1053 1259/2976/1054 1257/2974/1053
f 1358/2902/1054 1261/2977/1055 1259/2976/1054
f 1261/2978/1055 1360/2979/1056 1263/2980/1056
f 1263/2980/1056 1361/2981/1057 1265/2789/1057
f 1265/2982/1057 1362/2895/1034 1219/2945/1034
f 1369/2983/1033 1365/2984/1033 1381/2985/1033
f 1240/2758/1025 1374/2986/1024 1242/2987/1024
f 1250/2988/1020 1379/2989/1019 1252/2768/1019
f 1260/2990/1015 1384/2991/1014 1262/2778/1014
f 1226/2743/1030 1367/2992/1029 1228/2993/1029
f 1236/2752/1027 1372/2994/1026 1238/2754/1026
f 1246/2764/1022 1377/2995/1021 1248/2766/1021
f 1256/2773/1017 1382/2996/1016 1258/2776/1016
f 1266/2997/1011 1364/2998/1012 1220/2786/1012
f 1222/2738/1032 1365/2999/1031 1224/2741/1031
f 1232/2750/1008 1370/3000/1028 1234/3001/1028
f 1242/2987/1024 1375/3002/1023 1244/2761/1023
f 1252/2770/1019 1380/3003/1018 1254/3004/1018
f 1262/2778/1014 1385/3005/1013 1264/2780/1013
f 1228/2745/1029 1368/3006/1007 1230/2748/1007
f 1238/2754/1026 1373/3007/1025 1240/2756/1025
f 1248/2766/1021 1378/3008/1020 1250/2988/1020
f 1258/2776/1016 1383/3009/1015 1260/2990/1015
f 1224/2741/1031 1366/3010/1030 1226/2743/1030
f 1234/3001/1028 1371/3011/1027 1236/2752/1027
f 1220/2786/1012 1363/3012/1032 1222/2738/1032
f 1244/2761/1023 1376/3013/1022 1246/2764/1022
f 1254/3004/1018 1381/3014/1017 1256/2773/1017
f 1264/2783/1013 1386/3015/1011 1266/2997/1011
f 1388/3016/1012 1483/3017/1032 1436/3018/1012
f 1389/3019/1032 1485/3020/1031 1483/3017/1032
f 1390/3021/1031 1441/3022/1030 1485/3020/1031
f 1391/3023/1030 1487/3024/1029 1441/3022/1030
f 1392/3025/1029 1489/3026/1007 1487/3027/1029
f 1393/3028/1007 1447/3029/1008 1489/3026/1007
f 1394/3030/1008 1491/3031/1028 1447/3029/1008
f 1395/3032/1028 1493/3033/1027 1491/3031/1028
f 1396/3034/1027 1453/3035/1026 1493/3033/1027
f 1397/3036/1026 1495/3037/1025 1453/3035/1026
f 1398/3038/1025 1497/3039/1024 1495/3040/1025
f 1399/3041/1024 1459/3042/1023 1497/3039/1024
f 1400/3043/1023 1499/3044/1022 1459/3042/1023
f 1401/3045/1022 1501/3046/1021 1499/3044/1022
f 1402/3047/1021 1465/3048/1020 1501/3046/1021
f 1403/3049/1020 1503/3050/1019 1465/3048/1020
f 1404/3051/1019 1505/3052/1018 1503/3053/1019
f 1405/3054/1018 1471/3055/1017 1505/3052/1018
f 1406/3056/1017 1507/3057/1016 1471/3055/1017
f 1407/3058/1016 1509/3059/1015 1507/3057/1016
f 1408/3060/1015 1477/3061/1014 1509/3059/1015
f 1409/3062/1014 1511/3063/1013 1477/3061/1014
f 1410/3064/1013 1513/3065/1011 1511/3066/1013
f 1411/3067/1011 1436/3018/1012 1513/3065/1011
f 1318/3068/1033 1416/3069/1033 1319/2848/1033
f 1314/2867/1010 1389/3070/1010 1388/3071/1010
f 1332/3072/1033 1428/3073/1033 1429/2846/1033
f 1305/3074/1010 1402/3075/1010 1304/2842/1010
f 1317/3076/1033 1415/3077/1033 1318/3068/1033
f 1292/3078/1010 1389/3070/1010 1291/3079/1010
f 1331/3080/1033 1427/3081/1033 1428/3073/1033
f 1306/3082/1010 1403/3083/1010 1305/3074/1010
f 1316/3084/1033 1414/3085/1033 1317/3076/1033
f 1292/3078/1010 1391/3086/1010 1390/3087/1010
f 1330/3088/1033 1426/3089/1033 1427/3081/1033
f 1307/3090/1010 1404/3091/1010 1306/3082/1010
f 1316/3084/1033 1412/3092/1033 1413/3093/1033
f 1293/3094/1010 1392/3095/1010 1391/3086/1010
f 1329/3096/1033 1425/3097/1033 1426/3089/1033
f 1308/3098/1010 1405/3099/1010 1307/3090/1010
f 1338/2882/1033 1412/3092/1033 1315/3100/1033
f 1294/3101/1010 1393/3102/1010 1392/3095/1010
f 1327/3103/1033 1425/3097/1033 1328/3104/1033
f 1309/3105/1010 1406/3106/1010 1308/3098/1010
f 1295/3107/1010 1394/3108/1010 1393/3102/1010
f 1327/3103/1033 1423/2892/1033 1424/3109/1033
f 1310/2891/1010 1407/3110/1010 1309/3105/1010
f 1297/2888/1010 1394/3108/1010 1296/3111/1010
f 1514/3112/1011 1387/3113/1012 1434/3114/1011
f 1513/3065/1011 1435/3115/1012 1514/3112/1011
f 1512/3116/1013 1434/3114/1011 1433/3117/1013
f 1470/3118/1058 1537/3119/1058 1469/3120/1058
f 1478/3121/1014 1433/3122/1013 1432/3123/1014
f 1477/3061/1014 1512/3124/1013 1478/3121/1014
f 1510/3125/1015 1432/3123/1014 1431/3126/1015
f 1509/3059/1015 1478/3121/1014 1510/3125/1015
f 1508/3127/1016 1431/3126/1015 1430/3128/1016
f 1458/3129/1059 1528/3130/1059 1530/3131/1059
f 1472/3132/1017 1430/3128/1016 1429/3133/1017
f 1471/3055/1017 1508/3127/1016 1472/3132/1017
f 1506/3134/1018 1429/3133/1017 1428/3135/1018
f 1505/3052/1018 1472/3132/1017 1506/3134/1018
f 1504/3136/1019 1428/3135/1018 1427/3137/1019
f 1467/3138/1060 1536/3139/1060 1468/3140/1060
f 1466/3141/1020 1427/3142/1019 1426/3143/1020
f 1465/3048/1020 1504/3144/1019 1466/3141/1020
f 1502/3145/1021 1426/3143/1020 1425/3146/1021
f 1502/3145/1021 1465/3048/1020 1466/3141/1020
f 1500/3147/1022 1425/3146/1021 1424/3148/1022
f 1461/3149/1061 1533/3150/1061 1531/3151/1061
f 1460/3152/1023 1424/3148/1022 1423/3153/1023
f 1459/3042/1023 1500/3147/1022 1460/3152/1023
f 1498/3154/1024 1423/3153/1023 1422/3155/1024
f 1497/3039/1024 1460/3152/1023 1498/3154/1024
f 1496/3156/1025 1422/3155/1024 1421/3157/1025
f 1464/3158/1062 1533/3159/1062 1463/3160/1062
f 1454/3161/1026 1421/3162/1025 1420/3163/1026
f 1453/3035/1026 1496/3164/1025 1454/3161/1026
f 1494/3165/1027 1420/3163/1026 1419/3166/1027
f 1493/3033/1027 1454/3161/1026 1494/3165/1027
f 1492/3167/1028 1419/3166/1027 1418/3168/1028
f 1462/3169/1063 1534/3170/1063 1464/3171/1063
f 1448/3172/1008 1418/3168/1028 1417/3173/1008
f 1447/3029/1008 1492/3167/1028 1448/3172/1008
f 1490/3174/1007 1417/3173/1008 1416/3175/1007
f 1489/3026/1007 1448/3172/1008 1490/3174/1007
f 1488/3176/1029 1416/3175/1007 1415/3177/1029
f 1461/3178/1064 1532/3179/1064 1462/3180/1064
f 1442/3181/1030 1415/3182/1029 1414/3183/1030
f 1441/3022/1030 1488/3184/1029 1442/3181/1030
f 1486/3185/1031 1414/3183/1030 1413/3186/1031
f 1485/3020/1031 1442/3181/1030 1486/3185/1031
f 1484/3187/1032 1413/3186/1031 1412/3188/1032
f 1467/3189/1065 1537/3190/1065 1535/3191/1065
f 1435/3115/1012 1412/3188/1032 1387/3113/1012
f 1436/3018/1012 1484/3187/1032 1435/3115/1012
f 1438/3192/1066 1483/3017/1032 1437/3193/1066
f 1439/3194/1066 1486/3185/1031 1440/3195/1066
f 1444/3196/1067 1487/3027/1029 1443/3197/1067
f 1445/3198/1067 1490/3174/1007 1446/3199/1067
f 1450/3200/1068 1491/3031/1028 1449/3201/1068
f 1451/3202/1068 1494/3165/1027 1452/3203/1068
f 1456/3204/1069 1495/3040/1025 1455/3205/1069
f 1457/3206/1069 1498/3154/1024 1458/3207/1069
f 1462/3208/1070 1499/3044/1022 1461/3209/1070
f 1464/3210/1070 1501/3046/1021 1502/3145/1021
f 1468/3211/1071 1503/3050/1019 1467/3212/1071
f 1469/3120/1071 1506/3213/1018 1470/3118/1071
f 1474/3214/1072 1507/3057/1016 1473/3215/1072
f 1475/3216/1072 1510/3125/1015 1476/3217/1072
f 1480/3218/1073 1511/3066/1013 1479/3219/1073
f 1481/3220/1073 1514/3112/1011 1482/3221/1073
f 1480/3218/1073 1514/3112/1011 1512/3116/1013
f 1479/3219/1073 1513/3065/1011 1481/3220/1073
f 1474/3214/1072 1510/3125/1015 1508/3127/1016
f 1473/3215/1072 1509/3059/1015 1475/3216/1072
f 1470/3222/1071 1504/3136/1019 1468/3223/1071
f 1467/3224/1071 1505/3052/1018 1469/3225/1071
f 1462/3208/1070 1502/3145/1021 1500/3147/1022
f 1463/3226/1070 1499/3044/1022 1501/3046/1021
f 1456/3204/1069 1498/3154/1024 1496/3156/1025
f 1457/3206/1069 1495/3040/1025 1497/3039/1024
f 1452/3203/1068 1492/3167/1028 1450/3200/1068
f 1451/3202/1068 1491/3031/1028 1493/3033/1027
f 1446/3199/1067 1488/3176/1029 1444/3196/1067
f 1443/3197/1067 1489/3026/1007 1445/3198/1067
f 1438/3192/1066 1486/3185/1031 1484/3187/1032
f 1437/3193/1066 1485/3020/1031 1439/3194/1066
f 1543/3227/1073 1546/3228/1073 1544/3229/1073
f 1539/3230/1072 1542/3231/1072 1540/3232/1072
f 1535/3233/1071 1538/3234/1071 1536/3139/1071
f 1531/3235/1070 1534/3236/1070 1532/3237/1070
f 1527/3238/1069 1530/3239/1069 1528/3240/1069
f 1523/3241/1068 1526/3242/1068 1524/3243/1068
f 1519/3244/1067 1522/3245/1067 1520/3246/1067
f 1515/3247/1066 1518/3248/1066 1516/3249/1066
f 1457/3250/1074 1527/3251/1074 1455/3252/1074
f 1473/3253/1075 1540/3254/1075 1474/3255/1075
f 1450/3256/1076 1526/3257/1076 1452/3258/1076
f 1476/3259/1077 1541/3260/1077 1475/3261/1077
f 1437/3262/1078 1516/3263/1078 1438/3264/1078
f 1449/3265/1079 1525/3266/1079 1523/3267/1079
f 1479/3268/1080 1544/3269/1080 1480/3270/1080
f 1439/3271/1081 1518/3272/1081 1517/3273/1081
f 1446/3274/1082 1520/3275/1082 1522/3276/1082
f 1481/3277/1083 1546/3278/1083 1545/3279/1083
f 1443/3280/1084 1520/3281/1084 1444/3282/1084
f 1445/3283/1085 1519/3284/1085 1443/3285/1085
f 1480/3286/1086 1546/3287/1086 1482/3288/1086
f 1446/3289/1087 1521/3290/1087 1445/3291/1087
f 1440/3292/1088 1516/3293/1088 1518/3294/1088
f 1479/3295/1089 1545/3296/1089 1543/3297/1089
f 1449/3298/1090 1524/3299/1090 1450/3300/1090
f 1439/3301/1091 1515/3302/1091 1437/3303/1091
f 1474/3304/1092 1542/3305/1092 1476/3306/1092
f 1452/3307/1093 1525/3308/1093 1451/3309/1093
f 1475/3310/1094 1539/3311/1094 1473/3312/1094
f 1456/3204/1095 1527/3313/1095 1528/3314/1095
f 1470/3315/1096 1536/3316/1096 1538/3317/1096
f 1457/3318/1097 1530/3319/1097 1529/3320/1097
f 1547/3321/1012 1291/3322/1032 1314/3323/1012
f 1548/3324/1032 1292/3325/1031 1291/3322/1032
f 1549/3326/1031 1293/3327/1030 1292/3325/1031
f 1550/3328/1030 1294/3329/1029 1293/3327/1030
f 1551/3330/1029 1295/3331/1007 1294/3332/1029
f 1552/3333/1007 1296/3334/1008 1295/3331/1007
f 1553/3335/1008 1297/3336/1028 1296/3334/1008
f 1554/3337/1028 1298/3338/1027 1297/3336/1028
f 1555/3339/1027 1299/3340/1026 1298/3338/1027
f 1556/3341/1026 1300/3342/1025 1299/3340/1026
f 1557/3343/1025 1301/3344/1024 1300/3345/1025
f 1558/3346/1024 1302/3347/1023 1301/3344/1024
f 1559/3348/1023 1303/3349/1022 1302/3347/1023
f 1560/3350/1022 1304/3351/1021 1303/3349/1022
f 1561/3352/1021 1305/3353/1020 1304/3351/1021
f 1562/3354/1020 1306/3355/1019 1305/3353/1020
f 1563/3356/1019 1307/3357/1018 1306/3358/1019
f 1564/3359/1018 1308/3360/1017 1307/3357/1018
f 1565/3361/1017 1309/3362/1016 1308/3360/1017
f 1566/3363/1016 1310/3364/1015 1309/3362/1016
f 1567/3365/1015 1311/3366/1014 1310/3364/1015
f 1568/3367/1014 1312/3368/1013 1311/3366/1014
f 1569/3369/1013 1313/3370/1011 1312/3371/1013
f 1570/3372/1011 1314/3323/1012 1313/3370/1011
f 1594/3373/1033 1267/3374/1033 1290/3375/1033
f 1289/3376/1033 1594/3373/1033 1290/3375/1033
f 1592/3377/1033 1289/3376/1033 1288/3378/1033
f 1591/3379/1033 1288/3378/1033 1287/3380/1033
f 1286/3381/1033 1591/3379/1033 1287/3380/1033
f 1589/3382/1033 1286/3381/1033 1285/3383/1033
f 1284/3384/1033 1589/3382/1033 1285/3383/1033
f 1587/3385/1033 1284/3384/1033 1283/3386/1033
f 1586/3387/1033 1283/3386/1033 1282/3388/1033
f 1585/3389/1033 1282/3388/1033 1281/3390/1033
f 1280/3391/1033 1585/3389/1033 1281/3390/1033
f 1583/3392/1033 1280/3391/1033 1279/3393/1033
f 1278/3394/1033 1583/3392/1033 1279/3393/1033
f 1581/3395/1033 1278/3394/1033 1277/3396/1033
f 1276/3397/1033 1581/3395/1033 1277/3396/1033
f 1275/3398/1033 1580/3399/1033 1276/3397/1033
f 1274/3400/1033 1579/3401/1033 1275/3398/1033
f 1577/3402/1033 1274/3400/1033 1273/3403/1033
f 1576/3404/1033 1273/3403/1033 1272/3405/1033
f 1575/3406/1033 1272/3405/1033 1271/3407/1033
f 1574/3408/1033 1271/3407/1033 1270/3409/1033
f 1269/3410/1033 1574/3408/1033 1270/3409/1033
f 1572/3411/1033 1269/3410/1033 1268/3412/1033
f 1267/3374/1033 1572/3411/1033 1268/3412/1033
f 1595/3413/1010 1548/3414/1010 1547/3415/1010
f 1548/3414/1010 1597/3416/1010 1549/3417/1010
f 1597/3416/1010 1550/3418/1010 1549/3417/1010
f 1550/3418/1010 1599/3419/1010 1551/3420/1010
f 1551/3420/1010 1600/3421/1010 1552/3422/1010
f 1552/3422/1010 1601/3423/1010 1553/3424/1010
f 1553/3424/1010 1602/3425/1010 1554/3426/1010
f 1602/3425/1010 1555/3427/1010 1554/3426/1010
f 1603/3428/1010 1556/3429/1010 1555/3427/1010
f 1604/3430/1010 1557/3431/1010 1556/3429/1010
f 1557/3431/1010 1606/3432/1010 1558/3433/1010
f 1606/3432/1010 1559/3434/1010 1558/3433/1010
f 1559/3434/1010 1608/3435/1010 1560/3436/1010
f 1608/3435/1010 1561/3437/1010 1560/3436/1010
f 1561/3437/1010 1610/3438/1010 1562/3439/1010
f 1610/3438/1010 1563/3440/1010 1562/3439/1010
f 1611/3441/1010 1564/3442/1010 1563/3440/1010
f 1612/3443/1010 1565/3444/1010 1564/3442/1010
f 1613/3445/1010 1566/3446/1010 1565/3444/1010
f 1614/3447/1010 1567/3448/1010 1566/3446/1010
f 1615/3449/1010 1568/3450/1010 1567/3448/1010
f 1568/3450/1010 1617/3451/1010 1569/3452/1010
f 1617/3451/1010 1570/3453/1010 1569/3452/1010
f 1570/3453/1010 1595/3413/1010 1547/3415/1010
f 1571/2737/984 1220/2786/984 1222/2738/985
f 1222/2738/985 1224/2741/986 1573/2740/986
f 1224/2741/986 1226/2743/987 1574/2742/987
f 1226/2743/987 1228/2993/988 1575/2744/988
f 1228/2745/988 1230/2748/989 1576/2746/989
f 1230/2748/989 1232/2750/990 1577/2749/990
f 1232/2750/990 1234/3001/991 1578/2751/991
f 1578/2751/991 1234/3001/991 1236/2752/992
f 1579/2753/992 1236/2752/992 1238/2754/993
f 1580/2755/993 1238/2754/993 1240/2756/994
f 1240/2758/994 1242/2987/995 1582/2759/995
f 1582/2759/995 1242/2987/995 1244/2761/996
f 1244/2761/996 1246/2764/997 1584/2763/997
f 1246/2764/997 1248/2766/998 1585/2765/998
f 1248/2766/998 1250/2988/999 1586/2767/999
f 1586/2767/999 1250/2988/999 1252/2768/1000
f 1252/2770/1000 1254/3004/1001 1588/2771/1001
f 1588/2771/1001 1254/3004/1001 1256/2773/1002
f 1256/2773/1002 1258/2776/1003 1590/2775/1003
f 1258/2776/1003 1260/2990/1004 1591/2777/1004
f 1591/2777/1004 1260/2990/1004 1262/2778/1005
f 1592/2779/1005 1262/2778/1005 1264/2780/1006
f 1230/2748/1007 1368/3006/1007 1369/2782/1008
f 1264/2783/1006 1266/2997/1009 1594/2784/1009
f 1594/2784/1009 1266/2997/1009 1220/2786/984
f 1265/2789/1010 1219/3454/1010 1221/3455/1010
f 1221/3455/1010 1223/3456/1010 1265/2789/1010
f 1223/3456/1010 1225/2948/1010 1265/2789/1010
f 1225/2948/1010 1227/2950/1010 1233/2787/1010
f 1227/2950/1010 1229/3457/1010 1233/2787/1010
f 1229/3457/1010 1231/3458/1010 1233/2787/1010
f 1233/2787/1010 1235/2958/1010 1237/2957/1010
f 1237/2957/1010 1239/2960/1010 1241/2962/1010
f 1241/2962/1010 1243/2964/1010 1249/2788/1010
f 1243/2964/1010 1245/3459/1010 1249/2788/1010
f 1245/3459/1010 1247/3460/1010 1249/2788/1010
f 1249/2788/1010 1251/2970/1010 1253/2972/1010
f 1253/2972/1010 1255/2973/1010 1257/3461/1010
f 1257/3461/1010 1259/3462/1010 1261/2978/1010
f 1261/2978/1010 1263/2980/1010 1257/3461/1010
f 1263/2980/1010 1265/2789/1010 1257/3461/1010
f 1233/2787/1010 1237/2957/1010 1249/2788/1010
f 1237/2957/1010 1241/2962/1010 1249/2788/1010
f 1249/2788/1010 1253/2972/1010 1257/3461/1010
f 1265/2789/1010 1225/2948/1010 1233/2787/1010
f 1249/2788/1010 1257/3461/1010 1265/2789/1010
f 1290/2790/1011 1267/2841/1012 1595/2791/1012
f 1289/2793/1013 1290/2790/1011 1618/2792/1011
f 1288/2795/1014 1289/3463/1013 1617/2796/1013
f 1287/2798/1015 1288/2795/1014 1616/2797/1014
f 1286/2800/1016 1287/2798/1015 1615/2799/1015
f 1285/2802/1017 1286/2800/1016 1614/2801/1016
f 1284/2804/1018 1285/2802/1017 1613/2803/1017
f 1283/2806/1019 1284/2804/1018 1612/2805/1018
f 1282/2808/1020 1283/3464/1019 1611/2809/1019
f 1281/2811/1021 1282/2808/1020 1610/2810/1020
f 1280/2813/1022 1281/2811/1021 1609/2812/1021
f 1279/2815/1023 1280/2813/1022 1608/2814/1022
f 1278/2817/1024 1279/2815/1023 1607/2816/1023
f 1277/2819/1025 1278/2817/1024 1606/2818/1024
f 1276/2821/1026 1277/3465/1025 1605/2822/1025
f 1275/2824/1027 1276/2821/1026 1604/2823/1026
f 1274/2826/1028 1275/2824/1027 1603/2825/1027
f 1273/2828/1008 1274/2826/1028 1602/2827/1028
f 1272/2830/1007 1273/2828/1008 1601/2829/1008
f 1271/2832/1029 1272/2830/1007 1600/2831/1007
f 1270/2834/1030 1271/3466/1029 1599/2835/1029
f 1269/2837/1031 1270/2834/1030 1598/2836/1030
f 1268/2839/1032 1269/2837/1031 1597/2838/1031
f 1267/2841/1012 1268/2839/1032 1596/2840/1032
f 1304/2842/1010 1402/3075/1010 1401/2843/1010
f 1333/2845/1033 1332/3072/1033 1429/2846/1033
f 1319/2848/1033 1416/3069/1033 1417/2849/1033
f 1303/2844/1010 1401/2843/1010 1400/2851/1010
f 1334/2853/1033 1333/2845/1033 1430/2847/1033
f 1321/2855/1033 1320/2850/1033 1417/2849/1033
f 1301/2857/1010 1302/2852/1010 1400/2851/1010
f 1335/2859/1033 1334/2853/1033 1431/2854/1033
f 1321/2855/1033 1418/2856/1033 1419/2861/1033
f 1301/2857/1010 1399/2858/1010 1398/2863/1010
f 1336/2865/1033 1335/2859/1033 1432/2860/1033
f 1314/2867/1010 1388/3071/1010 1411/2868/1010
f 1322/2862/1033 1419/2861/1033 1420/2870/1033
f 1299/2872/1010 1300/2864/1010 1398/2863/1010
f 1336/2865/1033 1433/2866/1033 1434/2874/1033
f 1313/2869/1010 1411/2868/1010 1410/2876/1010
f 1323/2871/1033 1420/2870/1033 1421/2878/1033
f 1298/2880/1010 1299/2872/1010 1397/2873/1010
f 1338/2882/1033 1337/2875/1033 1434/2874/1033
f 1312/2877/1010 1410/2876/1010 1409/2884/1010
f 1324/2879/1033 1421/2878/1033 1422/2886/1033
f 1297/2888/1010 1298/2880/1010 1396/2881/1010
f 1311/2885/1010 1409/2884/1010 1408/2890/1010
f 1325/2887/1033 1422/2886/1033 1423/2892/1033
f 1337/2894/1011 1338/2943/1012 1362/2895/1012
f 1360/2897/1013 1336/3467/1013 1337/2894/1011
f 1359/2898/1014 1335/3468/1014 1336/2899/1013
f 1334/2901/1015 1335/3468/1014 1359/2898/1014
f 1333/2903/1016 1334/2901/1015 1358/2902/1015
f 1332/2905/1017 1333/2903/1016 1357/2904/1016
f 1331/2907/1018 1332/2905/1017 1356/2906/1017
f 1354/2909/1019 1330/3469/1019 1331/2907/1018
f 1353/2910/1020 1329/2914/1020 1330/2911/1019
f 1352/2913/1021 1328/3470/1021 1329/2914/1020
f 1327/2915/1022 1328/3470/1021 1352/2913/1021
f 1326/2917/1023 1327/2915/1022 1351/2916/1022
f 1325/2919/1024 1326/2917/1023 1350/2918/1023
f 1324/2921/1025 1325/2919/1024 1349/2920/1024
f 1323/2923/1026 1324/3471/1025 1348/2924/1025
f 1322/2926/1027 1323/2923/1026 1347/2925/1026
f 1321/2928/1028 1322/2926/1027 1346/2927/1027
f 1320/2930/1008 1321/2928/1028 1345/2929/1028
f 1319/2932/1007 1320/2930/1008 1344/2931/1008
f 1318/2934/1029 1319/2932/1007 1343/2933/1007
f 1317/2936/1030 1318/3472/1029 1342/2937/1029
f 1316/2939/1031 1317/2936/1030 1341/2938/1030
f 1315/2941/1032 1316/2939/1031 1340/2940/1031
f 1338/2943/1012 1315/2941/1032 1339/2942/1032
f 1362/2895/1034 1339/2942/1035 1221/2944/1035
f 1221/2944/1035 1339/2942/1035 1340/2940/1036
f 1340/2940/1036 1341/2938/1037 1225/2947/1037
f 1225/2948/1037 1341/3473/1037 1342/2949/1038
f 1342/2935/1038 1343/2933/1039 1229/2951/1039
f 1343/2933/1039 1344/2931/1040 1231/2953/1040
f 1344/2931/1040 1345/2929/1041 1233/2954/1041
f 1345/2929/1041 1346/2927/1042 1235/2955/1042
f 1346/2956/1042 1347/2959/1043 1237/2957/1043
f 1347/2959/1043 1348/3474/1044 1239/2960/1044
f 1239/2960/1044 1348/3474/1044 1349/2961/1045
f 1241/2962/1045 1349/2961/1045 1350/2963/1046
f 1243/2965/1046 1350/2918/1046 1351/2916/1047
f 1351/2916/1047 1352/2913/1048 1247/2967/1048
f 1247/2967/1048 1352/2913/1048 1353/2910/1049
f 1249/2788/1049 1353/3475/1049 1354/2969/1050
f 1251/2970/1050 1354/2969/1050 1355/2971/1051
f 1355/2971/1051 1356/3476/1052 1255/2973/1052
f 1356/2906/1052 1357/2904/1053 1257/2974/1053
f 1357/2904/1053 1358/2902/1054 1259/2976/1054
f 1358/2902/1054 1359/2898/1055 1261/2977/1055
f 1261/2978/1055 1359/3477/1055 1360/2979/1056
f 1263/2980/1056 1360/2979/1056 1361/2981/1057
f 1265/2982/1057 1361/2896/1057 1362/2895/1034
f 1365/2984/1033 1363/3478/1033 1364/3479/1033
f 1364/3479/1033 1386/3480/1033 1385/3481/1033
f 1385/3481/1033 1384/3482/1033 1381/2985/1033
f 1384/3482/1033 1383/3483/1033 1381/2985/1033
f 1383/3483/1033 1382/3484/1033 1381/2985/1033
f 1381/2985/1033 1380/3485/1033 1379/3486/1033
f 1379/3486/1033 1378/3487/1033 1381/2985/1033
f 1378/3487/1033 1377/3488/1033 1381/2985/1033
f 1377/3488/1033 1376/3489/1033 1375/3490/1033
f 1375/3490/1033 1374/3491/1033 1377/3488/1033
f 1374/3491/1033 1373/3492/1033 1377/3488/1033
f 1373/3492/1033 1372/3493/1033 1369/2983/1033
f 1372/3493/1033 1371/3494/1033 1369/2983/1033
f 1371/3494/1033 1370/3495/1033 1369/2983/1033
f 1369/2983/1033 1368/3496/1033 1367/3497/1033
f 1367/3497/1033 1366/3498/1033 1365/2984/1033
f 1365/2984/1033 1364/3479/1033 1381/2985/1033
f 1364/3479/1033 1385/3481/1033 1381/2985/1033
f 1369/2983/1033 1367/3497/1033 1365/2984/1033
f 1381/2985/1033 1377/3488/1033 1373/3492/1033
f 1373/3492/1033 1369/2983/1033 1381/2985/1033
f 1240/2758/1025 1373/3499/1025 1374/2986/1024
f 1250/2988/1020 1378/3008/1020 1379/2989/1019
f 1260/2990/1015 1383/3009/1015 1384/2991/1014
f 1226/2743/1030 1366/3010/1030 1367/2992/1029
f 1236/2752/1027 1371/3011/1027 1372/2994/1026
f 1246/2764/1022 1376/3013/1022 1377/2995/1021
f 1256/2773/1017 1381/3014/1017 1382/2996/1016
f 1266/2997/1011 1386/3015/1011 1364/2998/1012
f 1222/2738/1032 1363/3012/1032 1365/2999/1031
f 1232/2750/1008 1369/2782/1008 1370/3000/1028
f 1242/2987/1024 1374/2986/1024 1375/3002/1023
f 1252/2770/1019 1379/3500/1019 1380/3003/1018
f 1262/2778/1014 1384/2991/1014 1385/3005/1013
f 1228/2745/1029 1367/3501/1029 1368/3006/1007
f 1238/2754/1026 1372/2994/1026 1373/3007/1025
f 1248/2766/1021 1377/2995/1021 1378/3008/1020
f 1258/2776/1016 1382/2996/1016 1383/3009/1015
f 1224/2741/1031 1365/2999/1031 1366/3010/1030
f 1234/3001/1028 1370/3000/1028 1371/3011/1027
f 1220/2786/1012 1364/2998/1012 1363/3012/1032
f 1244/2761/1023 1375/3002/1023 1376/3013/1022
f 1254/3004/1018 1380/3003/1018 1381/3014/1017
f 1264/2783/1013 1385/3502/1013 1386/3015/1011
f 1388/3016/1012 1389/3019/1032 1483/3017/1032
f 1389/3019/1032 1390/3021/1031 1485/3020/1031
f 1390/3021/1031 1391/3023/1030 1441/3022/1030
f 1391/3023/1030 1392/3503/1029 1487/3024/1029
f 1392/3025/1029 1393/3028/1007 1489/3026/1007
f 1393/3028/1007 1394/3030/1008 1447/3029/1008
f 1394/3030/1008 1395/3032/1028 1491/3031/1028
f 1395/3032/1028 1396/3034/1027 1493/3033/1027
f 1396/3034/1027 1397/3036/1026 1453/3035/1026
f 1397/3036/1026 1398/3504/1025 1495/3037/1025
f 1398/3038/1025 1399/3041/1024 1497/3039/1024
f 1399/3041/1024 1400/3043/1023 1459/3042/1023
f 1400/3043/1023 1401/3045/1022 1499/3044/1022
f 1401/3045/1022 1402/3047/1021 1501/3046/1021
f 1402/3047/1021 1403/3049/1020 1465/3048/1020
f 1403/3049/1020 1404/3505/1019 1503/3050/1019
f 1404/3051/1019 1405/3054/1018 1505/3052/1018
f 1405/3054/1018 1406/3056/1017 1471/3055/1017
f 1406/3056/1017 1407/3058/1016 1507/3057/1016
f 1407/3058/1016 1408/3060/1015 1509/3059/1015
f 1408/3060/1015 1409/3062/1014 1477/3061/1014
f 1409/3062/1014 1410/3506/1013 1511/3063/1013
f 1410/3064/1013 1411/3067/1011 1513/3065/1011
f 1411/3067/1011 1388/3016/1012 1436/3018/1012
f 1318/3068/1033 1415/3077/1033 1416/3069/1033
f 1314/2867/1010 1291/3079/1010 1389/3070/1010
f 1332/3072/1033 1331/3080/1033 1428/3073/1033
f 1305/3074/1010 1403/3083/1010 1402/3075/1010
f 1317/3076/1033 1414/3085/1033 1415/3077/1033
f 1292/3078/1010 1390/3087/1010 1389/3070/1010
f 1331/3080/1033 1330/3088/1033 1427/3081/1033
f 1306/3082/1010 1404/3091/1010 1403/3083/1010
f 1316/3084/1033 1413/3093/1033 1414/3085/1033
f 1292/3078/1010 1293/3094/1010 1391/3086/1010
f 1330/3088/1033 1329/3096/1033 1426/3089/1033
f 1307/3090/1010 1405/3099/1010 1404/3091/1010
f 1316/3084/1033 1315/3100/1033 1412/3092/1033
f 1293/3094/1010 1294/3101/1010 1392/3095/1010
f 1329/3096/1033 1328/3104/1033 1425/3097/1033
f 1308/3098/1010 1406/3106/1010 1405/3099/1010
f 1338/2882/1033 1387/2883/1033 1412/3092/1033
f 1294/3101/1010 1295/3107/1010 1393/3102/1010
f 1327/3103/1033 1424/3109/1033 1425/3097/1033
f 1309/3105/1010 1407/3110/1010 1406/3106/1010
f 1295/3107/1010 1296/3111/1010 1394/3108/1010
f 1327/3103/1033 1326/2893/1033 1423/2892/1033
f 1310/2891/1010 1408/2890/1010 1407/3110/1010
f 1297/2888/1010 1395/2889/1010 1394/3108/1010
f 1514/3112/1011 1435/3115/1012 1387/3113/1012
f 1513/3065/1011 1436/3018/1012 1435/3115/1012
f 1512/3116/1013 1514/3112/1011 1434/3114/1011
f 1470/3118/1058 1538/3507/1058 1537/3119/1058
f 1478/3121/1014 1512/3124/1013 1433/3122/1013
f 1477/3061/1014 1511/3063/1013 1512/3124/1013
f 1510/3125/1015 1478/3121/1014 1432/3123/1014
f 1509/3059/1015 1477/3061/1014 1478/3121/1014
f 1508/3127/1016 1510/3125/1015 1431/3126/1015
f 1458/3129/1059 1456/3508/1059 1528/3130/1059
f 1472/3132/1017 1508/3127/1016 1430/3128/1016
f 1471/3055/1017 1507/3057/1016 1508/3127/1016
f 1506/3134/1018 1472/3132/1017 1429/3133/1017
f 1505/3052/1018 1471/3055/1017 1472/3132/1017
f 1504/3136/1019 1506/3134/1018 1428/3135/1018
f 1467/3138/1060 1535/3233/1060 1536/3139/1060
f 1466/3141/1020 1504/3144/1019 1427/3142/1019
f 1465/3048/1020 1503/3050/1019 1504/3144/1019
f 1502/3145/1021 1466/3141/1020 1426/3143/1020
f 1502/3145/1021 1501/3046/1021 1465/3048/1020
f 1500/3147/1022 1502/3145/1021 1425/3146/1021
f 1461/3149/1061 1463/3509/1061 1533/3150/1061
f 1460/3152/1023 1500/3147/1022 1424/3148/1022
f 1459/3042/1023 1499/3044/1022 1500/3147/1022
f 1498/3154/1024 1460/3152/1023 1423/3153/1023
f 1497/3039/1024 1459/3042/1023 1460/3152/1023
f 1496/3156/1025 1498/3154/1024 1422/3155/1024
f 1464/3158/1062 1534/3510/1062 1533/3159/1062
f 1454/3161/1026 1496/3164/1025 1421/3162/1025
f 1453/3035/1026 1495/3037/1025 1496/3164/1025
f 1494/3165/1027 1454/3161/1026 1420/3163/1026
f 1493/3033/1027 1453/3035/1026 1454/3161/1026
f 1492/3167/1028 1494/3165/1027 1419/3166/1027
f 1462/3169/1063 1532/3511/1063 1534/3170/1063
f 1448/3172/1008 1492/3167/1028 1418/3168/1028
f 1447/3029/1008 1491/3031/1028 1492/3167/1028
f 1490/3174/1007 1448/3172/1008 1417/3173/1008
f 1489/3026/1007 1447/3029/1008 1448/3172/1008
f 1488/3176/1029 1490/3174/1007 1416/3175/1007
f 1461/3178/1064 1531/3512/1064 1532/3179/1064
f 1442/3181/1030 1488/3184/1029 1415/3182/1029
f 1441/3022/1030 1487/3024/1029 1488/3184/1029
f 1486/3185/1031 1442/3181/1030 1414/3183/1030
f 1485/3020/1031 1441/3022/1030 1442/3181/1030
f 1484/3187/1032 1486/3185/1031 1413/3186/1031
f 1467/3189/1065 1469/3513/1065 1537/3190/1065
f 1435/3115/1012 1484/3187/1032 1412/3188/1032
f 1436/3018/1012 1483/3017/1032 1484/3187/1032
f 1438/3192/1066 1484/3187/1032 1483/3017/1032
f 1439/3194/1066 1485/3020/1031 1486/3185/1031
f 1444/3196/1067 1488/3176/1029 1487/3027/1029
f 1445/3198/1067 1489/3026/1007 1490/3174/1007
f 1450/3200/1068 1492/3167/1028 1491/3031/1028
f 1451/3202/1068 1493/3033/1027 1494/3165/1027
f 1456/3204/1069 1496/3156/1025 1495/3040/1025
f 1457/3206/1069 1497/3039/1024 1498/3154/1024
f 1462/3208/1070 1500/3147/1022 1499/3044/1022
f 1464/3210/1070 1463/3226/1070 1501/3046/1021
f 1468/3211/1071 1504/3144/1019 1503/3050/1019
f 1469/3120/1071 1505/3514/1018 1506/3213/1018
f 1474/3214/1072 1508/3127/1016 1507/3057/1016
f 1475/3216/1072 1509/3059/1015 1510/3125/1015
f 1480/3218/1073 1512/3116/1013 1511/3066/1013
f 1481/3220/1073 1513/3065/1011 1514/3112/1011
f 1480/3218/1073 1482/3221/1073 1514/3112/1011
f 1479/3219/1073 1511/3066/1013 1513/3065/1011
f 1474/3214/1072 1476/3217/1072 1510/3125/1015
f 1473/3215/1072 1507/3057/1016 1509/3059/1015
f 1470/3222/1071 1506/3134/1018 1504/3136/1019
f 1467/3224/1071 1503/3053/1019 1505/3052/1018
f 1462/3208/1070 1464/3210/1070 1502/3145/1021
f 1463/3226/1070 1461/3209/1070 1499/3044/1022
f 1456/3204/1069 1458/3207/1069 1498/3154/1024
f 1457/3206/1069 1455/3205/1069 1495/3040/1025
f 1452/3203/1068 1494/3165/1027 1492/3167/1028
f 1451/3202/1068 1449/3201/1068 1491/3031/1028
f 1446/3199/1067 1490/3174/1007 1488/3176/1029
f 1443/3197/1067 1487/3027/1029 1489/3026/1007
f 1438/3192/1066 1440/3195/1066 1486/3185/1031
f 1437/3193/1066 1483/3017/1032 1485/3020/1031
f 1543/3227/1073 1545/3515/1073 1546/3228/1073
f 1539/3230/1072 1541/3516/1072 1542/3231/1072
f 1535/3233/1071 1537/3517/1071 1538/3234/1071
f 1531/3235/1070 1533/3518/1070 1534/3236/1070
f 1527/3238/1069 1529/3519/1069 1530/3239/1069
f 1523/3241/1068 1525/3520/1068 1526/3242/1068
f 1519/3244/1067 1521/3521/1067 1522/3245/1067
f 1515/3247/1066 1517/3522/1066 1518/3248/1066
f 1457/3250/1074 1529/3523/1074 1527/3251/1074
f 1473/3253/1075 1539/3524/1075 1540/3254/1075
f 1450/3256/1076 1524/3525/1076 1526/3257/1076
f 1476/3259/1077 1542/3526/1077 1541/3260/1077
f 1437/3262/1078 1515/3527/1078 1516/3263/1078
f 1449/3265/1079 1451/3528/1079 1525/3266/1079
f 1479/3268/1080 1543/3529/1080 1544/3269/1080
f 1439/3271/1081 1440/3530/1081 1518/3272/1081
f 1446/3274/1082 1444/3531/1082 1520/3275/1082
f 1481/3277/1083 1482/3532/1083 1546/3278/1083
f 1443/3280/1084 1519/3533/1084 1520/3281/1084
f 1445/3283/1085 1521/3534/1085 1519/3284/1085
f 1480/3286/1086 1544/3535/1086 1546/3287/1086
f 1446/3289/1087 1522/3536/1087 1521/3290/1087
f 1440/3292/1088 1438/3537/1088 1516/3293/1088
f 1479/3295/1089 1481/3538/1089 1545/3296/1089
f 1449/3298/1090 1523/3539/1090 1524/3299/1090
f 1439/3301/1091 1517/3540/1091 1515/3302/1091
f 1474/3304/1092 1540/3541/1092 1542/3305/1092
f 1452/3307/1093 1526/3542/1093 1525/3308/1093
f 1475/3310/1094 1541/3543/1094 1539/3311/1094
f 1456/3204/1095 1455/3205/1095 1527/3313/1095
f 1470/3315/1096 1468/3544/1096 1536/3316/1096
f 1457/3318/1097 1458/3545/1097 1530/3319/1097
f 1547/3321/1012 1548/3324/1032 1291/3322/1032
f 1548/3324/1032 1549/3326/1031 1292/3325/1031
f 1549/3326/1031 1550/3328/1030 1293/3327/1030
f 1550/3328/1030 1551/3546/1029 1294/3329/1029
f 1551/3330/1029 1552/3333/1007 1295/3331/1007
f 1552/3333/1007 1553/3335/1008 1296/3334/1008
f 1553/3335/1008 1554/3337/1028 1297/3336/1028
f 1554/3337/1028 1555/3339/1027 1298/3338/1027
f 1555/3339/1027 1556/3341/1026 1299/3340/1026
f 1556/3341/1026 1557/3547/1025 1300/3342/1025
f 1557/3343/1025 1558/3346/1024 1301/3344/1024
f 1558/3346/1024 1559/3348/1023 1302/3347/1023
f 1559/3348/1023 1560/3350/1022 1303/3349/1022
f 1560/3350/1022 1561/3352/1021 1304/3351/1021
f 1561/3352/1021 1562/3354/1020 1305/3353/1020
f 1562/3354/1020 1563/3548/1019 1306/3355/1019
f 1563/3356/1019 1564/3359/1018 1307/3357/1018
f 1564/3359/1018 1565/3361/1017 1308/3360/1017
f 1565/3361/1017 1566/3363/1016 1309/3362/1016
f 1566/3363/1016 1567/3365/1015 1310/3364/1015
f 1567/3365/1015 1568/3367/1014 1311/3366/1014
f 1568/3367/1014 1569/3549/1013 1312/3368/1013
f 1569/3369/1013 1570/3372/1011 1313/3370/1011
f 1570/3372/1011 1547/3321/1012 1314/3323/1012
f 1594/3373/1033 1571/3550/1033 1267/3374/1033
f 1289/3376/1033 1593/3551/1033 1594/3373/1033
f 1592/3377/1033 1593/3551/1033 1289/3376/1033
f 1591/3379/1033 1592/3377/1033 1288/3378/1033
f 1286/3381/1033 1590/3552/1033 1591/3379/1033
f 1589/3382/1033 1590/3552/1033 1286/3381/1033
f 1284/3384/1033 1588/3553/1033 1589/3382/1033
f 1587/3385/1033 1588/3553/1033 1284/3384/1033
f 1586/3387/1033 1587/3385/1033 1283/3386/1033
f 1585/3389/1033 1586/3387/1033 1282/3388/1033
f 1280/3391/1033 1584/3554/1033 1585/3389/1033
f 1583/3392/1033 1584/3554/1033 1280/3391/1033
f 1278/3394/1033 1582/3555/1033 1583/3392/1033
f 1581/3395/1033 1582/3555/1033 1278/3394/1033
f 1276/3397/1033 1580/3399/1033 1581/3395/1033
f 1275/3398/1033 1579/3401/1033 1580/3399/1033
f 1274/3400/1033 1578/3556/1033 1579/3401/1033
f 1577/3402/1033 1578/3556/1033 1274/3400/1033
f 1576/3404/1033 1577/3402/1033 1273/3403/1033
f 1575/3406/1033 1576/3404/1033 1272/3405/1033
f 1574/3408/1033 1575/3406/1033 1271/3407/1033
f 1269/3410/1033 1573/3557/1033 1574/3408/1033
f 1572/3411/1033 1573/3557/1033 1269/3410/1033
f 1267/3374/1033 1571/3550/1033 1572/3411/1033
f 1595/3413/1010 1596/3558/1010 1548/3414/1010
f 1548/3414/1010 1596/3558/1010 1597/3416/1010
f 1597/3416/1010 1598/3559/1010 1550/3418/1010
f 1550/3418/1010 1598/3559/1010 1599/3419/1010
f 1551/3420/1010 1599/3419/1010 1600/3421/1010
f 1552/3422/1010 1600/3421/1010 1601/3423/1010
f 1553/3424/1010 1601/3423/1010 1602/3425/1010
f 1602/3425/1010 1603/3428/1010 1555/3427/1010
f 1603/3428/1010 1604/3430/1010 1556/3429/1010
f 1604/3430/1010 1605/3560/1010 1557/3431/1010
f 1557/3431/1010 1605/3560/1010 1606/3432/1010
f 1606/3432/1010 1607/3561/1010 1559/3434/1010
f 1559/3434/1010 1607/3561/1010 1608/3435/1010
f 1608/3435/1010 1609/3562/1010 1561/3437/1010
f 1561/3437/1010 1609/3562/1010 1610/3438/1010
f 1610/3438/1010 1611/3441/1010 1563/3440/1010
f 1611/3441/1010 1612/3443/1010 1564/3442/1010
f 1612/3443/1010 1613/3445/1010 1565/3444/1010
f 1613/3445/1010 1614/3447/1010 1566/3446/1010
f 1614/3447/1010 1615/3449/1010 1567/3448/1010
f 1615/3449/1010 1616/3563/1010 1568/3450/1010
f 1568/3450/1010 1616/3563/1010 1617/3451/1010
f 1617/3451/1010 1618/3564/1010 1570/3453/1010
f 1570/3453/1010 1618/3564/1010 1595/3413/1010
o Cylinder.008
v 0.000000 0.410916 0.071225
v 0.015053 0.408935 0.071225
v 0.029080 0.403124 0.071225
v 0.041126 0.393882 0.071225
v 0.050368 0.381836 0.071225
v 0.056179 0.367809 0.071225
v 0.058161 0.352756 0.071225
v 0.056179 0.337703 0.071225
v 0.050368 0.323676 0.071225
v 0.041126 0.311630 0.071225
v 0.029080 0.302387 0.071225
v 0.015053 0.296577 0.071225
v 0.000000 0.294595 0.071225
v -0.015053 0.296577 0.071225
v -0.029080 0.302387 0.071225
v -0.041126 0.311630 0.071225
v -0.050368 0.323676 0.071225
v -0.056179 0.337703 0.071225
v -0.058160 0.352756 0.071225
v -0.056179 0.367809 0.071225
v -0.050368 0.381836 0.071225
v -0.041126 0.393882 0.071225
v -0.029080 0.403124 0.071225
v -0.015053 0.408935 0.071225
v 0.025392 0.447522 0.132768
v 0.049054 0.437721 0.132768
v 0.069373 0.422129 0.132768
v 0.084965 0.401810 0.132768
v 0.094766 0.378148 0.132768
v 0.098109 0.352756 0.132768
v 0.094766 0.327363 0.132768
v 0.084965 0.303701 0.132768
v 0.069373 0.283382 0.132768
v 0.049054 0.267791 0.132768
v 0.025392 0.257990 0.132768
v 0.000000 0.254647 0.132768
v -0.025392 0.257990 0.132768
v -0.049054 0.267791 0.132768
v -0.069373 0.283382 0.132768
v -0.084965 0.303701 0.132768
v -0.094766 0.327363 0.132768
v -0.098109 0.352756 0.132768
v -0.094766 0.378148 0.132768
v -0.084965 0.401810 0.132768
v -0.069373 0.422129 0.132768
v -0.049054 0.437721 0.132768
v -0.025392 0.447522 0.132768
v 0.000000 0.450865 0.132768
v 0.000000 0.459139 0.132768
v 0.027534 0.455515 0.132768
v 0.053192 0.444887 0.132768
v 0.075225 0.427980 0.132768
v 0.092131 0.405948 0.132768
v 0.102759 0.380290 0.132768
v 0.106384 0.352756 0.132768
v 0.102759 0.325222 0.132768
v 0.092131 0.299564 0.132768
v 0.075225 0.277531 0.132768
v 0.053192 0.260625 0.132768
v 0.027534 0.249997 0.132768
v 0.000000 0.246372 0.132768
v -0.027534 0.249997 0.132768
v -0.053192 0.260625 0.132768
v -0.075225 0.277531 0.132768
v -0.092131 0.299564 0.132768
v -0.102759 0.325222 0.132768
v -0.106384 0.352756 0.132768
v -0.102759 0.380290 0.132768
v -0.092131 0.405948 0.132768
v -0.075225 0.427980 0.132768
v -0.053192 0.444887 0.132768
v -0.027534 0.455515 0.132768
v 0.000000 0.397589 0.078269
v 0.011604 0.396061 0.078269
v 0.022417 0.391583 0.078269
v 0.031702 0.384458 0.078269
v 0.038827 0.375172 0.078269
v 0.043306 0.364359 0.078269
v 0.044833 0.352756 0.078269
v 0.043306 0.341152 0.078269
v 0.038827 0.330339 0.078269
v 0.031702 0.321054 0.078269
v 0.022417 0.313929 0.078269
v 0.011604 0.309450 0.078269
v 0.000000 0.307922 0.078269
v -0.011604 0.309450 0.078269
v -0.022417 0.313929 0.078269
v -0.031702 0.321054 0.078269
v -0.038827 0.330339 0.078269
v -0.043306 0.341152 0.078269
v -0.044833 0.352756 0.078269
v -0.043306 0.364359 0.078269
v -0.038827 0.375172 0.078269
v -0.031702 0.384458 0.078269
v -0.022417 0.391583 0.078269
v -0.011604 0.396061 0.078269
vt 0.295718 0.797839
vt 0.249367 0.817039
vt 0.255915 0.767298
vt 0.260085 0.741530
vt 0.270781 0.765341
vt 0.263219 0.765341
vt 0.287275 0.745110
vt 0.278085 0.767298
vt 0.284633 0.771079
vt 0.309033 0.761805
vt 0.289980 0.776426
vt 0.293761 0.782974
vt 0.315949 0.773783
vt 0.295718 0.790278
vt 0.319529 0.787143
vt 0.319529 0.800974
vt 0.293761 0.805143
vt 0.315949 0.814334
vt 0.289980 0.811692
vt 0.309033 0.826312
vt 0.284633 0.817039
vt 0.287275 0.843008
vt 0.278085 0.820819
vt 0.273916 0.846587
vt 0.270781 0.822776
vt 0.263219 0.822776
vt 0.260085 0.846587
vt 0.255915 0.820819
vt 0.234747 0.836092
vt 0.244020 0.811692
vt 0.218051 0.814334
vt 0.240239 0.805143
vt 0.238282 0.797839
vt 0.214471 0.800974
vt 0.238282 0.790278
vt 0.214471 0.787143
vt 0.240239 0.782974
vt 0.218051 0.773783
vt 0.244020 0.776426
vt 0.234747 0.752025
vt 0.249367 0.771079
vt 0.778417 0.686328
vt 0.783522 0.658901
vt 0.788570 0.661815
vt 0.826859 0.602423
vt 0.839148 0.608933
vt 0.835879 0.611442
vt 0.817390 0.592238
vt 0.829368 0.599153
vt 0.803492 0.592744
vt 0.815813 0.596045
vt 0.790737 0.592744
vt 0.804030 0.588658
vt 0.778417 0.596045
vt 0.790199 0.588658
vt 0.767370 0.602423
vt 0.776840 0.592238
vt 0.755081 0.608933
vt 0.764862 0.599153
vt 0.758351 0.611442
vt 0.748166 0.620911
vt 0.751973 0.622488
vt 0.744586 0.634271
vt 0.748672 0.647564
vt 0.748672 0.634809
vt 0.751973 0.659885
vt 0.744586 0.648102
vt 0.755082 0.673440
vt 0.748166 0.661462
vt 0.767370 0.679950
vt 0.758351 0.670931
vt 0.764862 0.683220
vt 0.790199 0.693715
vt 0.776840 0.690135
vt 0.803492 0.689629
vt 0.790737 0.689629
vt 0.815813 0.686328
vt 0.804030 0.693715
vt 0.826859 0.679950
vt 0.817390 0.690135
vt 0.839148 0.673440
vt 0.829368 0.683220
vt 0.835879 0.670931
vt 0.846064 0.661462
vt 0.842256 0.659885
vt 0.849643 0.648102
vt 0.845558 0.647564
vt 0.849643 0.634271
vt 0.842256 0.622488
vt 0.845558 0.634809
vt 0.846064 0.620911
vt 0.788570 0.620558
vt 0.810707 0.623472
vt 0.805659 0.661815
vt 0.779401 0.627594
vt 0.819252 0.638272
vt 0.794200 0.663324
vt 0.776486 0.632642
vt 0.817743 0.632642
vt 0.800029 0.663324
vt 0.774978 0.638272
vt 0.814829 0.627594
vt 0.805659 0.620558
vt 0.774978 0.644101
vt 0.800029 0.619049
vt 0.810707 0.658901
vt 0.776486 0.649731
vt 0.794200 0.619049
vt 0.814829 0.654779
vt 0.779401 0.654779
vt 0.817743 0.649731
vt 0.783522 0.623472
vt 0.819252 0.644101
vt 0.273916 0.741530
vt 0.299253 0.752025
vt 0.299253 0.836092
vt 0.246725 0.843008
vt 0.224967 0.826312
vt 0.224967 0.761805
vt 0.246725 0.745110
vn 0.0000 0.0000 -1.0000
vn -0.0000 0.7871 -0.6168
vn 0.2037 0.7603 -0.6168
vn 0.3936 0.6817 -0.6168
vn 0.5566 0.5566 -0.6168
vn 0.6817 0.3936 -0.6168
vn 0.7603 0.2037 -0.6168
vn 0.7871 -0.0000 -0.6168
vn 0.7603 -0.2037 -0.6168
vn 0.6817 -0.3936 -0.6168
vn 0.5566 -0.5566 -0.6168
vn 0.3936 -0.6817 -0.6168
vn 0.2037 -0.7603 -0.6168
vn 0.0000 -0.7871 -0.6168
vn -0.2037 -0.7603 -0.6168
vn -0.3936 -0.6817 -0.6168
vn -0.5566 -0.5566 -0.6168
vn -0.6817 -0.3936 -0.6168
vn -0.7603 -0.2037 -0.6168
vn -0.7871 0.0000 -0.6168
vn -0.7603 0.2037 -0.6168
vn -0.6817 0.3936 -0.6168
vn -0.5566 0.5566 -0.6168
vn -0.3936 0.6817 -0.6168
vn -0.2037 0.7603 -0.6168
vn 0.3575 0.6193 0.6990
vn 0.1851 0.6907 0.6990
vn 0.0000 0.0000 1.0000
vn -0.7151 -0.0000 0.6990
vn -0.6907 0.1851 0.6990
vn 0.5056 -0.5056 0.6990
vn 0.3575 -0.6193 0.6990
vn 0.5056 0.5056 0.6990
vn -0.6193 0.3575 0.6990
vn 0.1851 -0.6907 0.6990
vn 0.0000 -0.7151 0.6990
vn -0.1851 -0.6907 0.6990
vn 0.6193 0.3575 0.6990
vn -0.5056 0.5056 0.6990
vn -0.3575 -0.6193 0.6990
vn 0.6907 0.1851 0.6990
vn -0.3575 0.6193 0.6990
vn -0.5056 -0.5056 0.6990
vn 0.7151 0.0000 0.6990
vn -0.1851 0.6907 0.6990
vn -0.6193 -0.3575 0.6990
vn 0.6907 -0.1851 0.6990
vn 0.0000 0.7151 0.6990
vn -0.6907 -0.1851 0.6990
vn 0.6193 -0.3575 0.6990
usemtl Metal
s 1
f 1626/3565/1098 1634/3566/1098 1642/3567/1098
f 1667/3568/1099 1620/3569/1100 1619/3570/1099
f 1620/3569/1100 1669/3571/1101 1621/3572/1101
f 1669/3571/1101 1622/3573/1102 1621/3572/1101
f 1622/3573/1102 1671/3574/1103 1623/3575/1103
f 1671/3574/1103 1624/3576/1104 1623/3575/1103
f 1672/3577/1104 1625/3578/1105 1624/3576/1104
f 1673/3579/1105 1626/3565/1106 1625/3578/1105
f 1674/3580/1106 1627/3581/1107 1626/3565/1106
f 1675/3582/1107 1628/3583/1108 1627/3581/1107
f 1676/3584/1108 1629/3585/1109 1628/3583/1108
f 1629/3585/1109 1678/3586/1110 1630/3587/1110
f 1630/3587/1110 1679/3588/1111 1631/3589/1111
f 1679/3588/1111 1632/3590/1112 1631/3589/1111
f 1680/3591/1112 1633/3592/1113 1632/3590/1112
f 1633/3592/1113 1682/3593/1114 1634/3566/1114
f 1682/3593/1114 1635/3594/1115 1634/3566/1114
f 1635/3594/1115 1684/3595/1116 1636/3596/1116
f 1684/3595/1116 1637/3597/1117 1636/3596/1116
f 1685/3598/1117 1638/3599/1118 1637/3597/1117
f 1686/3600/1118 1639/3601/1119 1638/3599/1118
f 1687/3602/1119 1640/3603/1120 1639/3601/1119
f 1640/3603/1120 1689/3604/1121 1641/3605/1121
f 1689/3604/1121 1642/3567/1122 1641/3605/1121
f 1642/3567/1122 1667/3568/1099 1619/3570/1099
f 1656/3606/1123 1704/3607/1124 1705/3608/1123
f 1643/3609/1125 1667/3610/1125 1666/3611/1125
f 1643/3609/1125 1669/3612/1125 1668/3613/1125
f 1645/3614/1125 1669/3612/1125 1644/3615/1125
f 1646/3616/1125 1670/3617/1125 1645/3614/1125
f 1647/3618/1125 1671/3619/1125 1646/3616/1125
f 1648/3620/1125 1672/3621/1125 1647/3618/1125
f 1648/3620/1125 1674/3622/1125 1673/3623/1125
f 1649/3624/1125 1675/3625/1125 1674/3622/1125
f 1650/3626/1125 1676/3627/1125 1675/3625/1125
f 1652/3628/1125 1676/3627/1125 1651/3629/1125
f 1653/3630/1125 1677/3631/1125 1652/3628/1125
f 1653/3630/1125 1679/3632/1125 1678/3633/1125
f 1655/3634/1125 1679/3632/1125 1654/3635/1125
f 1656/3606/1125 1680/3636/1125 1655/3634/1125
f 1656/3606/1125 1682/3637/1125 1681/3638/1125
f 1658/3639/1125 1682/3637/1125 1657/3640/1125
f 1659/3641/1125 1683/3642/1125 1658/3639/1125
f 1660/3643/1125 1684/3644/1125 1659/3641/1125
f 1660/3643/1125 1686/3645/1125 1685/3646/1125
f 1661/3647/1125 1687/3648/1125 1686/3645/1125
f 1662/3649/1125 1688/3650/1125 1687/3648/1125
f 1663/3651/1125 1689/3652/1125 1688/3650/1125
f 1665/3653/1125 1689/3652/1125 1664/3654/1125
f 1665/3653/1125 1667/3610/1125 1690/3655/1125
f 1696/3656/1125 1692/3657/1125 1708/3658/1125
f 1648/3620/1126 1698/3659/1127 1649/3624/1127
f 1663/3651/1128 1713/3660/1129 1664/3654/1129
f 1657/3640/1130 1705/3608/1123 1706/3661/1130
f 1649/3624/1127 1699/3662/1131 1650/3626/1131
f 1664/3654/1129 1714/3663/1132 1665/3653/1132
f 1666/3611/1133 1692/3657/1134 1643/3609/1134
f 1657/3640/1130 1707/3664/1135 1658/3639/1135
f 1650/3626/1131 1700/3665/1136 1651/3629/1136
f 1666/3611/1133 1714/3663/1132 1691/3666/1133
f 1644/3615/1137 1692/3657/1134 1693/3667/1137
f 1658/3639/1135 1708/3658/1138 1659/3641/1138
f 1651/3629/1136 1701/3668/1139 1652/3628/1139
f 1645/3614/1140 1693/3667/1137 1694/3669/1140
f 1659/3641/1138 1709/3670/1141 1660/3643/1141
f 1652/3628/1139 1702/3671/1142 1653/3630/1142
f 1646/3616/1143 1694/3669/1140 1695/3672/1143
f 1660/3643/1141 1710/3673/1144 1661/3647/1144
f 1654/3635/1145 1702/3671/1142 1703/3674/1145
f 1647/3618/1146 1695/3672/1143 1696/3656/1146
f 1661/3647/1144 1711/3675/1147 1662/3649/1147
f 1654/3635/1145 1704/3607/1124 1655/3634/1124
f 1647/3618/1146 1697/3676/1126 1648/3620/1126
f 1663/3651/1128 1711/3675/1147 1712/3677/1128
f 1642/3567/1098 1619/3570/1098 1620/3569/1098
f 1620/3569/1098 1621/3572/1098 1642/3567/1098
f 1621/3572/1098 1622/3573/1098 1642/3567/1098
f 1622/3573/1098 1623/3575/1098 1626/3565/1098
f 1623/3575/1098 1624/3576/1098 1626/3565/1098
f 1624/3576/1098 1625/3578/1098 1626/3565/1098
f 1626/3565/1098 1627/3581/1098 1628/3583/1098
f 1628/3583/1098 1629/3585/1098 1630/3587/1098
f 1630/3587/1098 1631/3589/1098 1634/3566/1098
f 1631/3589/1098 1632/3590/1098 1634/3566/1098
f 1632/3590/1098 1633/3592/1098 1634/3566/1098
f 1634/3566/1098 1635/3594/1098 1636/3596/1098
f 1636/3596/1098 1637/3597/1098 1638/3599/1098
f 1638/3599/1098 1639/3601/1098 1640/3603/1098
f 1640/3603/1098 1641/3605/1098 1638/3599/1098
f 1641/3605/1098 1642/3567/1098 1638/3599/1098
f 1626/3565/1098 1628/3583/1098 1634/3566/1098
f 1628/3583/1098 1630/3587/1098 1634/3566/1098
f 1634/3566/1098 1636/3596/1098 1638/3599/1098
f 1642/3567/1098 1622/3573/1098 1626/3565/1098
f 1634/3566/1098 1638/3599/1098 1642/3567/1098
f 1667/3568/1099 1668/3678/1100 1620/3569/1100
f 1620/3569/1100 1668/3678/1100 1669/3571/1101
f 1669/3571/1101 1670/3679/1102 1622/3573/1102
f 1622/3573/1102 1670/3679/1102 1671/3574/1103
f 1671/3574/1103 1672/3577/1104 1624/3576/1104
f 1672/3577/1104 1673/3579/1105 1625/3578/1105
f 1673/3579/1105 1674/3580/1106 1626/3565/1106
f 1674/3580/1106 1675/3582/1107 1627/3581/1107
f 1675/3582/1107 1676/3584/1108 1628/3583/1108
f 1676/3584/1108 1677/3680/1109 1629/3585/1109
f 1629/3585/1109 1677/3680/1109 1678/3586/1110
f 1630/3587/1110 1678/3586/1110 1679/3588/1111
f 1679/3588/1111 1680/3591/1112 1632/3590/1112
f 1680/3591/1112 1681/3681/1113 1633/3592/1113
f 1633/3592/1113 1681/3681/1113 1682/3593/1114
f 1682/3593/1114 1683/3682/1115 1635/3594/1115
f 1635/3594/1115 1683/3682/1115 1684/3595/1116
f 1684/3595/1116 1685/3598/1117 1637/3597/1117
f 1685/3598/1117 1686/3600/1118 1638/3599/1118
f 1686/3600/1118 1687/3602/1119 1639/3601/1119
f 1687/3602/1119 1688/3683/1120 1640/3603/1120
f 1640/3603/1120 1688/3683/1120 1689/3604/1121
f 1689/3604/1121 1690/3684/1122 1642/3567/1122
f 1642/3567/1122 1690/3684/1122 1667/3568/1099
f 1656/3606/1123 1655/3634/1124 1704/3607/1124
f 1643/3609/1125 1668/3613/1125 1667/3610/1125
f 1643/3609/1125 1644/3615/1125 1669/3612/1125
f 1645/3614/1125 1670/3617/1125 1669/3612/1125
f 1646/3616/1125 1671/3619/1125 1670/3617/1125
f 1647/3618/1125 1672/3621/1125 1671/3619/1125
f 1648/3620/1125 1673/3623/1125 1672/3621/1125
f 1648/3620/1125 1649/3624/1125 1674/3622/1125
f 1649/3624/1125 1650/3626/1125 1675/3625/1125
f 1650/3626/1125 1651/3629/1125 1676/3627/1125
f 1652/3628/1125 1677/3631/1125 1676/3627/1125
f 1653/3630/1125 1678/3633/1125 1677/3631/1125
f 1653/3630/1125 1654/3635/1125 1679/3632/1125
f 1655/3634/1125 1680/3636/1125 1679/3632/1125
f 1656/3606/1125 1681/3638/1125 1680/3636/1125
f 1656/3606/1125 1657/3640/1125 1682/3637/1125
f 1658/3639/1125 1683/3642/1125 1682/3637/1125
f 1659/3641/1125 1684/3644/1125 1683/3642/1125
f 1660/3643/1125 1685/3646/1125 1684/3644/1125
f 1660/3643/1125 1661/3647/1125 1686/3645/1125
f 1661/3647/1125 1662/3649/1125 1687/3648/1125
f 1662/3649/1125 1663/3651/1125 1688/3650/1125
f 1663/3651/1125 1664/3654/1125 1689/3652/1125
f 1665/3653/1125 1690/3655/1125 1689/3652/1125
f 1665/3653/1125 1666/3611/1125 1667/3610/1125
f 1692/3657/1125 1691/3666/1125 1712/3677/1125
f 1691/3666/1125 1714/3663/1125 1712/3677/1125
f 1714/3663/1125 1713/3660/1125 1712/3677/1125
f 1712/3677/1125 1711/3675/1125 1710/3673/1125
f 1710/3673/1125 1709/3670/1125 1712/3677/1125
f 1709/3670/1125 1708/3658/1125 1712/3677/1125
f 1708/3658/1125 1707/3664/1125 1706/3661/1125
f 1706/3661/1125 1705/3608/1125 1704/3607/1125
f 1704/3607/1125 1703/3674/1125 1702/3671/1125
f 1702/3671/1125 1701/3668/1125 1704/3607/1125
f 1701/3668/1125 1700/3665/1125 1704/3607/1125
f 1700/3665/1125 1699/3662/1125 1698/3659/1125
f 1698/3659/1125 1697/3676/1125 1700/3665/1125
f 1697/3676/1125 1696/3656/1125 1700/3665/1125
f 1696/3656/1125 1695/3672/1125 1694/3669/1125
f 1694/3669/1125 1693/3667/1125 1692/3657/1125
f 1708/3658/1125 1706/3661/1125 1700/3665/1125
f 1706/3661/1125 1704/3607/1125 1700/3665/1125
f 1696/3656/1125 1694/3669/1125 1692/3657/1125
f 1692/3657/1125 1712/3677/1125 1708/3658/1125
f 1700/3665/1125 1696/3656/1125 1708/3658/1125
f 1648/3620/1126 1697/3676/1126 1698/3659/1127
f 1663/3651/1128 1712/3677/1128 1713/3660/1129
f 1657/3640/1130 1656/3606/1123 1705/3608/1123
f 1649/3624/1127 1698/3659/1127 1699/3662/1131
f 1664/3654/1129 1713/3660/1129 1714/3663/1132
f 1666/3611/1133 1691/3666/1133 1692/3657/1134
f 1657/3640/1130 1706/3661/1130 1707/3664/1135
f 1650/3626/1131 1699/3662/1131 1700/3665/1136
f 1666/3611/1133 1665/3653/1132 1714/3663/1132
f 1644/3615/1137 1643/3609/1134 1692/3657/1134
f 1658/3639/1135 1707/3664/1135 1708/3658/1138
f 1651/3629/1136 1700/3665/1136 1701/3668/1139
f 1645/3614/1140 1644/3615/1137 1693/3667/1137
f 1659/3641/1138 1708/3658/1138 1709/3670/1141
f 1652/3628/1139 1701/3668/1139 1702/3671/1142
f 1646/3616/1143 1645/3614/1140 1694/3669/1140
f 1660/3643/1141 1709/3670/1141 1710/3673/1144
f 1654/3635/1145 1653/3630/1142 1702/3671/1142
f 1647/3618/1146 1646/3616/1143 1695/3672/1143
f 1661/3647/1144 1710/3673/1144 1711/3675/1147
f 1654/3635/1145 1703/3674/1145 1704/3607/1124
f 1647/3618/1146 1696/3656/1146 1697/3676/1126
f 1663/3651/1128 1662/3649/1147 1711/3675/1147
o Cube.013_Cube.014
v -0.110964 0.046751 -0.284696
v -0.110964 0.046751 -0.040236
v -0.110964 0.162451 -0.359998
v -0.110964 0.068442 -0.654815
v -0.110964 0.069823 -0.400806
v -0.110964 0.113220 0.072386
v 0.110964 0.046751 -0.284696
v 0.110964 0.046751 -0.040236
v 0.110964 0.162451 -0.359998
v 0.110964 0.068442 -0.654815
v 0.110964 0.069823 -0.400806
v 0.110964 0.113220 0.072386
v 0.067591 -0.048166 0.013325
v 0.067591 -0.048166 0.077551
v 0.067591 -0.048166 -0.354635
v 0.110964 0.004232 -0.316026
v 0.110964 0.004232 0.075874
v 0.110964 0.004233 -0.702201
v 0.110964 0.004232 -0.016243
v 0.067591 -0.048166 -0.740871
v -0.067591 -0.048166 0.013325
v -0.067591 -0.048166 0.077551
v -0.067591 -0.048166 -0.354635
v -0.110964 0.004232 -0.316026
v -0.110964 0.004232 0.075874
v -0.110964 0.004233 -0.702201
v -0.110964 0.004232 -0.016243
v -0.067591 -0.048166 -0.740871
v 0.110964 0.162380 0.037735
v -0.110964 0.162380 0.037735
vt 0.293801 0.629130
vt 0.319910 0.650731
vt 0.293801 0.739656
vt 0.923245 0.568291
vt 0.873142 0.457766
vt 0.923245 0.457766
vt 0.800316 0.432588
vt 0.800316 0.322062
vt 0.839817 0.322062
vt 0.324997 0.000937
vt 0.214471 0.199018
vt 0.214471 0.000937
vt 0.542117 0.710406
vt 0.652642 0.588658
vt 0.652642 0.710406
vt 0.239494 0.629130
vt 0.214471 0.739656
vt 0.214471 0.629130
vt 0.624092 0.200892
vt 0.691416 0.393248
vt 0.624092 0.393248
vt 0.186501 0.389274
vt 0.154523 0.365675
vt 0.153836 0.239172
vt 0.611157 0.930085
vt 0.611157 0.819559
vt 0.638675 0.841160
vt 0.873927 0.322062
vt 0.894592 0.322062
vt 0.920060 0.343663
vt 0.762164 0.175713
vt 0.794150 0.108388
vt 0.794150 0.175713
vt 0.025455 0.405961
vt 0.000972 0.388703
vt 0.058559 0.349872
vt 0.186501 0.001772
vt 0.212597 0.032923
vt 0.186501 0.047649
vt 0.212597 0.216177
vt 0.212597 0.408533
vt 0.079734 0.407698
vt 0.105830 0.376547
vt 0.105830 0.408533
vt 0.079734 0.020196
vt 0.105830 0.193293
vt 0.079734 0.212521
vt 0.203929 0.410407
vt 0.093403 0.536912
vt 0.093403 0.410407
vt 0.319910 0.718055
vt 0.239494 0.739656
vt 0.873142 0.568291
vt 0.872052 0.343663
vt 0.872052 0.410987
vt 0.839817 0.432588
vt 0.324997 0.199018
vt 0.542117 0.588658
vt 0.691416 0.200892
vt 0.107704 0.218848
vt 0.165326 0.181346
vt 0.107739 0.020766
vt 0.165326 0.059598
vt 0.132222 0.003509
vt 0.186501 0.196949
vt 0.623484 0.819559
vt 0.638675 0.908484
vt 0.623484 0.930085
vt 0.920060 0.410987
vt 0.873927 0.432588
vt 0.894592 0.432588
vt 0.762164 0.108388
vt 0.000937 0.190622
vt 0.047068 0.170298
vt 0.058559 0.228124
vt 0.047756 0.043795
vt 0.079734 0.361821
vt 0.212597 0.000937
vt 0.105830 0.000937
vt 0.203929 0.536912
vn 0.0000 0.0320 0.9995
vn 0.0000 0.4032 -0.9151
vn 0.0000 0.5938 -0.8046
vn 0.0000 1.0000 0.0002
vn 0.0000 -1.0000 0.0000
vn 0.0000 0.5761 0.8174
vn 1.0000 -0.0000 0.0000
vn 0.0000 -0.4914 -0.8709
vn 0.0000 -0.5932 0.8051
vn -1.0000 0.0000 0.0000
vn 0.7703 -0.6376 -0.0000
vn -0.7703 -0.6376 -0.0000
vn 0.0000 1.0000 -0.0054
usemtl Metal
s 1
f 1739/3685/1148 1736/3686/1148 1731/3687/1148
f 1719/3688/1149 1723/3689/1149 1725/3690/1149
f 1718/3691/1150 1724/3692/1150 1732/3693/1150
f 1717/3694/1151 1743/3695/1151 1723/3696/1151
f 1716/3697/1152 1721/3698/1152 1722/3699/1152
f 1720/3700/1153 1743/3701/1153 1744/3702/1153
f 1742/3703/1152 1729/3704/1152 1737/3705/1152
f 1732/3706/1154 1724/3707/1154 1725/3708/1154
f 1716/3709/1155 1722/3710/1155 1727/3711/1155
f 1715/3712/1156 1738/3713/1156 1737/3714/1156
f 1735/3715/1152 1728/3716/1152 1736/3717/1152
f 1720/3718/1157 1744/3719/1157 1716/3720/1157
f 1731/3721/1158 1727/3722/1158 1733/3723/1158
f 1732/3706/1158 1729/3724/1158 1734/3725/1158
f 1739/3726/1159 1735/3727/1159 1736/3728/1159
f 1740/3729/1159 1737/3730/1159 1738/3731/1159
f 1718/3732/1160 1725/3733/1160 1724/3734/1160
f 1736/3686/1148 1728/3735/1148 1731/3687/1148
f 1731/3687/1148 1726/3736/1148 1720/3700/1148
f 1720/3700/1148 1739/3685/1148 1731/3687/1148
f 1719/3688/1149 1717/3737/1149 1723/3689/1149
f 1732/3693/1150 1734/3738/1150 1742/3739/1150
f 1742/3739/1150 1740/3740/1150 1732/3693/1150
f 1740/3740/1150 1718/3691/1150 1732/3693/1150
f 1717/3694/1151 1744/3741/1151 1743/3695/1151
f 1716/3697/1152 1715/3742/1152 1721/3698/1152
f 1720/3700/1153 1726/3736/1153 1743/3701/1153
f 1742/3703/1152 1734/3743/1152 1729/3704/1152
f 1725/3708/1154 1723/3744/1154 1721/3745/1154
f 1723/3744/1154 1743/3746/1154 1722/3747/1154
f 1721/3745/1154 1723/3744/1154 1722/3747/1154
f 1743/3746/1154 1726/3748/1154 1722/3747/1154
f 1726/3748/1154 1731/3721/1154 1733/3723/1154
f 1722/3747/1154 1726/3748/1154 1733/3723/1154
f 1721/3745/1154 1730/3749/1154 1725/3708/1154
f 1730/3749/1154 1732/3706/1154 1725/3708/1154
f 1722/3710/1155 1733/3750/1155 1727/3711/1155
f 1727/3711/1155 1735/3751/1155 1716/3709/1155
f 1735/3751/1155 1741/3752/1155 1716/3709/1155
f 1737/3714/1156 1729/3753/1156 1721/3754/1156
f 1729/3753/1156 1730/3755/1156 1721/3754/1156
f 1721/3754/1156 1715/3712/1156 1737/3714/1156
f 1735/3715/1152 1727/3756/1152 1728/3716/1152
f 1744/3719/1157 1717/3757/1157 1716/3720/1157
f 1717/3757/1157 1719/3758/1157 1715/3759/1157
f 1716/3720/1157 1717/3757/1157 1715/3759/1157
f 1719/3758/1157 1718/3760/1157 1740/3729/1157
f 1740/3729/1157 1738/3731/1157 1719/3758/1157
f 1738/3731/1157 1715/3759/1157 1719/3758/1157
f 1716/3720/1157 1741/3761/1157 1720/3718/1157
f 1741/3761/1157 1739/3726/1157 1720/3718/1157
f 1731/3721/1158 1728/3762/1158 1727/3722/1158
f 1732/3706/1158 1730/3749/1158 1729/3724/1158
f 1739/3726/1159 1741/3761/1159 1735/3727/1159
f 1740/3729/1159 1742/3763/1159 1737/3730/1159
f 1718/3732/1160 1719/3764/1160 1725/3733/1160
